"Adresse","Inhaltstyp","Status-Code","Status","Indexierbarkeit","Indexierbarkeitsstatus","Inlinks","Antwortzeit","Umleitungs-URL","Umleitungs-Typ"
"https://www.ehip.eu/","text/html; charset=UTF-8","200","OK","Indexierbar","","1917","1,062","",""
"https://www.ehip.eu/files/_assets/img/logo/footer-youtube.png","image/png","200","OK","Indexierbar","","0","0,024","",""
"https://www.ehip.eu/assets/images/a/startseite-ehip-bildungsbereiche-marketing-15c4315b.webp","image/webp","200","OK","Indexierbar","","0","0,108","",""
"https://www.ehip.eu/assets/images/c/logo-akkreditierungsrat-63207888.svg","image/svg+xml","200","OK","Indexierbar","","0","0,084","",""
"https://www.ehip.eu/files/_assets/js/jentis_ehip.js","application/javascript","200","OK","Indexierbar","","0","0,076","",""
"https://www.ehip.eu/study-guide/dein-studiensupport/","text/html; charset=UTF-8","200","OK","Indexierbar","","250","0,335","",""
"https://www.ehip.eu/assets/images/5/ehip-probestudium-start-1ad7c928.jpg","image/jpeg","200","OK","Indexierbar","","0","0,089","",""
"https://www.ehip.eu/study-guide/digitale-lerntools/","text/html; charset=UTF-8","200","OK","Indexierbar","","250","0,370","",""
"https://www.ehip.eu/assets/images/d/bachelor-gesundheitsmanagement-fernstudium-ehip-hauptbild-e995d117.webp","image/webp","200","OK","Indexierbar","","0","0,077","",""
"https://www.ehip.eu/files/_assets/img/logo/footer-tiktok.png","image/png","200","OK","Indexierbar","","0","0,081","",""
"https://www.ehip.eu/study-guide/studieren-mit-ihk-abschluss/","text/html; charset=UTF-8","200","OK","Indexierbar","","250","0,405","",""
"https://www.ehip.eu/ueber-uns/qualitaet/","text/html; charset=UTF-8","200","OK","Indexierbar","","247","1,017","",""
"https://www.ehip.eu/study-guide/gebuehrenmodelle/","text/html; charset=UTF-8","200","OK","Indexierbar","","284","0,530","",""
"https://www.linkedin.com/school/ehip-hochschule","text/html","999","Request denied","Indexierbar","","123","1,085","",""
"https://www.ehip.eu/assets/images/0/startseite-ehip-bildungsbereiche-gesundheit-3dbbc564.webp","image/webp","200","OK","Indexierbar","","0","0,076","",""
"https://www.ehip.eu/marketing-und-kommunikation-bachelorstudiengaenge/","text/html; charset=UTF-8","200","OK","Indexierbar","","250","0,335","",""
"https://www.ehip.eu/assets/images/f/logo-wissenschaftsrat-dcb77cc8.png","image/png","200","OK","Indexierbar","","0","0,022","",""
"https://www.ehip.eu/hochschule/karriere/","text/html; charset=UTF-8","200","OK","Indexierbar","","386","0,803","",""
"https://www.youtube.com/@ehip.hochschule","application/binary","302","Found","Nicht indexierbar","Umgeleitet","123","0,035","https://consent.youtube.com/m?continue=https%3A%2F%2Fwww.youtube.com%2F%40ehip.hochschule%3Fcbrd%3D1&gl=DE&m=0&pc=yt&cm=2&hl=de&src=1","HTTP-Umleitung"
"https://www.ehip.eu/coming-soon-duale-studiengaenge-unternehmen/","text/html; charset=UTF-8","200","OK","Indexierbar","","7","0,866","",""
"https://www.ehip.eu/study-guide/fernstudium-finanzieren/","text/html; charset=UTF-8","200","OK","Indexierbar","","247","0,234","",""
"https://www.ehip.eu/fernstudium/bachelor/sportmanagement-studium/","text/html; charset=UTF-8","200","OK","Indexierbar","","270","2,812","",""
"https://www.ehip.eu/fernstudium/bachelor/fernstudium-fitnesstraining-fitnessmanagement","text/html","301","Moved Permanently","Nicht indexierbar","Umgeleitet","250","0,022","https://www.ehip.eu/fernstudium/bachelor/fernstudium-fitnesstraining-fitnessmanagement/","HTTP-Umleitung"
"https://www.ehip.eu/fernstudium/bachelor/fernstudium-fitnesstraining-fitnessmanagement/","text/html; charset=UTF-8","200","OK","Indexierbar","","15","2,828","",""
"https://www.ehip.eu/fernstudium/bachelor/ernaehrungswissenschaften-fernstudium/","text/html; charset=UTF-8","200","OK","Indexierbar","","394","2,843","",""
"https://www.ehip.eu/datenschutz/","text/html; charset=UTF-8","200","OK","Indexierbar","","165","0,216","",""
"https://www.ehip.eu/hochschule/team/","text/html; charset=UTF-8","200","OK","Nicht indexierbar","noindex","249","1,168","",""
"https://www.ehip.eu/assets/images/2/bachelor-ernaehrungsberatung-management-ehip-hauptbild-d7356706.webp","image/webp","200","OK","Indexierbar","","0","0,044","",""
"https://www.ehip.eu/assets/images/2/startseite-ehip-vorteile-dekoration-3-f37d3e11.webp","image/webp","200","OK","Indexierbar","","0","0,071","",""
"https://www.ehip.eu/vertrag-kuendigen/","text/html; charset=UTF-8","200","OK","Nicht indexierbar","noindex","126","0,198","",""
"https://www.ehip.eu/assets/images/3/startseite-ehip-zielgruppe-berufstätige-8b7ab37b.webp","image/webp","200","OK","Indexierbar","","0","0,025","",""
"https://www.ehip.eu/assets/images/3/fernstudium-direkt-siegel-59df69ea.png","image/png","200","OK","Indexierbar","","0","0,101","",""
"https://www.ehip.eu/fernstudium/bachelor/fernstudium-sportwissenschaft-ernaehrungswissenschaft/","text/html; charset=UTF-8","200","OK","Indexierbar","","16","2,889","",""
"https://www.instagram.com/ehip.hochschule/","text/html; charset=""utf-8""","200","OK","Indexierbar","","123","0,227","",""
"https://www.ehip.eu/ueber-uns/fernstudium-erfahrungen/","text/html; charset=UTF-8","200","OK","Indexierbar","","247","0,397","",""
"https://www.ehip.eu/assets/images/b/startseite-ehip-vorteile-dekoration-1-7e3adc35.webp","image/webp","200","OK","Indexierbar","","0","0,069","",""
"https://www.ehip.eu/study-guide/studieren-aus-dem-ausland/","text/html; charset=UTF-8","200","OK","Indexierbar","","253","0,408","",""
"https://www.ehip.eu/study-guide/deine-studienberatung/","text/html; charset=UTF-8","200","OK","Indexierbar","","281","0,306","",""
"https://www.ehip.eu/kontaktformular/","text/html; charset=UTF-8","200","OK","Nicht indexierbar","noindex","449","0,193","",""
"https://www.ehip.eu/fernstudium/bachelor/fernstudium-sportwissenschaft-ernaehrungswissenschaft","text/html","301","Moved Permanently","Nicht indexierbar","Umgeleitet","253","0,032","https://www.ehip.eu/fernstudium/bachelor/fernstudium-sportwissenschaft-ernaehrungswissenschaft/","HTTP-Umleitung"
"https://www.ehip.eu/assets/images/2/bachelor-fitnesstraining-ehip-hauptbild-84218a90.webp","image/webp","200","OK","Indexierbar","","0","0,107","",""
"https://www.ehip.eu/study-guide/deine-bruecke-zu-uns/","text/html; charset=UTF-8","200","OK","Indexierbar","","254","0,343","",""
"https://www.ehip.eu/fernstudium/bachelor/digital-marketing-studium/","text/html; charset=UTF-8","200","OK","Indexierbar","","391","3,607","",""
"https://www.ehip.eu/assets/images/5/top-fernhochschule-fernstudiumcheck-871f5aa2.png","image/png","200","OK","Indexierbar","","0","0,024","",""
"https://www.ehip.eu/study-guide/studium-und-job/","text/html; charset=UTF-8","200","OK","Indexierbar","","256","0,489","",""
"https://www.ehip.eu/bachelor-studiengaenge/","text/html; charset=UTF-8","200","OK","Indexierbar","","407","0,338","",""
"https://www.ehip.eu/fernstudium/bachelor/e-learning-studium/","text/html; charset=UTF-8","200","OK","Indexierbar","","382","3,618","",""
"https://www.ehip.eu/kalender-studienberatung/","text/html; charset=UTF-8","200","OK","Nicht indexierbar","noindex","199","0,174","",""
"https://www.ehip.eu/assets/images/7/logo-staatliche-anerkennung_ehip-4f020123.svg","image/svg+xml","200","OK","Indexierbar","","0","0,024","",""
"https://www.ehip.eu/assets/js/vanilla-js-carousel.js,script.js,moment-with-locales.js,datepick...-81244751.js","application/javascript","200","OK","Indexierbar","","0","0,043","",""
"https://www.ehip.eu/study-guide/voraussetzungen/","text/html; charset=UTF-8","200","OK","Indexierbar","","273","0,419","",""
"https://www.ehip.eu/fernstudium/bachelor/bwl-fernstudium/","text/html; charset=UTF-8","200","OK","Indexierbar","","408","3,000","",""
"https://www.ehip.eu/files/_assets/img/logo/logo-ehip-mobile.png","image/png","200","OK","Indexierbar","","0","0,022","",""
"https://www.ehip.eu/study-guide/pruefungsformen/","text/html; charset=UTF-8","200","OK","Indexierbar","","250","0,509","",""
"https://www.ehip.eu/assets/images/6/vph-logo-5159c680.png","image/png","200","OK","Indexierbar","","0","0,024","",""
"https://www.tiktok.com/@ehip_hochschule","text/html; charset=utf-8","200","OK","Indexierbar","","123","0,649","",""
"https://www.ehip.eu/study-guide/warum-ehip/","text/html; charset=UTF-8","200","OK","Indexierbar","","250","0,422","",""
"https://www.ehip.eu/fernstudium/bachelor/fernstudium-ernaehrungsberatung-ernaehrungsmanagement/","text/html; charset=UTF-8","200","OK","Indexierbar","","11","2,783","",""
"https://www.ehip.eu/study-guide/studium-alleinerziehend/","text/html; charset=UTF-8","200","OK","Indexierbar","","250","0,482","",""
"https://www.ehip.eu/coming-soon-duale-studiengaenge/","text/html; charset=UTF-8","200","OK","Indexierbar","","6","0,862","",""
"https://www.ehip.eu/files/_assets/img/logo/footer-xing.png","image/png","200","OK","Indexierbar","","0","0,021","",""
"https://www.ehip.eu/study-guide/wegweiser/","text/html; charset=UTF-8","200","OK","Indexierbar","","250","0,272","",""
"https://www.ehip.eu/files/_assets/img/logo/footer-facebook.png","image/png","200","OK","Indexierbar","","0","0,025","",""
"https://www.ehip.eu/assets/images/3/bachelor-betriebswirtschaftlehre-ehip-hauptbild-9e7c0530.webp","image/webp","200","OK","Indexierbar","","0","0,093","",""
"https://www.ehip.eu/fernstudium/bachelor/fernstudium-ernaehrungsberatung-ernaehrungsmanagement","text/html","301","Moved Permanently","Nicht indexierbar","Umgeleitet","246","0,068","https://www.ehip.eu/fernstudium/bachelor/fernstudium-ernaehrungsberatung-ernaehrungsmanagement/","HTTP-Umleitung"
"https://www.ehip.eu/assets/images/e/bachelor-ernährungswissenschaft-fernstudium-ehip-hauptbild-7f059161.webp","image/webp","200","OK","Indexierbar","","0","0,069","",""
"https://www.ehip.eu/fernstudium/bachelor/international-management-studium/","text/html; charset=UTF-8","200","OK","Indexierbar","","384","2,614","",""
"https://www.xing.com/pages/ehip-europaeische-hochschule-fuer-innovation-und-perspektive","text/html; charset=utf-8","200","OK","Indexierbar","","123","1,546","",""
"https://www.ehip.eu/infoveranstaltung/","text/html; charset=UTF-8","200","OK","Nicht indexierbar","noindex","280","0,270","",""
"https://www.ehip.eu/study-guide/studieren-mit-familie/","text/html; charset=UTF-8","200","OK","Indexierbar","","253","0,507","",""
"https://www.ehip.eu/fernstudium/bachelor/fernstudium-personalmanagement/","text/html; charset=UTF-8","200","OK","Indexierbar","","390","2,792","",""
"https://www.ehip.eu/assets/images/8/startseite-ehip-zielgruppe-quereinsteiger-8a76e526.webp","image/webp","200","OK","Indexierbar","","0","0,026","",""
"https://www.ehip.eu/assets/images/7/bachelor-international-management-studium-ehip-05ae5046.webp","image/webp","200","OK","Indexierbar","","0","0,025","",""
"https://www.ehip.eu/study-guide/dein-anmeldeprozess/","text/html; charset=UTF-8","200","OK","Indexierbar","","250","0,450","",""
"https://www.ehip.eu/assets/images/c/bachelor-sport-ernaehrungswissenschaft-ehip-hauptbild-a10bd534.webp","image/webp","200","OK","Indexierbar","","0","0,084","",""
"https://www.ehip.eu/assets/images/a/bachelor-e-learning-management-fernstudium-ehip-hauptbild-41d0d434.webp","image/webp","200","OK","Indexierbar","","0","0,050","",""
"https://www.googletagmanager.com/ns.html?id=GTM-5HJBJ72","text/html; charset=UTF-8","200","OK","Indexierbar","","0","0,091","",""
"https://www.ehip.eu/assets/images/f/deine-finanzierungsmoeglichkeiten-landingpage-ehip-step1-674ce29a.webp","image/webp","200","OK","Indexierbar","","0","0,095","",""
"https://www.ehip.eu/study-guide/deine-finanzierungsmoeglichkeiten/","text/html; charset=UTF-8","200","OK","Indexierbar","","295","0,477","",""
"https://www.ehip.eu/fernstudium/bachelor/fitnesswissenschaft-fernstudium","text/html","301","Moved Permanently","Nicht indexierbar","Umgeleitet","369","0,078","https://www.ehip.eu/fernstudium/bachelor/fitnesswissenschaft-fernstudium/","HTTP-Umleitung"
"https://www.ehip.eu/impressum/","text/html; charset=UTF-8","200","OK","Indexierbar","","126","0,228","",""
"https://www.ehip.eu/assets/images/4/startseite-ehip-zielgruppe-abiturienten-81c3dafb.webp","image/webp","200","OK","Indexierbar","","0","0,029","",""
"https://www.ehip.eu/files/_assets/img/logo/footer-linkedin.png","image/png","200","OK","Indexierbar","","0","0,027","",""
"https://myfocus.ehip.eu/","text/html","200","OK","Indexierbar","","245","0,101","",""
"https://www.ehip.eu/assets/images/3/bachelor-sportmanagement-fernstudium-ehip-hauptbild-b48f42dd.webp","image/webp","200","OK","Indexierbar","","0","0,083","",""
"https://www.ehip.eu/assets/images/4/logo-zfu-zugelassen-40cddf95.svg","image/svg+xml","200","OK","Indexierbar","","0","0,096","",""
"https://www.ehip.eu/assets/images/f/bachelor-digital-marketing-fernstudium-ehip-0d9d3f59.webp","image/webp","200","OK","Indexierbar","","0","0,081","",""
"https://wa.me/message/JA65JZ53VPF2F1","","0","Von robots.txt gesperrt","Nicht indexierbar","Von robots.txt gesperrt","191","","",""
"https://www.ehip.eu/assets/images/d/startseite-ehip-vorteile-ersatzbild-bf25a0cd.webp","image/webp","200","OK","Indexierbar","","0","0,086","",""
"https://www.ehip.eu/files/_assets/img/logo/footer-instagram.png","image/png","200","OK","Indexierbar","","0","0,066","",""
"https://www.ehip.eu/assets/images/7/startseite-ehip-chancen-3cfbd830.webp","image/webp","200","OK","Indexierbar","","0","0,090","",""
"https://www.ehip.eu/assets/css/reset.min.css,bootstrap.trk17.min.css,container.trk17.min.css,el...-2fa76154.css","text/css","200","OK","Indexierbar","","0","0,097","",""
"https://www.ehip.eu/assets/images/2/bachelor-personalmanagement-fernstudium-ehip-hauptbild-4c10b0f8.webp","image/webp","200","OK","Indexierbar","","0","0,088","",""
"https://www.ehip.eu/study-guide/deine-studieninformationen/","text/html; charset=UTF-8","200","OK","Indexierbar","","257","0,407","",""
"https://www.ehip.eu/files/_assets/img/logo/logo-ehip-white-small.png","image/png","200","OK","Indexierbar","","0","0,078","",""
"https://www.ehip.eu/assets/images/3/logo-ministerium-fuer-wissenschaft-bw-01c21876.png","image/png","200","OK","Indexierbar","","0","0,024","",""
"https://www.ehip.eu/fernstudium/bachelor/gesundheitsmanagement-studium/","text/html; charset=UTF-8","200","OK","Indexierbar","","267","2,870","",""
"https://www.ehip.eu/assets/images/3/startseite-ehip-vorteile-dekoration-2-0b2012f4.webp","image/webp","200","OK","Indexierbar","","0","0,107","",""
"https://www.facebook.com/ehip.fernhochschule","text/html; charset=""utf-8""","200","OK","Indexierbar","","123","0,117","",""
"https://www.ehip.eu/fernstudium/","text/html; charset=UTF-8","200","OK","Indexierbar","","465","0,385","",""
"https://www.ehip.eu/assets/images/a/startseite-ehip-deine-bedingungen-6fcb9aa3.webp","image/webp","200","OK","Indexierbar","","0","0,023","",""
"https://www.ehip.eu/hochschule/","text/html; charset=UTF-8","200","OK","Indexierbar","","266","0,336","",""
"https://www.ehip.eu/assets/images/c/bachelor-fitnesswissenschaft-fernstudium-ehip-hauptbild-8e1a1a42.webp","image/webp","200","OK","Indexierbar","","0","0,025","",""
"https://www.ehip.eu/study-guide/","text/html; charset=UTF-8","200","OK","Indexierbar","","282","0,355","",""
"https://www.ehip.eu/study-guide/dein-leben-dein-studium/","text/html; charset=UTF-8","200","OK","Indexierbar","","256","0,433","",""
"https://www.ehip.eu/study-guide/deine-lernwelt/","text/html; charset=UTF-8","200","OK","Indexierbar","","255","0,479","",""
"https://www.ehip.eu/study-guide/dein-studium/","text/html; charset=UTF-8","200","OK","Indexierbar","","264","0,469","",""
"https://www.ehip.eu/files/_assets/img/logo/logo-ehip.png","image/png","200","OK","Indexierbar","","0","0,023","",""
"https://www.ehip.eu/wer-kann-bei-uns-studieren/","text/html; charset=UTF-8","200","OK","Indexierbar","","8","0,398","",""
"https://www.ehip.eu/files/_assets/img/logo/logo-ehip-white.png","image/png","200","OK","Indexierbar","","0","0,022","",""
"https://www.ehip.eu/bachelor-of-arts/","text/html; charset=UTF-8","200","OK","Indexierbar","","73","0,217","",""
"https://www.ehip.eu/ueber-uns/","text/html; charset=UTF-8","200","OK","Indexierbar","","374","0,430","",""
"https://www.ehip.eu/study-guide/anrechnung-und-anerkennung/","text/html; charset=UTF-8","200","OK","Indexierbar","","273","0,434","",""
"https://www.ehip.eu/assets/images/0/startseite-ehip-bildungsbereiche-wirtschaft-neu-6f991d24.webp","image/webp","200","OK","Indexierbar","","0","0,022","",""
"https://www.ehip.eu/assets/images/c/ehip-logo-bundesverband-der-fernstudienanbieter-21502664.png","image/png","200","OK","Indexierbar","","0","0,071","",""
"https://www.ehip.eu/studienplatz-sichern/","text/html; charset=UTF-8","200","OK","Nicht indexierbar","noindex","305","0,293","",""
"https://www.ehip.eu/assets/images/3/logo-kursfinder-517bac8d.png","image/png","200","OK","Indexierbar","","0","0,088","",""
"https://www.ehip.eu/wirtschaft-und-management-bachelorstudiengaenge/","text/html; charset=UTF-8","200","OK","Indexierbar","","254","0,305","",""
"https://www.ehip.eu/study-guide/bafoeg-fernstudium/","text/html; charset=UTF-8","200","OK","Indexierbar","","248","0,271","",""
"https://www.ehip.eu/assets/images/9/duale-studiengaenge-coming-soon-60a35eb6.webp","image/webp","200","OK","Indexierbar","","0","0,023","",""
"https://www.ehip.eu/study-guide/studieren-direkt-nach-abitur/","text/html; charset=UTF-8","200","OK","Indexierbar","","251","0,459","",""
"https://www.ehip.eu/gesundheit-bachelorstudiengaenge/","text/html; charset=UTF-8","200","OK","Indexierbar","","252","0,271","",""
"https://www.ehip.eu/assets/images/0/dein-studiensupport-ehip-landingpage-study-coach-086ea81e.webp","image/webp","200","OK","Indexierbar","","0","0,026","",""
"https://www.ehip.eu/study-guide/lernkonzept-focus/","text/html; charset=UTF-8","200","OK","Indexierbar","","284","0,312","",""
"https://www.ehip.eu/assets/images/6/bachelor-kategorieseite-ehip-stage-cf843b4f.webp","image/webp","200","OK","Indexierbar","","0","0,028","",""
"https://www.ehip.eu/ehip/","text/html; charset=UTF-8","302","Found","Nicht indexierbar","Umgeleitet","113","0,035","https://www.ehip.eu/","HTTP-Umleitung"
"https://www.ehip.eu/study-guide/online-campus/","text/html; charset=UTF-8","200","OK","Indexierbar","","321","0,283","",""
"https://www.ehip.eu/assets/css/reset.min.css,bootstrap.trk17.min.css,container.trk17.min.css,el...-6fe44bda.css","text/css","200","OK","Indexierbar","","0","0,030","",""
"https://www.ehip.eu/assets/images/5/dein-studiensupport-ehip-landingpage-professorin-dozierende-496955e3.webp","image/webp","200","OK","Indexierbar","","0","0,072","",""
"https://www.ehip.eu/assets/images/c/online-working-spaces-6267d074.webp","image/webp","200","OK","Indexierbar","","0","0,072","",""
"https://www.ehip.eu/assets/images/d/live-online-sprechstunden-f8315404.webp","image/webp","200","OK","Indexierbar","","0","0,077","",""
"https://www.ehip.eu/assets/css/reset.min.css,bootstrap.trk17.min.css,container.trk17.min.css,el...-2d300168.css","text/css","200","OK","Indexierbar","","0","0,100","",""
"https://www.ehip.eu/assets/images/f/dein-leben-deine-ziele-dein-erfolg-landingpage-ehip-stage-51bd85d4.webp","image/webp","200","OK","Indexierbar","","0","0,108","",""
"https://www.ehip.eu/assets/css/reset.min.css,bootstrap.trk17.min.css,container.trk17.min.css,el...-1014eddc.css","text/css","200","OK","Indexierbar","","0","0,105","",""
"https://www.ehip.eu/files/userfiles/study-guide/dein-leben-deine-ziele-dein-erfolg/studieren-mit-ihk-fortbildungsabschluss-landingpage-ehip-profitiere-doppelt.webp","image/webp","200","OK","Indexierbar","","0","0,099","",""
"https://www.ehip.eu/files/userfiles/study-guide/dein-studium/deine-finanzierungsmoeglichkeiten-ehip.webp","image/webp","200","OK","Indexierbar","","0","0,107","",""
"https://www.ehip.eu/files/userfiles/study-guide/dein-studium/studieren-als-fachwirt-betriebswirt-meister-ehip.webp","image/webp","200","OK","Indexierbar","","0","0,110","",""
"https://www.ehip.eu/files/userfiles/study-guide/deine-bruecke-zu-uns/studienberatung_ehip.webp.webp","image/webp","200","OK","Indexierbar","","0","0,120","",""
"https://www.ehip.eu/assets/images/4/vph-logo-825c3577.png","image/png","200","OK","Indexierbar","","0","0,120","",""
"https://www.wissenschaftsrat.de/DE/Aufgabenfelder/Akkreditierungen/akkreditierungen_node.html","text/html;charset=utf-8","200","OK","Indexierbar","","3","0,029","",""
"https://www.ehip.eu/assets/images/0/logo-zfu-zugelassen-4a0dc203.svg","image/svg+xml","200","OK","Indexierbar","","0","0,106","",""
"https://www.ehip.eu/files/_assets/img/icons/custom/rueckruf-footer.png","image/png","200","OK","Indexierbar","","0","0,077","",""
"https://www.ehip.eu/assets/images/c/logo-akkreditierungsrat-9338e1fd.svg","image/svg+xml","200","OK","Indexierbar","","0","0,074","",""
"https://www.ehip.eu/files/_assets/img/icons/phone.svg","image/svg+xml","200","OK","Indexierbar","","0","0,074","",""
"https://www.ehip.eu/files/_assets/img/icons/edit.svg","image/svg+xml","200","OK","Indexierbar","","0","0,076","",""
"https://www.ehip.eu/studieren-als-fachwirt-betriebswirt-meister/","text/html; charset=UTF-8","200","OK","Indexierbar","","12","0,535","",""
"https://www.ehip.eu/files/_assets/img/icons/footer-whatsapp-sw-1.png","image/png","200","OK","Indexierbar","","0","0,069","",""
"https://mwk.baden-wuerttemberg.de/de/hochschulen-studium","text/html; charset=utf-8","200","OK","Indexierbar","","3","0,128","",""
"https://www.ehip.eu/assets/images/8/stage-qualitaet-ehip-6779df91.webp","image/webp","200","OK","Indexierbar","","0","0,045","",""
"https://private-hochschulen.net/home","text/html;charset=utf-8","200","OK","Indexierbar","","3","0,110","",""
"https://www.akkreditierungsrat.de/index.php/de","text/html; charset=UTF-8","200","OK","Indexierbar","","3","0,119","",""
"https://www.fernstudienanbieter.de/","text/html; charset=utf-8","200","OK","Indexierbar","","3","0,357","",""
"https://www.ehip.eu/assets/css/reset.min.css,bootstrap.trk17.min.css,container.trk17.min.css,el...-609a2348.css","text/css","200","OK","Indexierbar","","0","0,110","",""
"https://www.ehip.eu/assets/images/c/studienbetreuung-gruppenbild-be385b3a.webp","image/webp","200","OK","Indexierbar","","0","0,097","",""
"https://www.ehip.eu/assets/images/4/logo-ministerium-fuer-wissenschaft-bw-f183455a.png","image/png","200","OK","Indexierbar","","0","0,088","",""
"https://www.ehip.eu/assets/images/7/logo-wissenschaftsrat-a4bef2c8.png","image/png","200","OK","Indexierbar","","0","0,072","",""
"https://www.ehip.eu/assets/images/f/ehip-logo-bundesverband-der-fernstudienanbieter-7846a439.png","image/png","200","OK","Indexierbar","","0","0,091","",""
"https://www.ehip.eu/files/userfiles/elemente/study_price/balance-icon.svg","image/svg+xml","200","OK","Indexierbar","","0","0,103","",""
"https://www.ehip.eu/files/userfiles/study-guide/deine-bruecke-zu-uns/studieninformationen_webp.webp","image/webp","200","OK","Indexierbar","","0","0,133","",""
"https://www.ehip.eu/assets/images/3/dein-studium-ehip-stage-f40a4520.webp","image/webp","200","OK","Indexierbar","","0","0,076","",""
"https://www.ehip.eu/files/userfiles/elemente/study_price/sprint-icon.svg","image/svg+xml","200","OK","Indexierbar","","0","0,112","",""
"https://www.ehip.eu/files/userfiles/study-guide/deine-lernwelt/focus-lernkonzept-landingpage-ehip.webp","image/webp","200","OK","Indexierbar","","0","0,102","",""
"https://www.ehip.eu/assets/css/reset.min.css,bootstrap.trk17.min.css,container.trk17.min.css,el...-dd872332.css","text/css","200","OK","Indexierbar","","0","0,112","",""
"https://www.ehip.eu/files/userfiles/elemente/study_price/flex-icon.svg","image/svg+xml","200","OK","Indexierbar","","0","0,100","",""
"https://www.ehip.eu/studienplatz-sichern/?id=","text/html; charset=UTF-8","200","OK","Nicht indexierbar","Canonicalised,noindex","110","0,340","",""
"https://www.ehip.eu/assets/images/b/bachelor-marketing-kommunikation-ehip-fernstudium-infos-2-2504962c.webp","image/webp","200","OK","Indexierbar","","0","0,024","",""
"https://www.ehip.eu/files/_assets/img/deco/Frau-am-Laptop-mit-Icons.webp","image/webp","200","OK","Indexierbar","","0","0,099","",""
"https://www.ehip.eu/assets/images/a/bachelor-digital-marketing-fernstudium-ehip-stage-86dfc33e.webp","image/webp","200","OK","Indexierbar","","0","0,093","",""
"https://www.ehip.eu/fernstudium/bachelor/international-marketing-management/","text/html; charset=UTF-8","301","Moved Permanently","Nicht indexierbar","Umgeleitet","2","0,102","https://www.ehip.eu/fernstudium/bachelor/international-management-studium/","HTTP-Umleitung"
"https://www.ehip.eu/assets/css/reset.min.css,bootstrap.trk17.min.css,container.trk17.min.css,mo...-14c49a8d.css","text/css","200","OK","Indexierbar","","0","0,117","",""
"https://www.ehip.eu/assets/images/7/bachelor-marketing-kommunikation-ehip-fernstudium-infos-1-390485b6.webp","image/webp","200","OK","Indexierbar","","0","0,112","",""
"https://www.ehip.eu/b-a-digital-marketing/?parameters=/articles/b-a-digital-marketing","text/html; charset=UTF-8","301","Moved Permanently","Nicht indexierbar","Umgeleitet","1","0,107","https://www.ehip.eu/fernstudium/bachelor/digital-marketing-studium/","HTTP-Umleitung"
"https://www.ehip.eu/assets/css/reset.min.css,bootstrap.trk17.min.css,container.trk17.min.css,el...-bb0392fc.css","text/css","200","OK","Indexierbar","","0","0,112","",""
"https://www.ehip.eu/assets/images/d/stellenangebote-landingpage-ehip-vorteile-3-b8ab19d5.webp","image/webp","200","OK","Indexierbar","","0","0,087","",""
"https://www.ehip.eu/assets/images/c/stellenangebote-landingpage-ehip-hauptbild-professur-betriebswirtschaftslehre-management-personalmanagement-cb340953.webp","image/webp","200","OK","Indexierbar","","0","0,125","",""
"https://www.ehip.eu/hochschule/karriere/freiberuflicher-autor-controlling-im-gesundheitswesen-m-w-d/","text/html; charset=UTF-8","200","OK","Indexierbar","","8","0,425","",""
"https://www.ehip.eu/assets/images/d/bachelor-business-administration-fernstudium-ehip-digitalisierung-manager-c7e70aab.webp","image/webp","200","OK","Indexierbar","","0","0,151","",""
"https://www.zfu.de/","text/html; charset=iso-8859-1","301","Moved Permanently","Nicht indexierbar","Umgeleitet","3","0,451","https://zfu.de/","HTTP-Umleitung"
"https://www.ehip.eu/hochschule/karriere/professur-fuer-quantitative-bwl-m-w-d/","text/html; charset=UTF-8","200","OK","Nicht indexierbar","noindex","8","0,322","",""
"https://www.ehip.eu/fernstudium/bachelor/fitnesswissenschaft-fernstudium/","text/html; charset=UTF-8","200","OK","Indexierbar","","15","2,788","",""
"https://www.ehip.eu/assets/images/4/bachelor-bwl-fernstudium-ehip-controller-7855ae21.webp","image/webp","200","OK","Indexierbar","","0","0,023","",""
"https://www.ehip.eu/hochschule/karriere/freiberuflicher-autor-digitale-marktforschung-und-big-data-management-m-w-d/","text/html; charset=UTF-8","200","OK","Indexierbar","","8","0,372","",""
"https://www.ehip.eu/assets/images/4/stellenangebote-landingpage-ehip-hauptbild-professur-betriebswirtschaftslehre-management-marketing-df0f13a7.webp","image/webp","200","OK","Indexierbar","","0","0,024","",""
"https://www.ehip.eu/hochschule/karriere/freiberuflicher-autor-accounting-2-jahresabschluss-m-w-d/","text/html; charset=UTF-8","200","OK","Indexierbar","","8","0,366","",""
"https://www.ehip.eu/assets/images/d/bachelor-bwl-online-marketing-studieren-ehip-online-communication-manager-dea4e5ff.webp","image/webp","200","OK","Indexierbar","","0","0,026","",""
"https://www.ehip.eu/hochschule/karriere/professur-fuer-wirtschaftspsychologie-m-w-d/","text/html; charset=UTF-8","200","OK","Indexierbar","","8","0,283","",""
"https://www.ehip.eu/assets/images/0/bachelor-digitale-transformation-studium-ehip-e-commerce-manager-b495d7bd.webp","image/webp","200","OK","Indexierbar","","0","0,025","",""
"https://www.ehip.eu/assets/images/9/stellenangebote-landingpage-ehip-vision-7e2c18f6.webp","image/webp","200","OK","Indexierbar","","0","0,088","",""
"https://www.ehip.eu/hochschule/karriere/freiberuflicher-autor-zum-thema-beschaffung-und-logistik-m-w-d/","text/html; charset=UTF-8","200","OK","Indexierbar","","8","0,398","",""
"https://www.ehip.eu/assets/images/f/bachelor-e-learning-management-fernstudium-ehip-referent-für-personalentwicklung-4ecf2472.webp","image/webp","200","OK","Indexierbar","","0","0,095","",""
"https://www.ehip.eu/assets/images/2/stellenangebote-landingpage-ehip-vorteile-2-0349c879.webp","image/webp","200","OK","Indexierbar","","0","0,023","",""
"https://www.ehip.eu/hochschule/karriere/freiberuflicher-autor-betriebliches-management-und-controlling-m-w-d/","text/html; charset=UTF-8","200","OK","Indexierbar","","8","0,365","",""
"https://www.ehip.eu/assets/images/d/stellenangebote-landingpage-ehip-vorteile-1-caab0c5a.webp","image/webp","200","OK","Indexierbar","","0","0,068","",""
"https://www.ehip.eu/assets/images/4/bachelor-business-administration-fernstudium-ehip-european-accounting-accounting-specialist-d0f4a24c.webp","image/webp","200","OK","Indexierbar","","0","0,032","",""
"https://www.ehip.eu/assets/images/e/bachelor-gesundheitsmanagement-digitalisierungsmanagement-im-gesundheitswesen-ehip-referent-gesundheitsmanagement-cad10b65.webp","image/webp","200","OK","Indexierbar","","0","0,079","",""
"https://www.ehip.eu/assets/images/d/bachelor-gesundheitsmanagement-prävention-und-betriebliches-gesundheitsmanagement-ehip-externer-berater-gesundheitsmanagement-2bc025bb.webp","image/webp","200","OK","Indexierbar","","0","0,092","",""
"https://www.ehip.eu/assets/images/e/stellenangebote-landingpage-ehip-mission-1c1dc5f9.webp","image/webp","200","OK","Indexierbar","","0","0,101","",""
"https://www.ehip.eu/assets/images/e/stellenangebote-landingpage-ehip-stage-91540862.webp","image/webp","200","OK","Indexierbar","","0","0,090","",""
"https://www.ehip.eu/hochschule/karriere/mitarbeiter-studienberatung-vertrieb-b2c-m-w-d/","text/html; charset=UTF-8","200","OK","Indexierbar","","8","0,414","",""
"https://www.ehip.eu/assets/images/a/stellenangebote-landingpage-ehip-führungskultur-b68bae01.webp","image/webp","200","OK","Indexierbar","","0","0,024","",""
"https://www.ehip.eu/assets/images/7/stellenangebote-landingpage-ehip-vorteile-haupt-4cfbfd8d.webp","image/webp","200","OK","Indexierbar","","0","0,089","",""
"https://www.ehip.eu/hochschule/karriere/freiberuflicher-autor-kommunikation-und-verhandlungsfuehrung-im-gesundheitswesen-m-w-d/","text/html; charset=UTF-8","200","OK","Indexierbar","","8","0,347","",""
"https://www.ehip.eu/assets/images/b/studienorganisation-fernstudium-kategorieseite-ehip-hauptbild-c5c73d2e.webp","image/webp","200","OK","Indexierbar","","0","0,098","",""
"https://www.ehip.eu/hochschule/karriere/professur-digitalisierung-und-unternehmen-m-w-d/","text/html; charset=UTF-8","200","OK","Indexierbar","","8","0,375","",""
"https://www.ehip.eu/assets/images/f/bachelor-fitnesswissenschaft-betriebliches-gesundheitsmanagement-ehip-gesundheitsberater-d11599be.webp","image/webp","200","OK","Indexierbar","","0","0,071","",""
"https://www.ehip.eu/hochschule/karriere/freiberuflicher-autor-investition-und-finanzierung-im-gesundheitswesen-m-w-d/","text/html; charset=UTF-8","200","OK","Indexierbar","","8","0,392","",""
"https://www.ehip.eu/assets/images/e/stellenangebote-landingpage-ehip-content-marketing-manager-aufgaben-ea74278b.webp","image/webp","200","OK","Indexierbar","","0","0,090","",""
"https://www.ehip.eu/assets/images/1/stellenangebote-landingpage-ehip-hauptbild-professur-digital-business-97aa1dd9.webp","image/webp","200","OK","Indexierbar","","0","0,095","",""
"https://www.ehip.eu/hochschule/karriere/freiberuflicher-autor-investition-und-finanzierung-m-w-d/","text/html; charset=UTF-8","200","OK","Indexierbar","","8","0,370","",""
"https://www.ehip.eu/files/_assets/img/icons/custom/education-award.svg","image/svg+xml","200","OK","Indexierbar","","0","0,070","",""
"https://www.ehip.eu/assets/images/e/bachelor-e-commerce-studium-ehip-d8b14d57.webp","image/webp","200","OK","Indexierbar","","0","0,021","",""
"https://www.ehip.eu/hochschule/karriere/freiberuflicher-autor-unternehmenssteuern-in-brd-europa-steuerrecht-m-w-d/","text/html; charset=UTF-8","200","OK","Indexierbar","","8","0,341","",""
"https://www.ehip.eu/files/userfiles/fs-hauptprodukt/ba-digital-marketing/bachelor-digital-marketing-fernstudium-ehip-content-manager.webp","image/webp","200","OK","Indexierbar","","0","0,097","",""
"https://www.ehip.eu/files/_assets/img/icons/custom/hand.svg","image/svg+xml","200","OK","Indexierbar","","0","0,077","",""
"https://www.ehip.eu/files/userfiles/fs-hauptprodukt/ba-sport-und-ernaehrungswissenschaft/bachelor-sport-ernaehrungswissenschaft-ehip-hauptbild.webp","image/webp","200","OK","Indexierbar","","0","0,022","",""
"https://www.ehip.eu/hochschule/karriere/freiberuflicher-autor-ernaehrungssoziologie-und-oekonomie-m-w-d/","text/html; charset=UTF-8","200","OK","Indexierbar","","8","0,307","",""
"https://www.ehip.eu/files/_assets/img/icons/custom/star.svg","image/svg+xml","200","OK","Indexierbar","","0","0,071","",""
"https://www.ehip.eu/files/userfiles/fs-hauptprodukt/ba-fitnesswissenschaft/bachelor-fitnesswissenschaft-fernstudium-ehip-hauptbild.webp","image/webp","200","OK","Indexierbar","","0","0,032","",""
"https://www.ehip.eu/files/userfiles/fs-hauptprodukt/ba-ernaehrungsberatung-und-management/vertiefung-ernaehrungspsychologie-und-kommunikation/bachelor-ernaehrungsberatung-management-ehip-ernaehrungspsychologie-hauptbild.webp","image/webp","200","OK","Indexierbar","","0","0,101","",""
"https://www.ehip.eu/files/userfiles/fs-hauptprodukt/ba-fitnesstraining-und-management/vertiefung-fitnessmarketing-in-der-digitalen-welt/bachelor-fitnesstraining-ehip-fitnessmarketing-hauptbild.webp","image/webp","200","OK","Indexierbar","","0","0,097","",""
"https://www.ehip.eu/assets/images/4/praxispartner-fitbox-logo-4e543e7d.jpeg","image/jpeg","200","OK","Indexierbar","","0","0,084","",""
"https://www.ehip.eu/assets/images/5/praxispartner-essence-sports-und-wellness-club-gym-heros-logo-2917ad17.png","image/png","200","OK","Indexierbar","","0","0,084","",""
"https://www.ehip.eu/kontakt-duale-studiengaenge-unternehmen/","text/html; charset=UTF-8","200","OK","Nicht indexierbar","noindex","8","0,244","",""
"https://www.ehip.eu/files/_assets/img/icons/custom/check-stamp.svg","image/svg+xml","200","OK","Indexierbar","","0","0,079","",""
"https://www.ehip.eu/assets/images/8/praxispartner-fit-star-logo-51b85021.jpg","image/jpeg","200","OK","Indexierbar","","0","0,083","",""
"https://www.ehip.eu/assets/images/2/coming-soon-duale-studiengaenge-unternehmen-stage-bild-fc6383fa.webp","image/webp","200","OK","Indexierbar","","0","0,111","",""
"https://www.ehip.eu/assets/images/b/praxispartner-wellyou-logo-b4e85a71.jpg","image/jpeg","200","OK","Indexierbar","","0","0,041","",""
"https://www.ehip.eu/files/_assets/img/icons/custom/handshake.svg","image/svg+xml","200","OK","Indexierbar","","0","0,090","",""
"https://www.ehip.eu/assets/images/b/bachelor-gesundheitsmanagement-digitalisierungsmanagement-im-gesundheitswesen-ehip-leitung-strategisches-gesundheitsmanagement-a110c578.webp","image/webp","200","OK","Indexierbar","","0","0,092","",""
"https://www.ehip.eu/assets/images/0/bachelor-bwl-online-marketing-fernstudium-ehip-10a38b22.webp","image/webp","200","OK","Indexierbar","","0","0,074","",""
"https://www.ehip.eu/assets/css/reset.min.css,bootstrap.trk17.min.css,container.trk17.min.css,el...-9608f1be.css","text/css","200","OK","Indexierbar","","0","0,106","",""
"https://www.ehip.eu/files/userfiles/fs-hauptprodukt/ba-gesundheitsmanagement/vertiefung-ernährungsberatung/bachelor-gesundheitsmanagement-ernährungsberatung-ehip-hauptbild.webp","image/webp","200","OK","Indexierbar","","0","0,093","",""
"https://www.ehip.eu/files/userfiles/fs-hauptprodukt/ba-sport-und-ernaehrungswissenschaft/vertiefung-gesundheitsmanagement/bachelor-sport-ernaehrungswissenschaft-ehip-gesundheitsmanagement-hauptbild.webp","image/webp","200","OK","Indexierbar","","0","0,095","",""
"https://www.ehip.eu/files/userfiles/landingpages/studium-personalmanagement/studium-personalmanagement-fernstudium-landingpage-ehip-steckt-dahinter.webp","image/webp","200","OK","Indexierbar","","0","0,097","",""
"https://www.ehip.eu/files/userfiles/kontakt/landingpages/business-administration/business-administration-fernstudium-landingpage-ehip.webp","image/webp","200","OK","Indexierbar","","0","0,112","",""
"https://www.ehip.eu/assets/images/5/praxispartner-wof-logo-5c1f2765.png","image/png","200","OK","Indexierbar","","0","0,092","",""
"https://www.ehip.eu/files/_assets/img/deco/Frau-denkt-nach.webp","image/webp","200","OK","Indexierbar","","0","0,104","",""
"https://www.ehip.eu/files/userfiles/fs-hauptprodukt/ba-sportmanagement/bachelor-sportmanagement-fernstudium-ehip-hauptbild.webp","image/webp","200","OK","Indexierbar","","0","0,109","",""
"https://www.ehip.eu/files/_assets/img/icons/custom/smiley.svg","image/svg+xml","200","OK","Indexierbar","","0","0,082","",""
"https://www.ehip.eu/assets/images/5/praxispartner-kr-logo-company-schwarz-weiß-139072da.png","image/png","200","OK","Indexierbar","","0","0,072","",""
"https://www.ehip.eu/files/userfiles/landingpages/duale-studiengaenge/praxispartner-karatesportschule-sascha-de-vies.png","image/png","200","OK","Indexierbar","","0","0,099","",""
"https://www.ehip.eu/files/userfiles/fs-hauptprodukt/ba-betriebswirtschaftslehre/bachelor-bwl-studium-ehip.webp","image/webp","200","OK","Indexierbar","","0","0,093","",""
"https://www.ehip.eu/files/userfiles/study-guide/dein-studium/gebuehrenmodelle-ehip.webp","image/webp","200","OK","Indexierbar","","0","0,101","",""
"https://www.ehip.eu/fernstudium/bachelor/online-marketing-studium/","text/html; charset=UTF-8","200","OK","Indexierbar","","18","3,516","",""
"https://www.ehip.eu/assets/css/reset.min.css,bootstrap.trk17.min.css,container.trk17.min.css,mm...-5848eb26.css","text/css","200","OK","Indexierbar","","0","0,121","",""
"https://www.bundeswehr.de/de/betreuung-fuersorge/der-berufsfoerderungsdienst-der-bundeswehr-bfd","text/html; charset=utf-8","404","Not found","Nicht indexierbar","Client-Fehler","2","0,083","",""
"https://www.kfw.de/inlandsfoerderung/Privatpersonen/Studieren-Qualifizieren/KfW-Studienkredit/index-4.html","text/html; charset=utf-8","200","OK","Indexierbar","","1","0,031","",""
"https://www.ehip.eu/assets/images/4/bachelor-sportmanagement-fernstudium-ehip-vereins-und-verbandsmanager-d79424db.webp","image/webp","200","OK","Indexierbar","","0","0,024","",""
"https://www.studierendenwerk-stuttgart.de/","text/html; charset=utf-8","200","OK","Indexierbar","","34","0,130","",""
"https://www.ehip.eu/assets/images/c/laptop-93bd0edb.svg","image/svg+xml","200","OK","Indexierbar","","0","0,072","",""
"https://braincapital.de/","text/html","200","OK","Indexierbar","","1","0,107","",""
"https://www.sbb-stipendien.de/aufstiegsstipendium","text/html; charset=utf-8","200","OK","Indexierbar","","2","0,101","",""
"https://www.ehip.eu/files/userfiles/banner-produktseiten/banner-ohne-versteckte-gebuehren-mobile-version.webp","image/webp","200","OK","Indexierbar","","0","0,096","",""
"https://www.ehip.eu/assets/images/7/bachelor-sportmanagement-fernstudium-ehip-sportmarketing-manager-812a42e9.webp","image/webp","200","OK","Indexierbar","","0","0,079","",""
"https://www.ehip.eu/assets/images/1/logo-zfu_zugelassen_blau_sportmanagement-aa63fad0.svg","image/svg+xml","200","OK","Indexierbar","","0","0,075","",""
"https://www.ehip.eu/assets/images/7/bachelor-sportmanagement-fernstudium-ehip-projektmanager-sponsoring-ddd25064.webp","image/webp","200","OK","Indexierbar","","0","0,087","",""
"https://www.ehip.eu/assets/images/e/ansprechpartner-ehip-albert-friesen-28dd76a9.png","image/png","200","OK","Indexierbar","","0","0,097","",""
"https://www.deutsche-bildung.de/","text/html; charset=UTF-8","200","OK","Indexierbar","","34","0,563","",""
"https://www.ehip.eu/files/userfiles/banner-produktseiten/banner-keine-versteckten-gebuehren.webp","image/webp","200","OK","Indexierbar","","0","0,101","",""
"https://www.ehip.eu/assets/images/7/bachelor-sportmanagement-fernstudium-ehip-studienverlauf-8fdf0a12.webp","image/webp","200","OK","Indexierbar","","0","0,113","",""
"https://www.ehip.eu/eignungspruefung/","text/html; charset=UTF-8","200","OK","Indexierbar","","70","0,425","",""
"https://www.ehip.eu/studieninformationen-anfordern/?alias=sportmanagement-studium&titel=B.A. Sportmanagement","text/html; charset=UTF-8","200","OK","Nicht indexierbar","Canonicalised,noindex","7","0,387","",""
"https://www.ehip.eu/assets/images/1/bachelor-sportmanagement-fernstudium-ehip-stage-6f7a3743.webp","image/webp","200","OK","Indexierbar","","0","0,034","",""
"https://www.ehip.eu/bachelor-sportmanagement/","text/html; charset=UTF-8","200","OK","Indexierbar","","6","0,612","",""
"https://www.ehip.eu/files/userfiles/banner-produktseiten/banner-keine-zeitmodelle.webp","image/webp","200","OK","Indexierbar","","0","0,024","",""
"https://www.ehip.eu/assets/images/9/finanzierungsmoeglichkeiten-ehip-produktseiten-dd414ebc.webp","image/webp","200","OK","Indexierbar","","0","0,104","",""
"https://www.kfw.de/kfw.de.html","text/html; charset=utf-8","200","OK","Indexierbar","","33","0,047","",""
"https://www.ehip.eu/bachelor-studium/","text/html; charset=UTF-8","200","OK","Indexierbar","","25","0,421","",""
"https://www.ehip.eu/assets/images/e/anerkennung-studium-landingpage-ehip-anrechnung-probestudium-c921bdda.webp","image/webp","200","OK","Indexierbar","","0","0,035","",""
"https://www.ehip.eu/assets/css/reset.min.css,bootstrap.trk17.min.css,container.trk17.min.css,cu...-39ea7893.css","text/css","200","OK","Indexierbar","","0","0,117","",""
"https://www.ehip.eu/assets/images/3/ehip-probestudium-start-c0ec3916.jpg","image/jpeg","200","OK","Indexierbar","","0","0,121","",""
"https://www.ehip.eu/fernstudium-bachelor/","text/html; charset=UTF-8","200","OK","Indexierbar","","23","0,616","",""
"https://www.fernstudiumcheck.de/fernhochschulen/ehip","text/html; charset=iso-8859-1","429","Too Many Requests","Nicht indexierbar","Client-Fehler","33","0,089","",""
"https://www.braincapital.de/","text/html; charset=iso-8859-1","301","Moved Permanently","Nicht indexierbar","Umgeleitet","33","0,150","https://braincapital.de/en/index-en.html","HTTP-Umleitung"
"https://www.ehip.eu/assets/images/7/bachelor-sportmanagement-e-sport-management-fernstudium-ehip-hauptbild-f8c37089.webp","image/webp","200","OK","Indexierbar","","0","0,087","",""
"https://www.ehip.eu/files/userfiles/banner-produktseiten/banner-keine-zeitmodelle-mobile-version.webp","image/webp","200","OK","Indexierbar","","0","0,135","",""
"https://www.ehip.eu/assets/images/8/bachelor-sportmanagement-breitensport-fernstudium-ehip-hauptbild-df0366cb.webp","image/webp","200","OK","Indexierbar","","0","0,101","",""
"https://www.ehip.eu/assets/images/2/bachelor-fitnesstraining-ehip-stage-eb4bf7e5.webp","image/webp","200","OK","Indexierbar","","0","0,088","",""
"https://www.ehip.eu/assets/images/0/bachelor-fitnesstraining-ehip-fachkraft-betriebliches-gesundheitsmanagement-8b704433.webp","image/webp","200","OK","Indexierbar","","0","0,110","",""
"https://www.ehip.eu/assets/images/6/bachelor-fitnesstraining-ehip-referent-bewegung-fitness-fac1262d.webp","image/webp","200","OK","Indexierbar","","0","0,086","",""
"https://www.ehip.eu/bachelor-studium-berufsbegleitend/","text/html; charset=UTF-8","200","OK","Indexierbar","","10","0,497","",""
"https://www.ehip.eu/assets/images/2/bachelor-fitnesstraining-ehip-sporttherapeut-krankenhaeuser-3b16283c.webp","image/webp","200","OK","Indexierbar","","0","0,116","",""
"https://www.ehip.eu/assets/images/c/zfu_zugelassen_blau_fitnesstraining-management-151a89dc.svg","image/svg+xml","200","OK","Indexierbar","","0","0,037","",""
"https://www.ehip.eu/assets/images/7/bachelor-fitnesstraining-ehip-studienverlauf-9fd602d2.webp","image/webp","200","OK","Indexierbar","","0","0,120","",""
"https://www.ehip.eu/assets/images/1/bachelor-fitnesstraining-ehip-personal-training-hauptbild-ad7644fe.webp","image/webp","200","OK","Indexierbar","","0","0,102","",""
"https://www.ehip.eu/assets/images/2/bachelor-fitnesstraining-ehip-gesundheitsmanagement-hauptbild-f954846c.webp","image/webp","200","OK","Indexierbar","","0","0,102","",""
"https://www.ehip.eu/studieninformationen-anfordern/?alias=fernstudium-fitnesstraining-fitnessmanagement&titel=B.A. Fitnesstraining und -management","text/html; charset=UTF-8","200","OK","Nicht indexierbar","Canonicalised,noindex","7","0,394","",""
"https://www.ehip.eu/assets/images/2/bachelor-ernaehrungsberatung-management-ehip-hauptbild-8f25c061.webp","image/webp","200","OK","Indexierbar","","0","0,023","",""
"https://www.ehip.eu/fernstudium/bachelor/vereinsmanagement-studium/","text/html; charset=UTF-8","200","OK","Indexierbar","","11","3,460","",""
"https://www.ehip.eu/assets/images/7/bachelor-fitnesstraining-ehip-sporttherapie-hauptbild-6ade0093.webp","image/webp","200","OK","Indexierbar","","0","0,035","",""
"https://www.ehip.eu/assets/images/9/bachelor-fitnesstraining-ehip-selbstaendiger-fitnesstrainer-9c37618a.webp","image/webp","200","OK","Indexierbar","","0","0,069","",""
"https://www.ehip.eu/fernstudium/bachelor/esport-studium/","text/html; charset=UTF-8","200","OK","Indexierbar","","11","3,394","",""
"https://www.ehip.eu/assets/images/b/bachelor-fitnesstraining-ehip-fitnessmarketing-hauptbild-f552a6f2.webp","image/webp","200","OK","Indexierbar","","0","0,023","",""
"https://www.ehip.eu/assets/images/e/bachelor-sport-ernaehrungswissenschaft-ehip-hauptbild-e1500ebd.webp","image/webp","200","OK","Indexierbar","","0","0,089","",""
"https://www.ehip.eu/fernstudium/bachelor/fitnessmarketing-fernstudium/","text/html; charset=UTF-8","200","OK","Indexierbar","","12","3,660","",""
"https://www.ehip.eu/assets/images/6/bachelor-ernährungswissenschaft-fernstudium-ehip-stage-bd3044b6.webp","image/webp","200","OK","Indexierbar","","0","0,025","",""
"https://www.ehip.eu/fernstudium/bachelor/personal-training-fernstudium/","text/html; charset=UTF-8","200","OK","Indexierbar","","12","3,719","",""
"https://www.ehip.eu/assets/images/4/bachelor-ernährungswissenschaft-medien-kommunikation-ehip-hauptbild-c23cf605.webp","image/webp","200","OK","Indexierbar","","0","0,030","",""
"https://www.ehip.eu/assets/images/9/bachelor-ernährungswissenschaft-sporternährung-fernstudium-ehip-hauptbild-d337f18e.webp","image/webp","200","OK","Indexierbar","","0","0,069","",""
"https://www.ehip.eu/assets/images/c/bachelor-ernährungswissenschaft-fernstudium-ehip-produktentwickler-7acb1a4b.webp","image/webp","200","OK","Indexierbar","","0","0,071","",""
"https://www.ehip.eu/studieninformationen-anfordern/?alias=ernaehrungswissenschaften-fernstudium&titel=B.A. Ernährungswissenschaft","text/html; charset=UTF-8","200","OK","Nicht indexierbar","Canonicalised,noindex","2","0,378","",""
"https://www.ehip.eu/assets/images/4/bachelor-ernährungswissenschaft-ernährungsbildung-fernstudium-ehip-hauptbild-bd5e4b1b.webp","image/webp","200","OK","Indexierbar","","0","0,023","",""
"https://www.ehip.eu/assets/images/1/bachelor-ernährungswissenschaft-fernstudium-ehip-spezialist-für-gesunde-ernährung-a9e44d8a.webp","image/webp","200","OK","Indexierbar","","0","0,088","",""
"https://www.ehip.eu/assets/images/b/bachelor-ernährungswissenschaft-fernstudium-ehip-wissenschaftler-674daffa.webp","image/webp","200","OK","Indexierbar","","0","0,064","",""
"https://www.ehip.eu/fernstudium/bachelor/gesundheits-und-fitnessmanagement-studium/","text/html; charset=UTF-8","200","OK","Indexierbar","","12","3,735","",""
"https://www.ehip.eu/assets/images/7/zfu_zugelassen_blau_ernaehrungswissenschaft-1ca325e9.svg","image/svg+xml","200","OK","Indexierbar","","0","0,075","",""
"https://www.ehip.eu/assets/images/f/bachelor-ernährungswissenschaft-fernstudium-ehip-studienverlauf-15dfd863.webp","image/webp","200","OK","Indexierbar","","0","0,095","",""
"https://www.ehip.eu/assets/images/5/bachelor-ernaehrungswissenschaft-nachhaltige-ernaehrung-fernstudium-ehip-hauptbild-07140f67.webp","image/webp","200","OK","Indexierbar","","0","0,071","",""
"https://www.ehip.eu/assets/images/f/bachelor-ernährungswissenschaft-fernstudium-ehip-ernährungsberater-c14f1760.webp","image/webp","200","OK","Indexierbar","","0","0,067","",""
"https://www.ehip.eu/fernstudium/bachelor/sporttherapie-fernstudium/","text/html; charset=UTF-8","200","OK","Indexierbar","","12","3,713","",""
"https://www.ehip.eu/fernstudium/bachelor/sporternaehrung-studium/","text/html; charset=UTF-8","200","OK","Indexierbar","","14","3,635","",""
"https://www.facebook.com/ads/preferences/?entry_product=ad_settings_screen","text/html; charset=""utf-8""","302","Found","Nicht indexierbar","Umgeleitet","1","0,131","https://www.facebook.com/settings/ads/?entry_product=ad_settings_screen","HTTP-Umleitung"
"https://www.facebook.com/legal/EU_data_transfer_addendum","text/html; charset=""utf-8""","200","OK","Indexierbar","","2","0,101","",""
"https://www.ehip.eu/bachelor-ernaehrungswissenschaften/","text/html; charset=UTF-8","200","OK","Indexierbar","","6","0,542","",""
"https://www.provenexpert.com/","text/html; charset=UTF-8","302","Found","Nicht indexierbar","Umgeleitet","1","0,064","https://www.provenexpert.com/en-us/","HTTP-Umleitung"
"https://consent.cookiebot.com/8909ebb9-e6d8-4a27-b98a-5c92d0ff8eac/cd.js","application/javascript","200","OK","Indexierbar","","0","0,094","",""
"https://tools.google.com/dlpage/gaoptout?hl=de","text/html; charset=utf-8","200","OK","Indexierbar","","1","0,102","",""
"https://www.ehip.eu/fernstudium/bachelor/nachhaltige-ernaehrung-studium/","text/html; charset=UTF-8","200","OK","Indexierbar","","14","3,651","",""
"https://www.userlike.com/de/data-privacy","text/html; charset=utf-8","200","OK","Indexierbar","","1","0,027","",""
"https://www.tiktok.com/legal/page/eea/privacy-policy/de","text/html","200","OK","Indexierbar","","1","0,543","",""
"https://www.delst.de/?cleverPushUnsubscribe=true","text/html; charset=UTF-8","302","Found","Nicht indexierbar","Umgeleitet","1","0,089","https://www.delst.de/de/?cleverPushUnsubscribe=true","HTTP-Umleitung"
"https://www.ehip.eu/fernstudium/bachelor/ernaehrungskommunikation-studium/","text/html; charset=UTF-8","200","OK","Indexierbar","","15","3,370","",""
"https://privacy.microsoft.com/de-de/privacystatement","text/html","200","OK","Indexierbar","","2","0,807","",""
"https://policies.google.com/privacy?hl=de","text/html; charset=utf-8","200","OK","Indexierbar","","2","0,119","",""
"https://privacy.google.com/businesses/controllerterms/mccs/","text/html; charset=UTF-8","301","Moved Permanently","Nicht indexierbar","Umgeleitet","2","0,058","https://business.safety.google/adscontrollerterms/sccs/","HTTP-Umleitung"
"https://www.ehip.eu/fernstudium/bachelor/ernaehrungstherapie-studium/","text/html; charset=UTF-8","200","OK","Indexierbar","","15","3,464","",""
"https://support.google.com/analytics/answer/6004245?hl=de","text/html; charset=UTF-8","200","OK","Indexierbar","","1","0,256","",""
"https://www.google.com/settings/ads/onweb/","text/html; charset=UTF-8","301","Moved Permanently","Nicht indexierbar","Umgeleitet","1","0,050","https://www.google.com/settings/ads/anonymous","HTTP-Umleitung"
"http://www.youronlinechoices.com/de/praferenzmanagement/","text/html","301","Moved Permanently","Nicht indexierbar","Umgeleitet","1","0,066","https://www.youronlinechoices.com/de/praferenzmanagement/","HTTP-Umleitung"
"https://www.whatsapp.com/legal/business-data-transfer-addendum","text/html; charset=""utf-8""","200","OK","Indexierbar","","1","0,200","",""
"https://www.facebook.com/legal/controller_addendum","text/html; charset=""utf-8""","200","OK","Indexierbar","","1","0,110","",""
"https://www.whatsapp.com/legal/","text/html; charset=""utf-8""","200","OK","Indexierbar","","1","0,220","",""
"https://de-de.facebook.com/help/566994660333381","text/html; charset=""utf-8""","200","OK","Indexierbar","","2","0,102","",""
"https://www.linkedin.com/help/linkedin/answer/62538/datenubertragung-aus-der-eu-dem-ewr-und-der-schweiz?lang=de","text/html; charset=utf-8","404","Not Found","Nicht indexierbar","Client-Fehler","1","0,267","",""
"https://www.ionos.de/terms-gtc/terms-privacy","","0","Von robots.txt gesperrt","Nicht indexierbar","Von robots.txt gesperrt","1","","",""
"https://de-de.facebook.com/about/privacy/","text/html; charset=""utf-8""","302","Found","Nicht indexierbar","Umgeleitet","1","0,058","https://de-de.facebook.com/privacy/policy/?entry_point=data_policy_redirect&entry=0","HTTP-Umleitung"
"https://policies.google.com/privacy/frameworks","text/html; charset=utf-8","200","OK","Indexierbar","","1","0,078","",""
"https://www.ehip.eu/datenschutz/aufbewahrungs-und-speicherrichtlinie/","text/html; charset=UTF-8","200","OK","Nicht indexierbar","noindex","6","0,201","",""
"https://instagram.com/about/legal/privacy/","text/html; charset=utf-8","301","Moved Permanently","Nicht indexierbar","Umgeleitet","1","0,084","https://www.instagram.com/about/legal/privacy/","HTTP-Umleitung"
"https://support.google.com/analytics/answer/7667196?hl=de","text/html; charset=UTF-8","200","OK","Indexierbar","","1","0,239","",""
"https://www.userlike.com/de/blog/live-chat-software-datenschutz-dsgvo","text/html; charset=utf-8","200","OK","Indexierbar","","1","0,048","",""
"https://www.linkedin.com/legal/privacy-policy","text/html; charset=utf-8","200","OK","Indexierbar","","2","0,384","",""
"https://policies.google.com/technologies/ads?hl=de","text/html; charset=utf-8","200","OK","Indexierbar","","1","0,149","",""
"https://www.xing.com/app/share?op=data_protection","","301","Moved permanently","Nicht indexierbar","Umgeleitet","1","0,088","https://www.xing.com/social/share/spi?op=data_protection","HTTP-Umleitung"
"https://www.ehip.eu/assets/images/8/dennis-effertz-bb72f44d.jpg","image/jpeg","200","OK","Indexierbar","","0","0,032","",""
"https://www.ehip.eu/files/userfiles/landingpages/über-uns/team/birger-lang.jpg","image/jpeg","200","OK","Indexierbar","","0","0,048","",""
"https://usercentrics.com/de/datenschutzerklaerung/","text/html; charset=UTF-8","200","OK","Indexierbar","","1","0,170","",""
"https://www.ehip.eu/files/userfiles/landingpages/über-uns/team/elisabeth-baier.jpg","image/jpeg","200","OK","Indexierbar","","0","0,059","",""
"https://www.ehip.eu/files/userfiles/landingpages/über-uns/team/lisa-springer.jpg","image/jpeg","200","OK","Indexierbar","","0","0,048","",""
"https://www.ehip.eu/files/userfiles/landingpages/über-uns/team/nora-kistner.jpg","image/jpeg","200","OK","Indexierbar","","0","0,054","",""
"https://help.instagram.com/519522125107875","text/html; charset=""utf-8""","301","Moved Permanently","Nicht indexierbar","Umgeleitet","1","0,159","https://privacycenter.instagram.com/policy/?entry_point=ig_help_center_data_policy_redirect","HTTP-Umleitung"
"https://www.ehip.eu/assets/images/2/stage_2-af7b0f8a.png","image/png","200","OK","Indexierbar","","0","0,132","",""
"https://www.ehip.eu/assets/images/7/daniel-otto-8f63585d.jpg","image/jpeg","200","OK","Indexierbar","","0","0,116","",""
"https://www.ehip.eu/assets/images/4/stage-teamseite-ehip-6db10b95.webp","image/webp","200","OK","Indexierbar","","0","0,115","",""
"https://www.ehip.eu/assets/css/reset.min.css,bootstrap.trk17.min.css,container.trk17.min.css,el...-fdb6f103.css","text/css","200","OK","Indexierbar","","0","0,107","",""
"https://www.ehip.eu/files/userfiles/landingpages/über-uns/team/alexander-hupert.jpg","image/jpeg","200","OK","Indexierbar","","0","0,114","",""
"https://www.ehip.eu/files/userfiles/landingpages/über-uns/team/georg-abel.jpg","image/jpeg","200","OK","Indexierbar","","0","0,094","",""
"https://www.ehip.eu/files/userfiles/landingpages/über-uns/team/kathrin-berger.jpg","image/jpeg","200","OK","Indexierbar","","0","0,112","",""
"https://www.ehip.eu/files/userfiles/landingpages/über-uns/team/meta-heller.jpg","image/jpeg","200","OK","Indexierbar","","0","0,108","",""
"https://www.ehip.eu/files/userfiles/landingpages/über-uns/team/jennifer-olsen.webp","image/webp","200","OK","Indexierbar","","0","0,117","",""
"https://more.ebsco.com/privacy-policy-de","text/html; charset=utf-8","200","OK","Indexierbar","","1","0,316","",""
"https://www.ehip.eu/files/userfiles/landingpages/über-uns/team/marcel-castor.jpg","image/jpeg","200","OK","Indexierbar","","0","0,121","",""
"https://www.ehip.eu/files/userfiles/landingpages/über-uns/team/sabrina-bartsch.jpg","image/jpeg","200","OK","Indexierbar","","0","0,120","",""
"https://cleverpush.com/faq","text/html; charset=UTF-8","301","Moved Permanently","Nicht indexierbar","Umgeleitet","1","1,056","https://cleverpush.com/de/faq/","HTTP-Umleitung"
"https://www.ehip.eu/files/userfiles/landingpages/über-uns/team/deborah-botzler.jpg","image/jpeg","200","OK","Indexierbar","","0","0,114","",""
"https://www.ehip.eu/files/userfiles/landingpages/über-uns/team/stefanie-laepple.jpg","image/jpeg","200","OK","Indexierbar","","0","0,140","",""
"https://www.ehip.eu/files/userfiles/landingpages/über-uns/team/torsten-wojciechowski-neu.jpg","image/jpeg","200","OK","Indexierbar","","0","0,138","",""
"https://www.ehip.eu/files/userfiles/kontakt/landingpages/über-uns/team/lukas-braun.jpg","image/jpeg","200","OK","Indexierbar","","0","0,141","",""
"https://www.ehip.eu/files/userfiles/landingpages/über-uns/team/albert-friesen.jpg","image/jpeg","200","OK","Indexierbar","","0","0,135","",""
"https://www.ehip.eu/files/userfiles/landingpages/über-uns/team/tobias-wenninger.jpg","image/jpeg","200","OK","Indexierbar","","0","0,134","",""
"https://www.ehip.eu/files/userfiles/landingpages/über-uns/team/jasmin-alves.jpg","image/jpeg","200","OK","Indexierbar","","0","0,146","",""
"https://www.ehip.eu/files/userfiles/landingpages/über-uns/team/dominik-beier.jpg","image/jpeg","200","OK","Indexierbar","","0","0,155","",""
"https://www.ehip.eu/files/userfiles/kontakt/landingpages/über-uns/team/maike-kugler-full.jpg","image/jpeg","200","OK","Indexierbar","","0","0,175","",""
"https://www.ehip.eu/files/userfiles/landingpages/über-uns/team/laura-schmidt.jpg","image/jpeg","200","OK","Indexierbar","","0","0,180","",""
"https://www.ehip.eu/files/userfiles/kontakt/landingpages/über-uns/team/jule-schiemann-full.jpg","image/jpeg","200","OK","Indexierbar","","0","0,182","",""
"https://www.ehip.eu/files/userfiles/landingpages/über-uns/team/tobias-giegerich.jpg","image/jpeg","200","OK","Indexierbar","","0","0,168","",""
"https://www.ehip.eu/assets/images/3/studien-tipps-kategorieseite-ehip-stage-f5eb86d7.webp","image/webp","200","OK","Indexierbar","","0","0,120","",""
"https://www.ehip.eu/assets/images/6/bachelor-sport-ernaehrungswissenschaft-ehip-ernaehrungstherapie-hauptbild-d9319684.webp","image/webp","200","OK","Indexierbar","","0","0,129","",""
"https://www.ehip.eu/assets/images/7/bachelor-sport-ernaehrungswissenschaft-ehip-gesundheitsmanagement-hauptbild-cba0e5ab.webp","image/webp","200","OK","Indexierbar","","0","0,097","",""
"https://www.ehip.eu/assets/images/f/bachelor-sport-ernaehrungswissenschaft-ehip-stage-ae1e43ae.webp","image/webp","200","OK","Indexierbar","","0","0,086","",""
"https://www.ehip.eu/assets/images/a/bachelor-sport-ernaehrungswissenschaft-ehip-personal-training-hauptbild-bb4124a9.webp","image/webp","200","OK","Indexierbar","","0","0,090","",""
"https://www.ehip.eu/assets/images/8/bachelor-sport-ernaehrungswissenschaft-ehip-sporttherapie-hauptbild-b3edf877.webp","image/webp","200","OK","Indexierbar","","0","0,088","",""
"https://www.ehip.eu/studieninformationen-anfordern/?alias=fernstudium-sportwissenschaft-ernaehrungswissenschaft&titel=B.A. Sport- und Ernährungswissenschaft","text/html; charset=UTF-8","200","OK","Nicht indexierbar","Canonicalised,noindex","2","0,493","",""
"https://www.ehip.eu/assets/images/e/bachelor-sport-ernaehrungswissenschaft-ehip-selbstaendiger-consultant-2fa3e756.webp","image/webp","200","OK","Indexierbar","","0","0,095","",""
"https://www.ehip.eu/assets/images/f/zfu_zugelassen_blau_sport-ernaehrungswissenschaft-52be55bc.svg","image/svg+xml","200","OK","Indexierbar","","0","0,025","",""
"https://www.ehip.eu/assets/images/c/bachelor-fitnesstraining-ehip-hauptbild-c9cfa828.webp","image/webp","200","OK","Indexierbar","","0","0,105","",""
"https://www.ehip.eu/assets/images/2/bachelor-fitnesswissenschaft-angewandte-sportpsychologie-ehip-studienverlauf-baf7f102.webp","image/webp","200","OK","Indexierbar","","0","0,101","",""
"https://www.ehip.eu/assets/images/0/bachelor-sport-ernaehrungswissenschaft-ehip-ernaehrungs-fitnessberater-44f942eb.webp","image/webp","200","OK","Indexierbar","","0","0,085","",""
"https://www.ehip.eu/assets/images/7/bachelor-sport-ernaehrungswissenschaft-ehip-wissenschaftler-12b75b8c.webp","image/webp","200","OK","Indexierbar","","0","0,083","",""
"https://www.ehip.eu/fernstudium/bachelor/ernaehrungstherapie-fernstudium/","text/html; charset=UTF-8","200","OK","Indexierbar","","13","3,466","",""
"https://www.ehip.eu/assets/images/3/bachelor-sport-ernaehrungswissenschaft-ehip-sporternaehrung-hauptbild-3341b9a9.webp","image/webp","200","OK","Indexierbar","","0","1,307","",""
"https://www.ehip.eu/fernstudium/bachelor/betriebliches-gesundheitsmanagement-ernaehrung-fernstudium/","text/html; charset=UTF-8","200","OK","Nicht indexierbar","Canonicalised","10","5,053","",""
"https://www.ehip.eu/fernstudium/bachelor/ernaehrungscoach-studium/","text/html; charset=UTF-8","200","OK","Indexierbar","","12","4,989","",""
"https://www.ehip.eu/files/_assets/img/icons/custom/arrows.svg","image/svg+xml","200","OK","Indexierbar","","0","0,316","",""
"https://www.ehip.eu/assets/images/1/ehip-fernstudium-erfahrungen-tipps5-49feee7e.webp","image/webp","200","OK","Indexierbar","","0","0,283","",""
"https://www.ehip.eu/fernstudium/bachelor/bewegungstherapie-studium/","text/html; charset=UTF-8","200","OK","Indexierbar","","12","4,863","",""
"https://www.ehip.eu/fernstudium/bachelor/personal-training-studium/","text/html; charset=UTF-8","200","OK","Indexierbar","","11","4,456","",""
"https://www.ehip.eu/assets/images/9/top-fernhochschule-fernstudiumcheck-032da698.png","image/png","200","OK","Indexierbar","","0","0,447","",""
"https://www.ehip.eu/assets/css/reset.min.css,bootstrap.trk17.min.css,container.trk17.min.css,el...-11e405a1.css","text/css","200","OK","Indexierbar","","0","0,098","",""
"https://www.ehip.eu/assets/images/b/fernstudium-direkt-siegel-8fa06f83.png","image/png","200","OK","Indexierbar","","0","0,023","",""
"https://www.ehip.eu/assets/images/2/ehip-fernstudium-erfahrungen-tipps4-09ceaeef.webp","image/webp","200","OK","Indexierbar","","0","0,022","",""
"https://www.fernstudiumcheck.de/embed/institute/869/report-widget?layout=horizontal","text/html; charset=iso-8859-1","429","Too Many Requests","Nicht indexierbar","Client-Fehler","0","0,066","",""
"https://www.ehip.eu/files/_assets/img/icons/custom/reading.svg","image/svg+xml","200","OK","Indexierbar","","0","0,068","",""
"https://www.ehip.eu/assets/images/d/ehip-fernstudium-erfahrungen-tipps2-5f2c01c5.webp","image/webp","200","OK","Indexierbar","","0","0,069","",""
"https://www.kursfinder.de/anbieter/europaeische-hochschule-fuer-innovation-und-perspektive-ehip/","text/html; charset=utf-8","200","OK","Indexierbar","","1","0,015","",""
"https://www.fortbildung24.com/global_cms/members/original/rating_190x190_113259.png","image/png","200","OK","Indexierbar","","0","0,061","",""
"https://www.fortbildung24.com/anbieter/europaeische-hochschule-fuer-innovation-und-perspektive-ehip/","text/html; charset=utf-8","200","OK","Indexierbar","","1","0,090","",""
"https://www.fernstudium-direkt.de/europaeische-hochschule-fuer-innovation-perspektive-ehip","text/html; charset=UTF-8","200","OK","Indexierbar","","1","0,082","",""
"https://www.ehip.eu/assets/images/3/logo-kursfinder_190x190-a4aa919a.png","image/png","200","OK","Indexierbar","","0","0,094","",""
"https://www.ehip.eu/files/_assets/img/icons/custom/globe.svg","image/svg+xml","200","OK","Indexierbar","","0","0,073","",""
"https://www.ehip.eu/assets/images/6/bachelor-bwl-fernstudium-ehip-unternehmensberater-f83059b8.webp","image/webp","200","OK","Indexierbar","","0","0,067","",""
"https://www.ehip.eu/assets/css/reset.min.css,bootstrap.trk17.min.css,container.trk17.min.css,el...-0acbaa23.css","text/css","200","OK","Indexierbar","","0","0,097","",""
"https://www.ehip.eu/assets/images/1/warum-ehip-pfeilkasten-5d8bcc17.webp","image/webp","200","OK","Indexierbar","","0","0,093","",""
"https://www.ehip.eu/assets/images/1/bachelor-digitale-transformation-studium-ehip-digital-business-consultant-fe14e8e3.webp","image/webp","200","OK","Indexierbar","","0","0,068","",""
"https://www.ehip.eu/assets/images/9/warum-ehip-pfeilkasten2-e09a1562.webp","image/webp","200","OK","Indexierbar","","0","0,067","",""
"https://www.ehip.eu/assets/images/7/bachelor-e-learning-management-fernstudium-ehip-blended-learning-manager-0099c0e3.webp","image/webp","200","OK","Indexierbar","","0","0,079","",""
"https://www.ehip.eu/assets/images/8/bachelor-business-administration-fernstudium-ehip-online-marketing-studienverlauf-6f3ce9e6.webp","image/webp","200","OK","Indexierbar","","0","0,068","",""
"https://www.ehip.eu/files/userfiles/study-guide/deine-lernwelt/deine-anmeldung.webp","image/webp","200","OK","Indexierbar","","0","0,090","",""
"https://www.ehip.eu/files/userfiles/study-guide/deine-lernwelt/meistere-deine-pruefung.webp","image/webp","200","OK","Indexierbar","","0","0,111","",""
"https://www.ehip.eu/assets/css/reset.min.css,bootstrap.trk17.min.css,container.trk17.min.css,el...-5ebff128.css","text/css","200","OK","Indexierbar","","0","0,117","",""
"https://www.ehip.eu/assets/images/0/studien-tipps-kategorieseite-ehip-hauptbild-4f24284d.webp","image/webp","200","OK","Indexierbar","","0","0,075","",""
"https://www.ehip.eu/files/userfiles/study-guide/deine-lernwelt/dein-equipment-check-und-identifizierung.webp","image/webp","200","OK","Indexierbar","","0","0,104","",""
"https://www.ehip.eu/assets/images/7/bachelor-bwl-fernstudium-ehip-controller-07ab587a.webp","image/webp","200","OK","Indexierbar","","0","0,100","",""
"https://www.ehip.eu/assets/images/0/bachelor-bwl-fernstudium-ehip-marketingmanager-131a961f.webp","image/webp","200","OK","Indexierbar","","0","0,076","",""
"https://www.ehip.eu/assets/images/5/bachelor-bwl-e-commerce-studium-ehip-37da642d.webp","image/webp","200","OK","Indexierbar","","0","0,074","",""
"https://www.ehip.eu/assets/images/3/bachelor-bwl-fernstudium-ehip-personalreferent-6d27265f.webp","image/webp","200","OK","Indexierbar","","0","0,067","",""
"https://www.ehip.eu/assets/images/0/bachelor-digitale-transformation-ehip-fernstudium-0bba57b8.webp","image/webp","200","OK","Indexierbar","","0","0,093","",""
"https://www.ehip.eu/assets/images/1/bachelor-bwl-technisches-management-fernstudium-ehip-8d0bdebf.webp","image/webp","200","OK","Indexierbar","","0","0,088","",""
"https://www.ehip.eu/assets/images/7/bachelor-bwl-fernstudium-human-resources-ehip-29a359fa.webp","image/webp","200","OK","Indexierbar","","0","0,088","",""
"https://www.ehip.eu/bwl-berufsbegleitend/","text/html; charset=UTF-8","200","OK","Indexierbar","","16","0,484","",""
"https://www.ehip.eu/bwl-studium/","text/html; charset=UTF-8","200","OK","Indexierbar","","6","0,644","",""
"https://www.ehip.eu/assets/images/1/bachelor-bwl-fernstudium-ehip-unternehmensberater-42ba69eb.webp","image/webp","200","OK","Indexierbar","","0","0,024","",""
"https://www.ehip.eu/assets/images/b/logo-zfu_zugelassen_blau_betriebswirtschaftslehre-42028711.svg","image/svg+xml","200","OK","Indexierbar","","0","0,071","",""
"https://www.ehip.eu/bwl-bachelor/","text/html; charset=UTF-8","200","OK","Indexierbar","","13","0,535","",""
"https://www.ehip.eu/studieninformationen-anfordern/?alias=bwl-fernstudium&titel=B.A. Betriebswirtschaftslehre","text/html; charset=UTF-8","200","OK","Nicht indexierbar","Canonicalised,noindex","7","0,341","",""
"https://www.ehip.eu/assets/images/7/bachelor-bwl-online-marketing-studieren-ehip-b9403809.webp","image/webp","200","OK","Indexierbar","","0","0,021","",""
"https://www.ehip.eu/assets/images/3/bachelor-bwl-fernstudium-ehip-4629967e.webp","image/webp","200","OK","Indexierbar","","0","0,080","",""
"https://www.ehip.eu/assets/images/e/bachelor-betriebswirtschaftlehre-ehip.webp-1c683387.webp","image/webp","200","OK","Indexierbar","","0","0,021","",""
"https://www.ehip.eu/bwl-schwerpunkt/","text/html; charset=UTF-8","200","OK","Indexierbar","","7","0,445","",""
"https://www.ehip.eu/bwl-studium-berufe/","text/html; charset=UTF-8","200","OK","Indexierbar","","10","0,705","",""
"https://www.ehip.eu/files/userfiles/study-guide/deine-lernwelt/dein-studiensupport-ehip-landingpage-study-coach.webp","image/webp","200","OK","Indexierbar","","0","0,088","",""
"https://www.ehip.eu/files/userfiles/study-guide/dein-studium/studieren-mit-abitur-ehip.webp","image/webp","200","OK","Indexierbar","","0","0,090","",""
"https://www.ehip.eu/studieren-mit-oesterreichischer-vorbildung/","text/html; charset=UTF-8","200","OK","Indexierbar","","8","0,422","",""
"https://www.ehip.eu/studieren-mit-auslaendischer-vorbildung/","text/html; charset=UTF-8","200","OK","Indexierbar","","8","0,487","",""
"https://www.ehip.eu/files/userfiles/kontakt/landingpages/conversion/landingpage-teamwork-und-freiraum.webp","image/webp","200","OK","Indexierbar","","0","0,022","",""
"https://www.ehip.eu/studieren-mit-ausbildung/","text/html; charset=UTF-8","200","OK","Indexierbar","","8","0,466","",""
"https://www.ehip.eu/files/userfiles/study-guide/dein-studium/studieren-mit-ausbildung-und-berufserfahrung-ehip.webp","image/webp","200","OK","Indexierbar","","0","0,023","",""
"https://ehip.easy2book.de/media/easy2book/easy2book.min.js","application/javascript; charset=utf-8","200","OK","Indexierbar","","0","0,025","",""
"https://www.ehip.eu/studieren-mit-abitur/","text/html; charset=UTF-8","200","OK","Indexierbar","","13","0,427","",""
"https://www.ehip.eu/assets/images/b/bachelor-e-learning-management-fernstudium-ehip-e-learning-autor-856d98d2.webp","image/webp","200","OK","Indexierbar","","0","0,025","",""
"https://www.ehip.eu/assets/images/0/bachelor-e-learning-management-fernstudium-ehip-stage-14617979.webp","image/webp","200","OK","Indexierbar","","0","0,068","",""
"https://www.ehip.eu/assets/images/6/logo-zfu_zugelassen_blau_e_learning_management-00a52a00.svg","image/svg+xml","200","OK","Indexierbar","","0","0,075","",""
"https://www.ehip.eu/assets/images/2/bachelor-e-learning-management-fernstudium-ehip-studienverlauf-82069ca5.webp","image/webp","200","OK","Indexierbar","","0","0,088","",""
"https://www.ehip.eu/assets/css/reset.min.css,bootstrap.trk17.min.css,container.trk17.min.css,cu...-7e6aee16.css","text/css","200","OK","Indexierbar","","0","0,098","",""
"https://www.ehip.eu/assets/images/2/bachelor-e-learning-management-fernstudium-ehip-referent-für-personalentwicklung-b986339d.webp","image/webp","200","OK","Indexierbar","","0","0,096","",""
"https://www.ehip.eu/assets/images/a/bachelor-e-learning-management-fernstudium-ehip-e-learning-beauftragter-hochschule-942972d0.webp","image/webp","200","OK","Indexierbar","","0","0,097","",""
"https://www.ehip.eu/assets/images/b/bachelor-e-learning-management-fernstudium-ehip-blended-learning-manager-d13d237f.webp","image/webp","200","OK","Indexierbar","","0","0,075","",""
"https://www.ehip.eu/studieninformationen-anfordern/?alias=e-learning-studium&titel=B.A. E-Learning-Management","text/html; charset=UTF-8","200","OK","Nicht indexierbar","Canonicalised,noindex","8","0,393","",""
"https://www.ehip.eu/assets/images/d/bachelor-kategorieseite-ehip-fernstudium-infos-2-3e2800d5.webp","image/webp","200","OK","Indexierbar","","0","0,067","",""
"https://www.ehip.eu/assets/images/e/bachelor-kategorieseite-ehip-fernstudium-infos-1-84755555.webp","image/webp","200","OK","Indexierbar","","0","0,069","",""
"https://www.ehip.eu/assets/images/d/informationen-studienbeginn-fernstudium-landingpage-ehip-funktion-fernstudium-c9527b2e.webp","image/webp","200","OK","Indexierbar","","0","0,067","",""
"https://www.ehip.eu/assets/images/c/informationen-studienbeginn-fernstudium-landingpage-ehip-wer-studieren-1d1098d2.webp","image/webp","200","OK","Indexierbar","","0","0,091","",""
"https://www.ehip.eu/files/_assets/img/icons/form-uebersicht.svg","image/svg+xml","200","OK","Indexierbar","","0","0,073","",""
"https://www.ehip.eu/assets/images/6/studium-und-job-landingpage-ehip-vorteile1-5d8824b7.webp","image/webp","200","OK","Indexierbar","","0","0,072","",""
"https://www.ehip.eu/assets/images/8/fernstudium-ohne-abitur-kategorieseite-ehip-open-graph-f44b6d2f.webp","image/webp","200","OK","Indexierbar","","0","0,078","",""
"https://www.ehip.eu/assets/images/4/informationen-studienbeginn-fernstudium-landingpage-ehip-bewerbungsablauf-c26de59d.webp","image/webp","200","OK","Indexierbar","","0","0,072","",""
"https://www.ehip.eu/assets/css/reset.min.css,bootstrap.trk17.min.css,container.trk17.min.css,el...-9e8407ca.css","text/css","200","OK","Indexierbar","","0","0,028","",""
"https://www.ehip.eu/fernstudium/bachelor/technische-betriebswirtschaft-studium/","text/html; charset=UTF-8","200","OK","Indexierbar","","16","3,677","",""
"https://www.ehip.eu/assets/images/4/dein-leben-deine-ziele-dein-erfolg-landingpage-ehip-studium-und-job-8edf4ffa.webp","image/webp","200","OK","Indexierbar","","0","0,024","",""
"https://www.ehip.eu/fernstudium/bachelor/digitalisierung-studium/","text/html; charset=UTF-8","200","OK","Indexierbar","","16","3,582","",""
"https://www.ehip.eu/assets/images/c/bachelor-digital-marketing-fernstudium-ehip-studienverlauf-107bec34.webp","image/webp","200","OK","Indexierbar","","0","0,094","",""
"https://www.ehip.eu/assets/images/5/stellenangebote-landingpage-ehip-content-marketing-manager-aufgaben-0d5c75c7.webp","image/webp","200","OK","Indexierbar","","0","0,101","",""
"https://www.ehip.eu/assets/images/d/logo-zfu_zugelassen_blau_digital_marketing-171058a1.svg","image/svg+xml","200","OK","Indexierbar","","0","0,077","",""
"https://www.ehip.eu/assets/images/b/bachelor-betriebswirtschaftlehre-ehip-hauptbild-7ab59f75.webp","image/webp","200","OK","Indexierbar","","0","0,094","",""
"https://www.ehip.eu/assets/images/b/dein-leben-deine-ziele-dein-erfolg-ehip-cta-produktseiten-7de4dd5b.webp","image/webp","200","OK","Indexierbar","","0","0,065","",""
"https://www.ehip.eu/assets/images/c/bachelor-digital-marketing-fernstudium-ehip-manager-social-media-marketing-4ff10acf.webp","image/webp","200","OK","Indexierbar","","0","0,107","",""
"https://www.ehip.eu/assets/images/9/bachelor-digital-marketing-fernstudium-ehip-kommunikations-pr-manager-d3bf4440.webp","image/webp","200","OK","Indexierbar","","0","0,065","",""
"https://www.ehip.eu/assets/css/reset.min.css,bootstrap.trk17.min.css,container.trk17.min.css,cu...-8c45cba9.css","text/css","200","OK","Indexierbar","","0","0,102","",""
"https://www.ehip.eu/assets/images/8/bachelor-digital-marketing-fernstudium-ehip-seo-manager-9c6ee1d0.webp","image/webp","200","OK","Indexierbar","","0","0,069","",""
"https://www.ehip.eu/assets/images/a/bachelor-digital-marketing-fernstudium-ehip-content-manager-e738b15d.webp","image/webp","200","OK","Indexierbar","","0","0,067","",""
"https://www.ehip.eu/files/userfiles/study-guide/deine-bruecke-zu-uns/perfekte_planung_webp.webp","image/webp","200","OK","Indexierbar","","0","0,092","",""
"https://www.ehip.eu/files/userfiles/study-guide/dein-studium/deine-finanzierungsmoeglichkeiten-landingpage-ehip-step1.webp","image/webp","200","OK","Indexierbar","","0","0,087","",""
"https://www.ehip.eu/studieninformationen-anfordern/?alias=digital-marketing-studium&titel=B.A. Digital Marketing","text/html; charset=UTF-8","200","OK","Nicht indexierbar","Canonicalised,noindex","8","0,425","",""
"https://www.ehip.eu/assets/images/7/hr-studieren-fernstudium-landingpage-ehip-stage-605b51a6.webp","image/webp","200","OK","Indexierbar","","0","0,034","",""
"https://www.ehip.eu/assets/images/1/studieninformationen_webp-818a977f.webp","image/webp","200","OK","Indexierbar","","0","0,093","",""
"https://www.ehip.eu/assets/css/reset.min.css,bootstrap.trk17.min.css,container.trk17.min.css,el...-f182c605.css","text/css","200","OK","Indexierbar","","0","0,109","",""
"https://www.ehip.eu/assets/images/9/erfuellst-du-die-voraussetzungen-landingpage-ehip-19c2a9c8.webp","image/webp","200","OK","Indexierbar","","0","0,124","",""
"https://www.ehip.eu/assets/css/reset.min.css,bootstrap.trk17.min.css,container.trk17.min.css,cu...-2d43546e.css","text/css","200","OK","Indexierbar","","0","0,100","",""
"https://www.ehip.eu/files/userfiles/landingpages/ferstudium-aus-dem-ausland/fernstudium-ausland-kategorieseite-ehip-top-flexibel.webp","image/webp","200","OK","Indexierbar","","0","0,094","",""
"https://www.ehip.eu/files/_assets/img/icons/slider-arrow-green-slim.svg","image/svg+xml","200","OK","Indexierbar","","0","0,067","",""
"https://www.ehip.eu/files/userfiles/study-guide/dein-studium/erfuellst-du-die-voraussetzungen-landingpage-ehip.webp","image/webp","200","OK","Indexierbar","","0","0,110","",""
"https://www.ehip.eu/files/_assets/img/icons/custom/money-down.svg","image/svg+xml","200","OK","Indexierbar","","0","0,084","",""
"https://www.ehip.eu/files/userfiles/study-guide/dein-leben-deine-ziele-dein-erfolg/studieren-aus-dem-ausland-landingpage-ehip-1.webp","image/webp","200","OK","Indexierbar","","0","0,116","",""
"https://www.ehip.eu/files/_assets/img/icons/custom/duration.svg","image/svg+xml","200","OK","Indexierbar","","0","0,095","",""
"https://www.ehip.eu/files/_assets/img/icons/custom/time-shortened.svg","image/svg+xml","200","OK","Indexierbar","","0","0,093","",""
"https://www.ehip.eu/assets/images/9/ehip-fernstudium-erfahrungen-stage-5e729212.webp","image/webp","200","OK","Indexierbar","","0","0,088","",""
"https://www.ehip.eu/assets/images/c/ehip-fernstudium-erfahrungen-tipps3-065c9940.webp","image/webp","200","OK","Indexierbar","","0","0,100","",""
"https://www.fortbildung24.com/anbieter/europaeische-hochschule-fuer-innovation-und-perspektive-ehip/bewertungen/","text/html; charset=utf-8","200","OK","Indexierbar","","1","0,123","",""
"https://www.ehip.eu/fernstudium/bachelor/fernstudium-human-resources/","text/html; charset=UTF-8","200","OK","Indexierbar","","17","3,619","",""
"https://www.ehip.eu/fernstudium/bachelor/e-commerce-studium/","text/html; charset=UTF-8","200","OK","Indexierbar","","17","3,497","",""
