"Adresse","Häufigkeit","Meta Robots 1","X-Robots-Tag 1","Meta Refresh 1","Canonical-Linkelement 1","HTTP-Canonical"
"https://www.ehip.eu/","1","index,follow","","","https://www.ehip.eu/",""
"https://www.ehip.eu/files/_assets/img/logo/footer-youtube.png","0","","","","",""
"https://www.ehip.eu/assets/images/a/startseite-ehip-bildungsbereiche-marketing-15c4315b.webp","0","","","","",""
"https://www.ehip.eu/assets/images/c/logo-akkreditierungsrat-63207888.svg","0","","","","",""
"https://www.ehip.eu/files/_assets/js/jentis_ehip.js","0","","","","",""
"https://www.ehip.eu/study-guide/dein-studiensupport/","1","index,follow","","","https://www.ehip.eu/study-guide/dein-studiensupport/",""
"https://www.ehip.eu/assets/images/5/ehip-probestudium-start-1ad7c928.jpg","0","","","","",""
"https://www.ehip.eu/study-guide/digitale-lerntools/","1","index,follow","","","https://www.ehip.eu/study-guide/digitale-lerntools/",""
"https://www.ehip.eu/assets/images/d/bachelor-gesundheitsmanagement-fernstudium-ehip-hauptbild-e995d117.webp","0","","","","",""
"https://www.ehip.eu/files/_assets/img/logo/footer-tiktok.png","0","","","","",""
"https://www.ehip.eu/study-guide/studieren-mit-ihk-abschluss/","1","index,follow","","","https://www.ehip.eu/study-guide/studieren-mit-ihk-abschluss/",""
"https://www.ehip.eu/ueber-uns/qualitaet/","1","index,follow","","","https://www.ehip.eu/ueber-uns/qualitaet/",""
"https://www.ehip.eu/study-guide/gebuehrenmodelle/","1","index,follow","","","https://www.ehip.eu/study-guide/gebuehrenmodelle/",""
"https://www.ehip.eu/assets/images/0/startseite-ehip-bildungsbereiche-gesundheit-3dbbc564.webp","0","","","","",""
"https://www.ehip.eu/marketing-und-kommunikation-bachelorstudiengaenge/","1","index,follow","","","https://www.ehip.eu/marketing-und-kommunikation-bachelorstudiengaenge/",""
"https://www.ehip.eu/assets/images/f/logo-wissenschaftsrat-dcb77cc8.png","0","","","","",""
"https://www.ehip.eu/hochschule/karriere/","1","index,follow","","","https://www.ehip.eu/hochschule/karriere/",""
"https://www.ehip.eu/coming-soon-duale-studiengaenge-unternehmen/","1","index,follow","","","",""
"https://www.ehip.eu/study-guide/fernstudium-finanzieren/","1","index,follow","","","https://www.ehip.eu/study-guide/fernstudium-finanzieren/",""
"https://www.ehip.eu/fernstudium/bachelor/sportmanagement-studium/","1","index,follow","","","https://www.ehip.eu/fernstudium/bachelor/sportmanagement-studium/",""
"https://www.ehip.eu/fernstudium/bachelor/fernstudium-fitnesstraining-fitnessmanagement/","1","index,follow","","","https://www.ehip.eu/fernstudium/bachelor/fernstudium-fitnesstraining-fitnessmanagement/",""
"https://www.ehip.eu/fernstudium/bachelor/ernaehrungswissenschaften-fernstudium/","1","index,follow","","","https://www.ehip.eu/fernstudium/bachelor/ernaehrungswissenschaften-fernstudium/",""
"https://www.ehip.eu/datenschutz/","1","index,follow","","","",""
"https://www.ehip.eu/hochschule/team/","1","noindex,nofollow","","","https://www.ehip.eu/hochschule/team/",""
"https://www.ehip.eu/assets/images/2/bachelor-ernaehrungsberatung-management-ehip-hauptbild-d7356706.webp","0","","","","",""
"https://www.ehip.eu/assets/images/2/startseite-ehip-vorteile-dekoration-3-f37d3e11.webp","0","","","","",""
"https://www.ehip.eu/vertrag-kuendigen/","1","noindex,nofollow","","","https://www.ehip.eu/vertrag-kuendigen/",""
"https://www.ehip.eu/assets/images/3/startseite-ehip-zielgruppe-berufstätige-8b7ab37b.webp","0","","","","",""
"https://www.ehip.eu/assets/images/3/fernstudium-direkt-siegel-59df69ea.png","0","","","","",""
"https://www.ehip.eu/fernstudium/bachelor/fernstudium-sportwissenschaft-ernaehrungswissenschaft/","1","index,follow","","","https://www.ehip.eu/fernstudium/bachelor/fernstudium-sportwissenschaft-ernaehrungswissenschaft/",""
"https://www.ehip.eu/ueber-uns/fernstudium-erfahrungen/","1","index,follow","","","https://www.ehip.eu/ueber-uns/fernstudium-erfahrungen/",""
"https://www.ehip.eu/assets/images/b/startseite-ehip-vorteile-dekoration-1-7e3adc35.webp","0","","","","",""
"https://www.ehip.eu/study-guide/studieren-aus-dem-ausland/","1","index,follow","","","https://www.ehip.eu/study-guide/studieren-aus-dem-ausland/",""
"https://www.ehip.eu/study-guide/deine-studienberatung/","1","index,follow","","","https://www.ehip.eu/study-guide/deine-studienberatung/",""
"https://www.ehip.eu/kontaktformular/","1","noindex,nofollow","","","https://www.ehip.eu/kontaktformular/",""
"https://www.ehip.eu/assets/images/2/bachelor-fitnesstraining-ehip-hauptbild-84218a90.webp","0","","","","",""
"https://www.ehip.eu/study-guide/deine-bruecke-zu-uns/","1","index,follow","","","https://www.ehip.eu/study-guide/deine-bruecke-zu-uns/",""
"https://www.ehip.eu/fernstudium/bachelor/digital-marketing-studium/","1","index,follow","","","https://www.ehip.eu/fernstudium/bachelor/digital-marketing-studium/",""
"https://www.ehip.eu/assets/images/5/top-fernhochschule-fernstudiumcheck-871f5aa2.png","0","","","","",""
"https://www.ehip.eu/study-guide/studium-und-job/","1","index,follow","","","https://www.ehip.eu/study-guide/studium-und-job/",""
"https://www.ehip.eu/bachelor-studiengaenge/","1","index,follow","","","https://www.ehip.eu/bachelor-studiengaenge/",""
"https://www.ehip.eu/fernstudium/bachelor/e-learning-studium/","1","index,follow","","","https://www.ehip.eu/fernstudium/bachelor/e-learning-studium/",""
"https://www.ehip.eu/kalender-studienberatung/","1","noindex,nofollow","","","",""
"https://www.ehip.eu/assets/images/7/logo-staatliche-anerkennung_ehip-4f020123.svg","0","","","","",""
"https://www.ehip.eu/assets/js/vanilla-js-carousel.js,script.js,moment-with-locales.js,datepick...-81244751.js","0","","","","",""
"https://www.ehip.eu/study-guide/voraussetzungen/","1","index,follow","","","https://www.ehip.eu/study-guide/voraussetzungen/",""
"https://www.ehip.eu/fernstudium/bachelor/bwl-fernstudium/","1","index,follow","","","https://www.ehip.eu/fernstudium/bachelor/bwl-fernstudium/",""
"https://www.ehip.eu/files/_assets/img/logo/logo-ehip-mobile.png","0","","","","",""
"https://www.ehip.eu/study-guide/pruefungsformen/","1","index,follow","","","https://www.ehip.eu/study-guide/pruefungsformen/",""
"https://www.ehip.eu/assets/images/6/vph-logo-5159c680.png","0","","","","",""
"https://www.ehip.eu/study-guide/warum-ehip/","1","index,follow","","","https://www.ehip.eu/study-guide/warum-ehip/",""
"https://www.ehip.eu/fernstudium/bachelor/fernstudium-ernaehrungsberatung-ernaehrungsmanagement/","1","index,follow","","","https://www.ehip.eu/fernstudium/bachelor/fernstudium-ernaehrungsberatung-ernaehrungsmanagement/",""
"https://www.ehip.eu/study-guide/studium-alleinerziehend/","1","index,follow","","","https://www.ehip.eu/study-guide/studium-alleinerziehend/",""
"https://www.ehip.eu/coming-soon-duale-studiengaenge/","1","index,follow","","","",""
"https://www.ehip.eu/files/_assets/img/logo/footer-xing.png","0","","","","",""
"https://www.ehip.eu/study-guide/wegweiser/","1","index,follow","","","https://www.ehip.eu/study-guide/wegweiser/",""
"https://www.ehip.eu/files/_assets/img/logo/footer-facebook.png","0","","","","",""
"https://www.ehip.eu/assets/images/3/bachelor-betriebswirtschaftlehre-ehip-hauptbild-9e7c0530.webp","0","","","","",""
"https://www.ehip.eu/assets/images/e/bachelor-ernährungswissenschaft-fernstudium-ehip-hauptbild-7f059161.webp","0","","","","",""
"https://www.ehip.eu/fernstudium/bachelor/international-management-studium/","1","index,follow","","","https://www.ehip.eu/fernstudium/bachelor/international-management-studium/",""
"https://www.ehip.eu/infoveranstaltung/","1","noindex,nofollow","","","",""
"https://www.ehip.eu/study-guide/studieren-mit-familie/","1","index,follow","","","https://www.ehip.eu/study-guide/studieren-mit-familie/",""
"https://www.ehip.eu/fernstudium/bachelor/fernstudium-personalmanagement/","1","index,follow","","","https://www.ehip.eu/fernstudium/bachelor/fernstudium-personalmanagement/",""
"https://www.ehip.eu/assets/images/8/startseite-ehip-zielgruppe-quereinsteiger-8a76e526.webp","0","","","","",""
"https://www.ehip.eu/assets/images/7/bachelor-international-management-studium-ehip-05ae5046.webp","0","","","","",""
"https://www.ehip.eu/study-guide/dein-anmeldeprozess/","1","index,follow","","","https://www.ehip.eu/study-guide/dein-anmeldeprozess/",""
"https://www.ehip.eu/assets/images/c/bachelor-sport-ernaehrungswissenschaft-ehip-hauptbild-a10bd534.webp","0","","","","",""
"https://www.ehip.eu/assets/images/a/bachelor-e-learning-management-fernstudium-ehip-hauptbild-41d0d434.webp","0","","","","",""
"https://www.ehip.eu/assets/images/f/deine-finanzierungsmoeglichkeiten-landingpage-ehip-step1-674ce29a.webp","0","","","","",""
"https://www.ehip.eu/study-guide/deine-finanzierungsmoeglichkeiten/","1","index,follow","","","https://www.ehip.eu/study-guide/deine-finanzierungsmoeglichkeiten/",""
"https://www.ehip.eu/impressum/","1","index,follow","","","https://www.ehip.eu/impressum/",""
"https://www.ehip.eu/assets/images/4/startseite-ehip-zielgruppe-abiturienten-81c3dafb.webp","0","","","","",""
"https://www.ehip.eu/files/_assets/img/logo/footer-linkedin.png","0","","","","",""
"https://www.ehip.eu/assets/images/3/bachelor-sportmanagement-fernstudium-ehip-hauptbild-b48f42dd.webp","0","","","","",""
"https://www.ehip.eu/assets/images/4/logo-zfu-zugelassen-40cddf95.svg","0","","","","",""
"https://www.ehip.eu/assets/images/f/bachelor-digital-marketing-fernstudium-ehip-0d9d3f59.webp","0","","","","",""
"https://www.ehip.eu/assets/images/d/startseite-ehip-vorteile-ersatzbild-bf25a0cd.webp","0","","","","",""
"https://www.ehip.eu/files/_assets/img/logo/footer-instagram.png","0","","","","",""
"https://www.ehip.eu/assets/images/7/startseite-ehip-chancen-3cfbd830.webp","0","","","","",""
"https://www.ehip.eu/assets/css/reset.min.css,bootstrap.trk17.min.css,container.trk17.min.css,el...-2fa76154.css","0","","","","",""
"https://www.ehip.eu/assets/images/2/bachelor-personalmanagement-fernstudium-ehip-hauptbild-4c10b0f8.webp","0","","","","",""
"https://www.ehip.eu/study-guide/deine-studieninformationen/","1","index,follow","","","https://www.ehip.eu/study-guide/deine-studieninformationen/",""
"https://www.ehip.eu/files/_assets/img/logo/logo-ehip-white-small.png","0","","","","",""
"https://www.ehip.eu/assets/images/3/logo-ministerium-fuer-wissenschaft-bw-01c21876.png","0","","","","",""
"https://www.ehip.eu/fernstudium/bachelor/gesundheitsmanagement-studium/","1","index,follow","","","https://www.ehip.eu/fernstudium/bachelor/gesundheitsmanagement-studium/",""
"https://www.ehip.eu/assets/images/3/startseite-ehip-vorteile-dekoration-2-0b2012f4.webp","0","","","","",""
"https://www.ehip.eu/fernstudium/","1","index,follow","","","https://www.ehip.eu/fernstudium/",""
"https://www.ehip.eu/assets/images/a/startseite-ehip-deine-bedingungen-6fcb9aa3.webp","0","","","","",""
"https://www.ehip.eu/hochschule/","1","index,follow","","","https://www.ehip.eu/hochschule/",""
"https://www.ehip.eu/assets/images/c/bachelor-fitnesswissenschaft-fernstudium-ehip-hauptbild-8e1a1a42.webp","0","","","","",""
"https://www.ehip.eu/study-guide/","1","index,follow","","","https://www.ehip.eu/study-guide/",""
"https://www.ehip.eu/study-guide/dein-leben-dein-studium/","1","index,follow","","","https://www.ehip.eu/study-guide/dein-leben-dein-studium/",""
"https://www.ehip.eu/study-guide/deine-lernwelt/","1","index,follow","","","https://www.ehip.eu/study-guide/deine-lernwelt/",""
"https://www.ehip.eu/study-guide/dein-studium/","1","index,follow","","","https://www.ehip.eu/study-guide/dein-studium/",""
"https://www.ehip.eu/files/_assets/img/logo/logo-ehip.png","0","","","","",""
"https://www.ehip.eu/wer-kann-bei-uns-studieren/","1","index,follow","","","https://www.ehip.eu/wer-kann-bei-uns-studieren/",""
"https://www.ehip.eu/files/_assets/img/logo/logo-ehip-white.png","0","","","","",""
"https://www.ehip.eu/bachelor-of-arts/","1","index,follow","","","https://www.ehip.eu/bachelor-of-arts/",""
"https://www.ehip.eu/ueber-uns/","1","index,follow","","","https://www.ehip.eu/ueber-uns/",""
"https://www.ehip.eu/study-guide/anrechnung-und-anerkennung/","1","index,follow","","","https://www.ehip.eu/study-guide/anrechnung-und-anerkennung/",""
"https://www.ehip.eu/assets/images/0/startseite-ehip-bildungsbereiche-wirtschaft-neu-6f991d24.webp","0","","","","",""
"https://www.ehip.eu/assets/images/c/ehip-logo-bundesverband-der-fernstudienanbieter-21502664.png","0","","","","",""
"https://www.ehip.eu/studienplatz-sichern/","1","noindex,nofollow","","","https://www.ehip.eu/studienplatz-sichern/",""
"https://www.ehip.eu/assets/images/3/logo-kursfinder-517bac8d.png","0","","","","",""
"https://www.ehip.eu/wirtschaft-und-management-bachelorstudiengaenge/","1","index,follow","","","https://www.ehip.eu/wirtschaft-und-management-bachelorstudiengaenge/",""
"https://www.ehip.eu/study-guide/bafoeg-fernstudium/","1","index,follow","","","https://www.ehip.eu/study-guide/bafoeg-fernstudium/",""
"https://www.ehip.eu/assets/images/9/duale-studiengaenge-coming-soon-60a35eb6.webp","0","","","","",""
"https://www.ehip.eu/study-guide/studieren-direkt-nach-abitur/","1","index,follow","","","https://www.ehip.eu/study-guide/studieren-direkt-nach-abitur/",""
"https://www.ehip.eu/gesundheit-bachelorstudiengaenge/","1","index,follow","","","https://www.ehip.eu/gesundheit-bachelorstudiengaenge/",""
"https://www.ehip.eu/assets/images/0/dein-studiensupport-ehip-landingpage-study-coach-086ea81e.webp","0","","","","",""
"https://www.ehip.eu/study-guide/lernkonzept-focus/","1","index,follow","","","",""
"https://www.ehip.eu/assets/images/6/bachelor-kategorieseite-ehip-stage-cf843b4f.webp","0","","","","",""
"https://www.ehip.eu/study-guide/online-campus/","1","index,follow","","","https://www.ehip.eu/study-guide/online-campus/",""
"https://www.ehip.eu/assets/css/reset.min.css,bootstrap.trk17.min.css,container.trk17.min.css,el...-6fe44bda.css","0","","","","",""
"https://www.ehip.eu/assets/images/5/dein-studiensupport-ehip-landingpage-professorin-dozierende-496955e3.webp","0","","","","",""
"https://www.ehip.eu/assets/images/c/online-working-spaces-6267d074.webp","0","","","","",""
"https://www.ehip.eu/assets/images/d/live-online-sprechstunden-f8315404.webp","0","","","","",""
"https://www.ehip.eu/assets/css/reset.min.css,bootstrap.trk17.min.css,container.trk17.min.css,el...-2d300168.css","0","","","","",""
"https://www.ehip.eu/assets/images/f/dein-leben-deine-ziele-dein-erfolg-landingpage-ehip-stage-51bd85d4.webp","0","","","","",""
"https://www.ehip.eu/assets/css/reset.min.css,bootstrap.trk17.min.css,container.trk17.min.css,el...-1014eddc.css","0","","","","",""
"https://www.ehip.eu/files/userfiles/study-guide/dein-leben-deine-ziele-dein-erfolg/studieren-mit-ihk-fortbildungsabschluss-landingpage-ehip-profitiere-doppelt.webp","0","","","","",""
"https://www.ehip.eu/files/userfiles/study-guide/dein-studium/deine-finanzierungsmoeglichkeiten-ehip.webp","0","","","","",""
"https://www.ehip.eu/files/userfiles/study-guide/dein-studium/studieren-als-fachwirt-betriebswirt-meister-ehip.webp","0","","","","",""
"https://www.ehip.eu/files/userfiles/study-guide/deine-bruecke-zu-uns/studienberatung_ehip.webp.webp","0","","","","",""
"https://www.ehip.eu/assets/images/4/vph-logo-825c3577.png","0","","","","",""
"https://www.ehip.eu/assets/images/0/logo-zfu-zugelassen-4a0dc203.svg","0","","","","",""
"https://www.ehip.eu/files/_assets/img/icons/custom/rueckruf-footer.png","0","","","","",""
"https://www.ehip.eu/assets/images/c/logo-akkreditierungsrat-9338e1fd.svg","0","","","","",""
"https://www.ehip.eu/files/_assets/img/icons/phone.svg","0","","","","",""
"https://www.ehip.eu/files/_assets/img/icons/edit.svg","0","","","","",""
"https://www.ehip.eu/studieren-als-fachwirt-betriebswirt-meister/","1","index,follow","","","https://www.ehip.eu/studieren-als-fachwirt-betriebswirt-meister/",""
"https://www.ehip.eu/files/_assets/img/icons/footer-whatsapp-sw-1.png","0","","","","",""
"https://www.ehip.eu/assets/images/8/stage-qualitaet-ehip-6779df91.webp","0","","","","",""
"https://www.ehip.eu/assets/css/reset.min.css,bootstrap.trk17.min.css,container.trk17.min.css,el...-609a2348.css","0","","","","",""
"https://www.ehip.eu/assets/images/c/studienbetreuung-gruppenbild-be385b3a.webp","0","","","","",""
"https://www.ehip.eu/assets/images/4/logo-ministerium-fuer-wissenschaft-bw-f183455a.png","0","","","","",""
"https://www.ehip.eu/assets/images/7/logo-wissenschaftsrat-a4bef2c8.png","0","","","","",""
"https://www.ehip.eu/assets/images/f/ehip-logo-bundesverband-der-fernstudienanbieter-7846a439.png","0","","","","",""
"https://www.ehip.eu/files/userfiles/elemente/study_price/balance-icon.svg","0","","","","",""
"https://www.ehip.eu/files/userfiles/study-guide/deine-bruecke-zu-uns/studieninformationen_webp.webp","0","","","","",""
"https://www.ehip.eu/assets/images/3/dein-studium-ehip-stage-f40a4520.webp","0","","","","",""
"https://www.ehip.eu/files/userfiles/elemente/study_price/sprint-icon.svg","0","","","","",""
"https://www.ehip.eu/files/userfiles/study-guide/deine-lernwelt/focus-lernkonzept-landingpage-ehip.webp","0","","","","",""
"https://www.ehip.eu/assets/css/reset.min.css,bootstrap.trk17.min.css,container.trk17.min.css,el...-dd872332.css","0","","","","",""
"https://www.ehip.eu/files/userfiles/elemente/study_price/flex-icon.svg","0","","","","",""
"https://www.ehip.eu/studienplatz-sichern/?id=","1","noindex,nofollow","","","https://www.ehip.eu/studienplatz-sichern/",""
"https://www.ehip.eu/assets/images/b/bachelor-marketing-kommunikation-ehip-fernstudium-infos-2-2504962c.webp","0","","","","",""
"https://www.ehip.eu/files/_assets/img/deco/Frau-am-Laptop-mit-Icons.webp","0","","","","",""
"https://www.ehip.eu/assets/images/a/bachelor-digital-marketing-fernstudium-ehip-stage-86dfc33e.webp","0","","","","",""
"https://www.ehip.eu/assets/css/reset.min.css,bootstrap.trk17.min.css,container.trk17.min.css,mo...-14c49a8d.css","0","","","","",""
"https://www.ehip.eu/assets/images/7/bachelor-marketing-kommunikation-ehip-fernstudium-infos-1-390485b6.webp","0","","","","",""
"https://www.ehip.eu/assets/css/reset.min.css,bootstrap.trk17.min.css,container.trk17.min.css,el...-bb0392fc.css","0","","","","",""
"https://www.ehip.eu/assets/images/d/stellenangebote-landingpage-ehip-vorteile-3-b8ab19d5.webp","0","","","","",""
"https://www.ehip.eu/assets/images/c/stellenangebote-landingpage-ehip-hauptbild-professur-betriebswirtschaftslehre-management-personalmanagement-cb340953.webp","0","","","","",""
"https://www.ehip.eu/hochschule/karriere/freiberuflicher-autor-controlling-im-gesundheitswesen-m-w-d/","1","index,follow","","","https://www.ehip.eu/hochschule/karriere/freiberuflicher-autor-controlling-im-gesundheitswesen-m-w-d/",""
"https://www.ehip.eu/assets/images/d/bachelor-business-administration-fernstudium-ehip-digitalisierung-manager-c7e70aab.webp","0","","","","",""
"https://www.ehip.eu/hochschule/karriere/professur-fuer-quantitative-bwl-m-w-d/","1","noindex,nofollow","","","https://www.ehip.eu/hochschule/karriere/professur-fuer-quantitative-bwl-m-w-d/",""
"https://www.ehip.eu/fernstudium/bachelor/fitnesswissenschaft-fernstudium/","1","index,follow","","","https://www.ehip.eu/fernstudium/bachelor/fitnesswissenschaft-fernstudium/",""
"https://www.ehip.eu/assets/images/4/bachelor-bwl-fernstudium-ehip-controller-7855ae21.webp","0","","","","",""
"https://www.ehip.eu/hochschule/karriere/freiberuflicher-autor-digitale-marktforschung-und-big-data-management-m-w-d/","1","index,follow","","","https://www.ehip.eu/hochschule/karriere/freiberuflicher-autor-digitale-marktforschung-und-big-data-management-m-w-d/",""
"https://www.ehip.eu/assets/images/4/stellenangebote-landingpage-ehip-hauptbild-professur-betriebswirtschaftslehre-management-marketing-df0f13a7.webp","0","","","","",""
"https://www.ehip.eu/hochschule/karriere/freiberuflicher-autor-accounting-2-jahresabschluss-m-w-d/","1","index,follow","","","https://www.ehip.eu/hochschule/karriere/freiberuflicher-autor-accounting-2-jahresabschluss-m-w-d/",""
"https://www.ehip.eu/assets/images/d/bachelor-bwl-online-marketing-studieren-ehip-online-communication-manager-dea4e5ff.webp","0","","","","",""
"https://www.ehip.eu/hochschule/karriere/professur-fuer-wirtschaftspsychologie-m-w-d/","1","index,follow","","","https://www.ehip.eu/hochschule/karriere/professur-fuer-wirtschaftspsychologie-m-w-d/",""
"https://www.ehip.eu/assets/images/0/bachelor-digitale-transformation-studium-ehip-e-commerce-manager-b495d7bd.webp","0","","","","",""
"https://www.ehip.eu/assets/images/9/stellenangebote-landingpage-ehip-vision-7e2c18f6.webp","0","","","","",""
"https://www.ehip.eu/hochschule/karriere/freiberuflicher-autor-zum-thema-beschaffung-und-logistik-m-w-d/","1","index,follow","","","https://www.ehip.eu/hochschule/karriere/freiberuflicher-autor-zum-thema-beschaffung-und-logistik-m-w-d/",""
"https://www.ehip.eu/assets/images/f/bachelor-e-learning-management-fernstudium-ehip-referent-für-personalentwicklung-4ecf2472.webp","0","","","","",""
"https://www.ehip.eu/assets/images/2/stellenangebote-landingpage-ehip-vorteile-2-0349c879.webp","0","","","","",""
"https://www.ehip.eu/hochschule/karriere/freiberuflicher-autor-betriebliches-management-und-controlling-m-w-d/","1","index,follow","","","https://www.ehip.eu/hochschule/karriere/freiberuflicher-autor-betriebliches-management-und-controlling-m-w-d/",""
"https://www.ehip.eu/assets/images/d/stellenangebote-landingpage-ehip-vorteile-1-caab0c5a.webp","0","","","","",""
"https://www.ehip.eu/assets/images/4/bachelor-business-administration-fernstudium-ehip-european-accounting-accounting-specialist-d0f4a24c.webp","0","","","","",""
"https://www.ehip.eu/assets/images/e/bachelor-gesundheitsmanagement-digitalisierungsmanagement-im-gesundheitswesen-ehip-referent-gesundheitsmanagement-cad10b65.webp","0","","","","",""
"https://www.ehip.eu/assets/images/d/bachelor-gesundheitsmanagement-prävention-und-betriebliches-gesundheitsmanagement-ehip-externer-berater-gesundheitsmanagement-2bc025bb.webp","0","","","","",""
"https://www.ehip.eu/assets/images/e/stellenangebote-landingpage-ehip-mission-1c1dc5f9.webp","0","","","","",""
"https://www.ehip.eu/assets/images/e/stellenangebote-landingpage-ehip-stage-91540862.webp","0","","","","",""
"https://www.ehip.eu/hochschule/karriere/mitarbeiter-studienberatung-vertrieb-b2c-m-w-d/","1","index,follow","","","https://www.ehip.eu/hochschule/karriere/mitarbeiter-studienberatung-vertrieb-b2c-m-w-d/",""
"https://www.ehip.eu/assets/images/a/stellenangebote-landingpage-ehip-führungskultur-b68bae01.webp","0","","","","",""
"https://www.ehip.eu/assets/images/7/stellenangebote-landingpage-ehip-vorteile-haupt-4cfbfd8d.webp","0","","","","",""
"https://www.ehip.eu/hochschule/karriere/freiberuflicher-autor-kommunikation-und-verhandlungsfuehrung-im-gesundheitswesen-m-w-d/","1","index,follow","","","https://www.ehip.eu/hochschule/karriere/freiberuflicher-autor-kommunikation-und-verhandlungsfuehrung-im-gesundheitswesen-m-w-d/",""
"https://www.ehip.eu/assets/images/b/studienorganisation-fernstudium-kategorieseite-ehip-hauptbild-c5c73d2e.webp","0","","","","",""
"https://www.ehip.eu/hochschule/karriere/professur-digitalisierung-und-unternehmen-m-w-d/","1","index,follow","","","https://www.ehip.eu/hochschule/karriere/professur-digitalisierung-und-unternehmen-m-w-d/",""
"https://www.ehip.eu/assets/images/f/bachelor-fitnesswissenschaft-betriebliches-gesundheitsmanagement-ehip-gesundheitsberater-d11599be.webp","0","","","","",""
"https://www.ehip.eu/hochschule/karriere/freiberuflicher-autor-investition-und-finanzierung-im-gesundheitswesen-m-w-d/","1","index,follow","","","https://www.ehip.eu/hochschule/karriere/freiberuflicher-autor-investition-und-finanzierung-im-gesundheitswesen-m-w-d/",""
"https://www.ehip.eu/assets/images/e/stellenangebote-landingpage-ehip-content-marketing-manager-aufgaben-ea74278b.webp","0","","","","",""
"https://www.ehip.eu/assets/images/1/stellenangebote-landingpage-ehip-hauptbild-professur-digital-business-97aa1dd9.webp","0","","","","",""
"https://www.ehip.eu/hochschule/karriere/freiberuflicher-autor-investition-und-finanzierung-m-w-d/","1","index,follow","","","https://www.ehip.eu/hochschule/karriere/freiberuflicher-autor-investition-und-finanzierung-m-w-d/",""
"https://www.ehip.eu/files/_assets/img/icons/custom/education-award.svg","0","","","","",""
"https://www.ehip.eu/assets/images/e/bachelor-e-commerce-studium-ehip-d8b14d57.webp","0","","","","",""
"https://www.ehip.eu/hochschule/karriere/freiberuflicher-autor-unternehmenssteuern-in-brd-europa-steuerrecht-m-w-d/","1","index,follow","","","https://www.ehip.eu/hochschule/karriere/freiberuflicher-autor-unternehmenssteuern-in-brd-europa-steuerrecht-m-w-d/",""
"https://www.ehip.eu/files/userfiles/fs-hauptprodukt/ba-digital-marketing/bachelor-digital-marketing-fernstudium-ehip-content-manager.webp","0","","","","",""
"https://www.ehip.eu/files/_assets/img/icons/custom/hand.svg","0","","","","",""
"https://www.ehip.eu/files/userfiles/fs-hauptprodukt/ba-sport-und-ernaehrungswissenschaft/bachelor-sport-ernaehrungswissenschaft-ehip-hauptbild.webp","0","","","","",""
"https://www.ehip.eu/hochschule/karriere/freiberuflicher-autor-ernaehrungssoziologie-und-oekonomie-m-w-d/","1","index,follow","","","https://www.ehip.eu/hochschule/karriere/freiberuflicher-autor-ernaehrungssoziologie-und-oekonomie-m-w-d/",""
"https://www.ehip.eu/files/_assets/img/icons/custom/star.svg","0","","","","",""
"https://www.ehip.eu/files/userfiles/fs-hauptprodukt/ba-fitnesswissenschaft/bachelor-fitnesswissenschaft-fernstudium-ehip-hauptbild.webp","0","","","","",""
"https://www.ehip.eu/files/userfiles/fs-hauptprodukt/ba-ernaehrungsberatung-und-management/vertiefung-ernaehrungspsychologie-und-kommunikation/bachelor-ernaehrungsberatung-management-ehip-ernaehrungspsychologie-hauptbild.webp","0","","","","",""
"https://www.ehip.eu/files/userfiles/fs-hauptprodukt/ba-fitnesstraining-und-management/vertiefung-fitnessmarketing-in-der-digitalen-welt/bachelor-fitnesstraining-ehip-fitnessmarketing-hauptbild.webp","0","","","","",""
"https://www.ehip.eu/assets/images/4/praxispartner-fitbox-logo-4e543e7d.jpeg","0","","","","",""
"https://www.ehip.eu/assets/images/5/praxispartner-essence-sports-und-wellness-club-gym-heros-logo-2917ad17.png","0","","","","",""
"https://www.ehip.eu/kontakt-duale-studiengaenge-unternehmen/","1","noindex,nofollow","","","https://www.ehip.eu/kontakt-duale-studiengaenge-unternehmen/",""
"https://www.ehip.eu/files/_assets/img/icons/custom/check-stamp.svg","0","","","","",""
"https://www.ehip.eu/assets/images/8/praxispartner-fit-star-logo-51b85021.jpg","0","","","","",""
"https://www.ehip.eu/assets/images/2/coming-soon-duale-studiengaenge-unternehmen-stage-bild-fc6383fa.webp","0","","","","",""
"https://www.ehip.eu/assets/images/b/praxispartner-wellyou-logo-b4e85a71.jpg","0","","","","",""
"https://www.ehip.eu/files/_assets/img/icons/custom/handshake.svg","0","","","","",""
"https://www.ehip.eu/assets/images/b/bachelor-gesundheitsmanagement-digitalisierungsmanagement-im-gesundheitswesen-ehip-leitung-strategisches-gesundheitsmanagement-a110c578.webp","0","","","","",""
"https://www.ehip.eu/assets/images/0/bachelor-bwl-online-marketing-fernstudium-ehip-10a38b22.webp","0","","","","",""
"https://www.ehip.eu/assets/css/reset.min.css,bootstrap.trk17.min.css,container.trk17.min.css,el...-9608f1be.css","0","","","","",""
"https://www.ehip.eu/files/userfiles/fs-hauptprodukt/ba-gesundheitsmanagement/vertiefung-ernährungsberatung/bachelor-gesundheitsmanagement-ernährungsberatung-ehip-hauptbild.webp","0","","","","",""
"https://www.ehip.eu/files/userfiles/fs-hauptprodukt/ba-sport-und-ernaehrungswissenschaft/vertiefung-gesundheitsmanagement/bachelor-sport-ernaehrungswissenschaft-ehip-gesundheitsmanagement-hauptbild.webp","0","","","","",""
"https://www.ehip.eu/files/userfiles/landingpages/studium-personalmanagement/studium-personalmanagement-fernstudium-landingpage-ehip-steckt-dahinter.webp","0","","","","",""
"https://www.ehip.eu/files/userfiles/kontakt/landingpages/business-administration/business-administration-fernstudium-landingpage-ehip.webp","0","","","","",""
"https://www.ehip.eu/assets/images/5/praxispartner-wof-logo-5c1f2765.png","0","","","","",""
"https://www.ehip.eu/files/_assets/img/deco/Frau-denkt-nach.webp","0","","","","",""
"https://www.ehip.eu/files/userfiles/fs-hauptprodukt/ba-sportmanagement/bachelor-sportmanagement-fernstudium-ehip-hauptbild.webp","0","","","","",""
"https://www.ehip.eu/files/_assets/img/icons/custom/smiley.svg","0","","","","",""
"https://www.ehip.eu/assets/images/5/praxispartner-kr-logo-company-schwarz-weiß-139072da.png","0","","","","",""
"https://www.ehip.eu/files/userfiles/landingpages/duale-studiengaenge/praxispartner-karatesportschule-sascha-de-vies.png","0","","","","",""
"https://www.ehip.eu/files/userfiles/fs-hauptprodukt/ba-betriebswirtschaftslehre/bachelor-bwl-studium-ehip.webp","0","","","","",""
"https://www.ehip.eu/files/userfiles/study-guide/dein-studium/gebuehrenmodelle-ehip.webp","0","","","","",""
"https://www.ehip.eu/fernstudium/bachelor/online-marketing-studium/","1","index,follow","","","https://www.ehip.eu/fernstudium/bachelor/online-marketing-studium/",""
"https://www.ehip.eu/assets/css/reset.min.css,bootstrap.trk17.min.css,container.trk17.min.css,mm...-5848eb26.css","0","","","","",""
"https://www.ehip.eu/assets/images/4/bachelor-sportmanagement-fernstudium-ehip-vereins-und-verbandsmanager-d79424db.webp","0","","","","",""
"https://www.ehip.eu/assets/images/c/laptop-93bd0edb.svg","0","","","","",""
"https://www.ehip.eu/files/userfiles/banner-produktseiten/banner-ohne-versteckte-gebuehren-mobile-version.webp","0","","","","",""
"https://www.ehip.eu/assets/images/7/bachelor-sportmanagement-fernstudium-ehip-sportmarketing-manager-812a42e9.webp","0","","","","",""
"https://www.ehip.eu/assets/images/1/logo-zfu_zugelassen_blau_sportmanagement-aa63fad0.svg","0","","","","",""
"https://www.ehip.eu/assets/images/7/bachelor-sportmanagement-fernstudium-ehip-projektmanager-sponsoring-ddd25064.webp","0","","","","",""
"https://www.ehip.eu/assets/images/e/ansprechpartner-ehip-albert-friesen-28dd76a9.png","0","","","","",""
"https://www.ehip.eu/files/userfiles/banner-produktseiten/banner-keine-versteckten-gebuehren.webp","0","","","","",""
"https://www.ehip.eu/assets/images/7/bachelor-sportmanagement-fernstudium-ehip-studienverlauf-8fdf0a12.webp","0","","","","",""
"https://www.ehip.eu/eignungspruefung/","1","index,follow","","","https://www.ehip.eu/eignungspruefung/",""
"https://www.ehip.eu/studieninformationen-anfordern/?alias=sportmanagement-studium&titel=B.A. Sportmanagement","1","noindex,nofollow","","","https://www.ehip.eu/studieninformationen-anfordern/",""
"https://www.ehip.eu/assets/images/1/bachelor-sportmanagement-fernstudium-ehip-stage-6f7a3743.webp","0","","","","",""
"https://www.ehip.eu/bachelor-sportmanagement/","1","index,follow","","","https://www.ehip.eu/bachelor-sportmanagement/",""
"https://www.ehip.eu/files/userfiles/banner-produktseiten/banner-keine-zeitmodelle.webp","0","","","","",""
"https://www.ehip.eu/assets/images/9/finanzierungsmoeglichkeiten-ehip-produktseiten-dd414ebc.webp","0","","","","",""
"https://www.ehip.eu/bachelor-studium/","1","index,follow","","","https://www.ehip.eu/bachelor-studium/",""
"https://www.ehip.eu/assets/images/e/anerkennung-studium-landingpage-ehip-anrechnung-probestudium-c921bdda.webp","0","","","","",""
"https://www.ehip.eu/assets/css/reset.min.css,bootstrap.trk17.min.css,container.trk17.min.css,cu...-39ea7893.css","0","","","","",""
"https://www.ehip.eu/assets/images/3/ehip-probestudium-start-c0ec3916.jpg","0","","","","",""
"https://www.ehip.eu/fernstudium-bachelor/","1","index,follow","","","https://www.ehip.eu/fernstudium-bachelor/",""
"https://www.ehip.eu/assets/images/7/bachelor-sportmanagement-e-sport-management-fernstudium-ehip-hauptbild-f8c37089.webp","0","","","","",""
"https://www.ehip.eu/files/userfiles/banner-produktseiten/banner-keine-zeitmodelle-mobile-version.webp","0","","","","",""
"https://www.ehip.eu/assets/images/8/bachelor-sportmanagement-breitensport-fernstudium-ehip-hauptbild-df0366cb.webp","0","","","","",""
"https://www.ehip.eu/assets/images/2/bachelor-fitnesstraining-ehip-stage-eb4bf7e5.webp","0","","","","",""
"https://www.ehip.eu/assets/images/0/bachelor-fitnesstraining-ehip-fachkraft-betriebliches-gesundheitsmanagement-8b704433.webp","0","","","","",""
"https://www.ehip.eu/assets/images/6/bachelor-fitnesstraining-ehip-referent-bewegung-fitness-fac1262d.webp","0","","","","",""
"https://www.ehip.eu/bachelor-studium-berufsbegleitend/","1","index,follow","","","https://www.ehip.eu/bachelor-studium-berufsbegleitend/",""
"https://www.ehip.eu/assets/images/2/bachelor-fitnesstraining-ehip-sporttherapeut-krankenhaeuser-3b16283c.webp","0","","","","",""
"https://www.ehip.eu/assets/images/c/zfu_zugelassen_blau_fitnesstraining-management-151a89dc.svg","0","","","","",""
"https://www.ehip.eu/assets/images/7/bachelor-fitnesstraining-ehip-studienverlauf-9fd602d2.webp","0","","","","",""
"https://www.ehip.eu/assets/images/1/bachelor-fitnesstraining-ehip-personal-training-hauptbild-ad7644fe.webp","0","","","","",""
"https://www.ehip.eu/assets/images/2/bachelor-fitnesstraining-ehip-gesundheitsmanagement-hauptbild-f954846c.webp","0","","","","",""
"https://www.ehip.eu/studieninformationen-anfordern/?alias=fernstudium-fitnesstraining-fitnessmanagement&titel=B.A. Fitnesstraining und -management","1","noindex,nofollow","","","https://www.ehip.eu/studieninformationen-anfordern/",""
"https://www.ehip.eu/assets/images/2/bachelor-ernaehrungsberatung-management-ehip-hauptbild-8f25c061.webp","0","","","","",""
"https://www.ehip.eu/fernstudium/bachelor/vereinsmanagement-studium/","1","index,follow","","","https://www.ehip.eu/fernstudium/bachelor/vereinsmanagement-studium/",""
"https://www.ehip.eu/assets/images/7/bachelor-fitnesstraining-ehip-sporttherapie-hauptbild-6ade0093.webp","0","","","","",""
"https://www.ehip.eu/assets/images/9/bachelor-fitnesstraining-ehip-selbstaendiger-fitnesstrainer-9c37618a.webp","0","","","","",""
"https://www.ehip.eu/fernstudium/bachelor/esport-studium/","1","index,follow","","","https://www.ehip.eu/fernstudium/bachelor/esport-studium/",""
"https://www.ehip.eu/assets/images/b/bachelor-fitnesstraining-ehip-fitnessmarketing-hauptbild-f552a6f2.webp","0","","","","",""
"https://www.ehip.eu/assets/images/e/bachelor-sport-ernaehrungswissenschaft-ehip-hauptbild-e1500ebd.webp","0","","","","",""
"https://www.ehip.eu/fernstudium/bachelor/fitnessmarketing-fernstudium/","1","index,follow","","","https://www.ehip.eu/fernstudium/bachelor/fitnessmarketing-fernstudium/",""
"https://www.ehip.eu/assets/images/6/bachelor-ernährungswissenschaft-fernstudium-ehip-stage-bd3044b6.webp","0","","","","",""
"https://www.ehip.eu/fernstudium/bachelor/personal-training-fernstudium/","1","index,follow","","","https://www.ehip.eu/fernstudium/bachelor/personal-training-fernstudium/",""
"https://www.ehip.eu/assets/images/4/bachelor-ernährungswissenschaft-medien-kommunikation-ehip-hauptbild-c23cf605.webp","0","","","","",""
"https://www.ehip.eu/assets/images/9/bachelor-ernährungswissenschaft-sporternährung-fernstudium-ehip-hauptbild-d337f18e.webp","0","","","","",""
"https://www.ehip.eu/assets/images/c/bachelor-ernährungswissenschaft-fernstudium-ehip-produktentwickler-7acb1a4b.webp","0","","","","",""
"https://www.ehip.eu/studieninformationen-anfordern/?alias=ernaehrungswissenschaften-fernstudium&titel=B.A. Ernährungswissenschaft","1","noindex,nofollow","","","https://www.ehip.eu/studieninformationen-anfordern/",""
"https://www.ehip.eu/assets/images/4/bachelor-ernährungswissenschaft-ernährungsbildung-fernstudium-ehip-hauptbild-bd5e4b1b.webp","0","","","","",""
"https://www.ehip.eu/assets/images/1/bachelor-ernährungswissenschaft-fernstudium-ehip-spezialist-für-gesunde-ernährung-a9e44d8a.webp","0","","","","",""
"https://www.ehip.eu/assets/images/b/bachelor-ernährungswissenschaft-fernstudium-ehip-wissenschaftler-674daffa.webp","0","","","","",""
"https://www.ehip.eu/fernstudium/bachelor/gesundheits-und-fitnessmanagement-studium/","1","index,follow","","","https://www.ehip.eu/fernstudium/bachelor/gesundheits-und-fitnessmanagement-studium/",""
"https://www.ehip.eu/assets/images/7/zfu_zugelassen_blau_ernaehrungswissenschaft-1ca325e9.svg","0","","","","",""
"https://www.ehip.eu/assets/images/f/bachelor-ernährungswissenschaft-fernstudium-ehip-studienverlauf-15dfd863.webp","0","","","","",""
"https://www.ehip.eu/assets/images/5/bachelor-ernaehrungswissenschaft-nachhaltige-ernaehrung-fernstudium-ehip-hauptbild-07140f67.webp","0","","","","",""
"https://www.ehip.eu/assets/images/f/bachelor-ernährungswissenschaft-fernstudium-ehip-ernährungsberater-c14f1760.webp","0","","","","",""
"https://www.ehip.eu/fernstudium/bachelor/sporttherapie-fernstudium/","1","index,follow","","","https://www.ehip.eu/fernstudium/bachelor/sporttherapie-fernstudium/",""
"https://www.ehip.eu/fernstudium/bachelor/sporternaehrung-studium/","1","index,follow","","","https://www.ehip.eu/fernstudium/bachelor/sporternaehrung-studium/",""
"https://www.ehip.eu/bachelor-ernaehrungswissenschaften/","1","index,follow","","","https://www.ehip.eu/bachelor-ernaehrungswissenschaften/",""
"https://www.ehip.eu/fernstudium/bachelor/nachhaltige-ernaehrung-studium/","1","index,follow","","","https://www.ehip.eu/fernstudium/bachelor/nachhaltige-ernaehrung-studium/",""
"https://www.ehip.eu/fernstudium/bachelor/ernaehrungskommunikation-studium/","1","index,follow","","","https://www.ehip.eu/fernstudium/bachelor/ernaehrungskommunikation-studium/",""
"https://www.ehip.eu/fernstudium/bachelor/ernaehrungstherapie-studium/","1","index,follow","","","https://www.ehip.eu/fernstudium/bachelor/ernaehrungstherapie-studium/",""
"https://www.ehip.eu/datenschutz/aufbewahrungs-und-speicherrichtlinie/","1","noindex,nofollow","","","",""
"https://www.ehip.eu/assets/images/8/dennis-effertz-bb72f44d.jpg","0","","","","",""
"https://www.ehip.eu/files/userfiles/landingpages/über-uns/team/birger-lang.jpg","0","","","","",""
"https://www.ehip.eu/files/userfiles/landingpages/über-uns/team/elisabeth-baier.jpg","0","","","","",""
"https://www.ehip.eu/files/userfiles/landingpages/über-uns/team/lisa-springer.jpg","0","","","","",""
"https://www.ehip.eu/files/userfiles/landingpages/über-uns/team/nora-kistner.jpg","0","","","","",""
"https://www.ehip.eu/assets/images/2/stage_2-af7b0f8a.png","0","","","","",""
"https://www.ehip.eu/assets/images/7/daniel-otto-8f63585d.jpg","0","","","","",""
"https://www.ehip.eu/assets/images/4/stage-teamseite-ehip-6db10b95.webp","0","","","","",""
"https://www.ehip.eu/assets/css/reset.min.css,bootstrap.trk17.min.css,container.trk17.min.css,el...-fdb6f103.css","0","","","","",""
"https://www.ehip.eu/files/userfiles/landingpages/über-uns/team/alexander-hupert.jpg","0","","","","",""
"https://www.ehip.eu/files/userfiles/landingpages/über-uns/team/georg-abel.jpg","0","","","","",""
"https://www.ehip.eu/files/userfiles/landingpages/über-uns/team/kathrin-berger.jpg","0","","","","",""
"https://www.ehip.eu/files/userfiles/landingpages/über-uns/team/meta-heller.jpg","0","","","","",""
"https://www.ehip.eu/files/userfiles/landingpages/über-uns/team/jennifer-olsen.webp","0","","","","",""
"https://www.ehip.eu/files/userfiles/landingpages/über-uns/team/marcel-castor.jpg","0","","","","",""
"https://www.ehip.eu/files/userfiles/landingpages/über-uns/team/sabrina-bartsch.jpg","0","","","","",""
"https://www.ehip.eu/files/userfiles/landingpages/über-uns/team/deborah-botzler.jpg","0","","","","",""
"https://www.ehip.eu/files/userfiles/landingpages/über-uns/team/stefanie-laepple.jpg","0","","","","",""
"https://www.ehip.eu/files/userfiles/landingpages/über-uns/team/torsten-wojciechowski-neu.jpg","0","","","","",""
"https://www.ehip.eu/files/userfiles/kontakt/landingpages/über-uns/team/lukas-braun.jpg","0","","","","",""
"https://www.ehip.eu/files/userfiles/landingpages/über-uns/team/albert-friesen.jpg","0","","","","",""
"https://www.ehip.eu/files/userfiles/landingpages/über-uns/team/tobias-wenninger.jpg","0","","","","",""
"https://www.ehip.eu/files/userfiles/landingpages/über-uns/team/jasmin-alves.jpg","0","","","","",""
"https://www.ehip.eu/files/userfiles/landingpages/über-uns/team/dominik-beier.jpg","0","","","","",""
"https://www.ehip.eu/files/userfiles/kontakt/landingpages/über-uns/team/maike-kugler-full.jpg","0","","","","",""
"https://www.ehip.eu/files/userfiles/landingpages/über-uns/team/laura-schmidt.jpg","0","","","","",""
"https://www.ehip.eu/files/userfiles/kontakt/landingpages/über-uns/team/jule-schiemann-full.jpg","0","","","","",""
"https://www.ehip.eu/files/userfiles/landingpages/über-uns/team/tobias-giegerich.jpg","0","","","","",""
"https://www.ehip.eu/assets/images/3/studien-tipps-kategorieseite-ehip-stage-f5eb86d7.webp","0","","","","",""
"https://www.ehip.eu/assets/images/6/bachelor-sport-ernaehrungswissenschaft-ehip-ernaehrungstherapie-hauptbild-d9319684.webp","0","","","","",""
"https://www.ehip.eu/assets/images/7/bachelor-sport-ernaehrungswissenschaft-ehip-gesundheitsmanagement-hauptbild-cba0e5ab.webp","0","","","","",""
"https://www.ehip.eu/assets/images/f/bachelor-sport-ernaehrungswissenschaft-ehip-stage-ae1e43ae.webp","0","","","","",""
"https://www.ehip.eu/assets/images/a/bachelor-sport-ernaehrungswissenschaft-ehip-personal-training-hauptbild-bb4124a9.webp","0","","","","",""
"https://www.ehip.eu/assets/images/8/bachelor-sport-ernaehrungswissenschaft-ehip-sporttherapie-hauptbild-b3edf877.webp","0","","","","",""
"https://www.ehip.eu/studieninformationen-anfordern/?alias=fernstudium-sportwissenschaft-ernaehrungswissenschaft&titel=B.A. Sport- und Ernährungswissenschaft","1","noindex,nofollow","","","https://www.ehip.eu/studieninformationen-anfordern/",""
"https://www.ehip.eu/assets/images/e/bachelor-sport-ernaehrungswissenschaft-ehip-selbstaendiger-consultant-2fa3e756.webp","0","","","","",""
"https://www.ehip.eu/assets/images/f/zfu_zugelassen_blau_sport-ernaehrungswissenschaft-52be55bc.svg","0","","","","",""
"https://www.ehip.eu/assets/images/c/bachelor-fitnesstraining-ehip-hauptbild-c9cfa828.webp","0","","","","",""
"https://www.ehip.eu/assets/images/2/bachelor-fitnesswissenschaft-angewandte-sportpsychologie-ehip-studienverlauf-baf7f102.webp","0","","","","",""
"https://www.ehip.eu/assets/images/0/bachelor-sport-ernaehrungswissenschaft-ehip-ernaehrungs-fitnessberater-44f942eb.webp","0","","","","",""
"https://www.ehip.eu/assets/images/7/bachelor-sport-ernaehrungswissenschaft-ehip-wissenschaftler-12b75b8c.webp","0","","","","",""
"https://www.ehip.eu/fernstudium/bachelor/ernaehrungstherapie-fernstudium/","1","index,follow","","","https://www.ehip.eu/fernstudium/bachelor/ernaehrungstherapie-fernstudium/",""
"https://www.ehip.eu/assets/images/3/bachelor-sport-ernaehrungswissenschaft-ehip-sporternaehrung-hauptbild-3341b9a9.webp","0","","","","",""
"https://www.ehip.eu/fernstudium/bachelor/betriebliches-gesundheitsmanagement-ernaehrung-fernstudium/","1","index,follow","","","https://www.ehip.eu/fernstudium/bachelor/betriebliches-gesundheitsmanagement-ernaehrung-studium/",""
"https://www.ehip.eu/fernstudium/bachelor/ernaehrungscoach-studium/","1","index,follow","","","https://www.ehip.eu/fernstudium/bachelor/ernaehrungscoach-studium/",""
"https://www.ehip.eu/files/_assets/img/icons/custom/arrows.svg","0","","","","",""
"https://www.ehip.eu/assets/images/1/ehip-fernstudium-erfahrungen-tipps5-49feee7e.webp","0","","","","",""
"https://www.ehip.eu/fernstudium/bachelor/bewegungstherapie-studium/","1","index,follow","","","https://www.ehip.eu/fernstudium/bachelor/bewegungstherapie-studium/",""
"https://www.ehip.eu/fernstudium/bachelor/personal-training-studium/","1","index,follow","","","https://www.ehip.eu/fernstudium/bachelor/personal-training-studium/",""
"https://www.ehip.eu/assets/images/9/top-fernhochschule-fernstudiumcheck-032da698.png","0","","","","",""
"https://www.ehip.eu/assets/css/reset.min.css,bootstrap.trk17.min.css,container.trk17.min.css,el...-11e405a1.css","0","","","","",""
"https://www.ehip.eu/assets/images/b/fernstudium-direkt-siegel-8fa06f83.png","0","","","","",""
"https://www.ehip.eu/assets/images/2/ehip-fernstudium-erfahrungen-tipps4-09ceaeef.webp","0","","","","",""
"https://www.ehip.eu/files/_assets/img/icons/custom/reading.svg","0","","","","",""
"https://www.ehip.eu/assets/images/d/ehip-fernstudium-erfahrungen-tipps2-5f2c01c5.webp","0","","","","",""
"https://www.ehip.eu/assets/images/3/logo-kursfinder_190x190-a4aa919a.png","0","","","","",""
"https://www.ehip.eu/files/_assets/img/icons/custom/globe.svg","0","","","","",""
"https://www.ehip.eu/assets/images/6/bachelor-bwl-fernstudium-ehip-unternehmensberater-f83059b8.webp","0","","","","",""
"https://www.ehip.eu/assets/css/reset.min.css,bootstrap.trk17.min.css,container.trk17.min.css,el...-0acbaa23.css","0","","","","",""
"https://www.ehip.eu/assets/images/1/warum-ehip-pfeilkasten-5d8bcc17.webp","0","","","","",""
"https://www.ehip.eu/assets/images/1/bachelor-digitale-transformation-studium-ehip-digital-business-consultant-fe14e8e3.webp","0","","","","",""
"https://www.ehip.eu/assets/images/9/warum-ehip-pfeilkasten2-e09a1562.webp","0","","","","",""
"https://www.ehip.eu/assets/images/7/bachelor-e-learning-management-fernstudium-ehip-blended-learning-manager-0099c0e3.webp","0","","","","",""
"https://www.ehip.eu/assets/images/8/bachelor-business-administration-fernstudium-ehip-online-marketing-studienverlauf-6f3ce9e6.webp","0","","","","",""
"https://www.ehip.eu/files/userfiles/study-guide/deine-lernwelt/deine-anmeldung.webp","0","","","","",""
"https://www.ehip.eu/files/userfiles/study-guide/deine-lernwelt/meistere-deine-pruefung.webp","0","","","","",""
"https://www.ehip.eu/assets/css/reset.min.css,bootstrap.trk17.min.css,container.trk17.min.css,el...-5ebff128.css","0","","","","",""
"https://www.ehip.eu/assets/images/0/studien-tipps-kategorieseite-ehip-hauptbild-4f24284d.webp","0","","","","",""
"https://www.ehip.eu/files/userfiles/study-guide/deine-lernwelt/dein-equipment-check-und-identifizierung.webp","0","","","","",""
"https://www.ehip.eu/assets/images/7/bachelor-bwl-fernstudium-ehip-controller-07ab587a.webp","0","","","","",""
"https://www.ehip.eu/assets/images/0/bachelor-bwl-fernstudium-ehip-marketingmanager-131a961f.webp","0","","","","",""
"https://www.ehip.eu/assets/images/5/bachelor-bwl-e-commerce-studium-ehip-37da642d.webp","0","","","","",""
"https://www.ehip.eu/assets/images/3/bachelor-bwl-fernstudium-ehip-personalreferent-6d27265f.webp","0","","","","",""
"https://www.ehip.eu/assets/images/0/bachelor-digitale-transformation-ehip-fernstudium-0bba57b8.webp","0","","","","",""
"https://www.ehip.eu/assets/images/1/bachelor-bwl-technisches-management-fernstudium-ehip-8d0bdebf.webp","0","","","","",""
"https://www.ehip.eu/assets/images/7/bachelor-bwl-fernstudium-human-resources-ehip-29a359fa.webp","0","","","","",""
"https://www.ehip.eu/bwl-berufsbegleitend/","1","index,follow","","","https://www.ehip.eu/bwl-berufsbegleitend/",""
"https://www.ehip.eu/bwl-studium/","1","index,follow","","","https://www.ehip.eu/bwl-studium/",""
"https://www.ehip.eu/assets/images/1/bachelor-bwl-fernstudium-ehip-unternehmensberater-42ba69eb.webp","0","","","","",""
"https://www.ehip.eu/assets/images/b/logo-zfu_zugelassen_blau_betriebswirtschaftslehre-42028711.svg","0","","","","",""
"https://www.ehip.eu/bwl-bachelor/","1","index,follow","","","https://www.ehip.eu/bwl-bachelor/",""
"https://www.ehip.eu/studieninformationen-anfordern/?alias=bwl-fernstudium&titel=B.A. Betriebswirtschaftslehre","1","noindex,nofollow","","","https://www.ehip.eu/studieninformationen-anfordern/",""
"https://www.ehip.eu/assets/images/7/bachelor-bwl-online-marketing-studieren-ehip-b9403809.webp","0","","","","",""
"https://www.ehip.eu/assets/images/3/bachelor-bwl-fernstudium-ehip-4629967e.webp","0","","","","",""
"https://www.ehip.eu/assets/images/e/bachelor-betriebswirtschaftlehre-ehip.webp-1c683387.webp","0","","","","",""
"https://www.ehip.eu/bwl-schwerpunkt/","1","index,follow","","","https://www.ehip.eu/bwl-schwerpunkt/",""
"https://www.ehip.eu/bwl-studium-berufe/","1","index,follow","","","https://www.ehip.eu/bwl-studium-berufe/",""
"https://www.ehip.eu/files/userfiles/study-guide/deine-lernwelt/dein-studiensupport-ehip-landingpage-study-coach.webp","0","","","","",""
"https://www.ehip.eu/files/userfiles/study-guide/dein-studium/studieren-mit-abitur-ehip.webp","0","","","","",""
"https://www.ehip.eu/studieren-mit-oesterreichischer-vorbildung/","1","index,follow","","","",""
"https://www.ehip.eu/studieren-mit-auslaendischer-vorbildung/","1","index,follow","","","https://www.ehip.eu/studieren-mit-auslaendischer-vorbildung/",""
"https://www.ehip.eu/files/userfiles/kontakt/landingpages/conversion/landingpage-teamwork-und-freiraum.webp","0","","","","",""
"https://www.ehip.eu/studieren-mit-ausbildung/","1","index,follow","","","https://www.ehip.eu/studieren-mit-ausbildung/",""
"https://www.ehip.eu/files/userfiles/study-guide/dein-studium/studieren-mit-ausbildung-und-berufserfahrung-ehip.webp","0","","","","",""
"https://www.ehip.eu/studieren-mit-abitur/","1","index,follow","","","https://www.ehip.eu/studieren-mit-abitur/",""
"https://www.ehip.eu/assets/images/b/bachelor-e-learning-management-fernstudium-ehip-e-learning-autor-856d98d2.webp","0","","","","",""
"https://www.ehip.eu/assets/images/0/bachelor-e-learning-management-fernstudium-ehip-stage-14617979.webp","0","","","","",""
"https://www.ehip.eu/assets/images/6/logo-zfu_zugelassen_blau_e_learning_management-00a52a00.svg","0","","","","",""
"https://www.ehip.eu/assets/images/2/bachelor-e-learning-management-fernstudium-ehip-studienverlauf-82069ca5.webp","0","","","","",""
"https://www.ehip.eu/assets/css/reset.min.css,bootstrap.trk17.min.css,container.trk17.min.css,cu...-7e6aee16.css","0","","","","",""
"https://www.ehip.eu/assets/images/2/bachelor-e-learning-management-fernstudium-ehip-referent-für-personalentwicklung-b986339d.webp","0","","","","",""
"https://www.ehip.eu/assets/images/a/bachelor-e-learning-management-fernstudium-ehip-e-learning-beauftragter-hochschule-942972d0.webp","0","","","","",""
"https://www.ehip.eu/assets/images/b/bachelor-e-learning-management-fernstudium-ehip-blended-learning-manager-d13d237f.webp","0","","","","",""
"https://www.ehip.eu/studieninformationen-anfordern/?alias=e-learning-studium&titel=B.A. E-Learning-Management","1","noindex,nofollow","","","https://www.ehip.eu/studieninformationen-anfordern/",""
"https://www.ehip.eu/assets/images/d/bachelor-kategorieseite-ehip-fernstudium-infos-2-3e2800d5.webp","0","","","","",""
"https://www.ehip.eu/assets/images/e/bachelor-kategorieseite-ehip-fernstudium-infos-1-84755555.webp","0","","","","",""
"https://www.ehip.eu/assets/images/d/informationen-studienbeginn-fernstudium-landingpage-ehip-funktion-fernstudium-c9527b2e.webp","0","","","","",""
"https://www.ehip.eu/assets/images/c/informationen-studienbeginn-fernstudium-landingpage-ehip-wer-studieren-1d1098d2.webp","0","","","","",""
"https://www.ehip.eu/files/_assets/img/icons/form-uebersicht.svg","0","","","","",""
"https://www.ehip.eu/assets/images/6/studium-und-job-landingpage-ehip-vorteile1-5d8824b7.webp","0","","","","",""
"https://www.ehip.eu/assets/images/8/fernstudium-ohne-abitur-kategorieseite-ehip-open-graph-f44b6d2f.webp","0","","","","",""
"https://www.ehip.eu/assets/images/4/informationen-studienbeginn-fernstudium-landingpage-ehip-bewerbungsablauf-c26de59d.webp","0","","","","",""
"https://www.ehip.eu/assets/css/reset.min.css,bootstrap.trk17.min.css,container.trk17.min.css,el...-9e8407ca.css","0","","","","",""
"https://www.ehip.eu/fernstudium/bachelor/technische-betriebswirtschaft-studium/","1","index,follow","","","https://www.ehip.eu/fernstudium/bachelor/technische-betriebswirtschaft-studium/",""
"https://www.ehip.eu/assets/images/4/dein-leben-deine-ziele-dein-erfolg-landingpage-ehip-studium-und-job-8edf4ffa.webp","0","","","","",""
"https://www.ehip.eu/fernstudium/bachelor/digitalisierung-studium/","1","index,follow","","","https://www.ehip.eu/fernstudium/bachelor/digitalisierung-studium/",""
"https://www.ehip.eu/assets/images/c/bachelor-digital-marketing-fernstudium-ehip-studienverlauf-107bec34.webp","0","","","","",""
"https://www.ehip.eu/assets/images/5/stellenangebote-landingpage-ehip-content-marketing-manager-aufgaben-0d5c75c7.webp","0","","","","",""
"https://www.ehip.eu/assets/images/d/logo-zfu_zugelassen_blau_digital_marketing-171058a1.svg","0","","","","",""
"https://www.ehip.eu/assets/images/b/bachelor-betriebswirtschaftlehre-ehip-hauptbild-7ab59f75.webp","0","","","","",""
"https://www.ehip.eu/assets/images/b/dein-leben-deine-ziele-dein-erfolg-ehip-cta-produktseiten-7de4dd5b.webp","0","","","","",""
"https://www.ehip.eu/assets/images/c/bachelor-digital-marketing-fernstudium-ehip-manager-social-media-marketing-4ff10acf.webp","0","","","","",""
"https://www.ehip.eu/assets/images/9/bachelor-digital-marketing-fernstudium-ehip-kommunikations-pr-manager-d3bf4440.webp","0","","","","",""
"https://www.ehip.eu/assets/css/reset.min.css,bootstrap.trk17.min.css,container.trk17.min.css,cu...-8c45cba9.css","0","","","","",""
"https://www.ehip.eu/assets/images/8/bachelor-digital-marketing-fernstudium-ehip-seo-manager-9c6ee1d0.webp","0","","","","",""
"https://www.ehip.eu/assets/images/a/bachelor-digital-marketing-fernstudium-ehip-content-manager-e738b15d.webp","0","","","","",""
"https://www.ehip.eu/files/userfiles/study-guide/deine-bruecke-zu-uns/perfekte_planung_webp.webp","0","","","","",""
"https://www.ehip.eu/files/userfiles/study-guide/dein-studium/deine-finanzierungsmoeglichkeiten-landingpage-ehip-step1.webp","0","","","","",""
"https://www.ehip.eu/studieninformationen-anfordern/?alias=digital-marketing-studium&titel=B.A. Digital Marketing","1","noindex,nofollow","","","https://www.ehip.eu/studieninformationen-anfordern/",""
"https://www.ehip.eu/assets/images/7/hr-studieren-fernstudium-landingpage-ehip-stage-605b51a6.webp","0","","","","",""
"https://www.ehip.eu/assets/images/1/studieninformationen_webp-818a977f.webp","0","","","","",""
"https://www.ehip.eu/assets/css/reset.min.css,bootstrap.trk17.min.css,container.trk17.min.css,el...-f182c605.css","0","","","","",""
"https://www.ehip.eu/assets/images/9/erfuellst-du-die-voraussetzungen-landingpage-ehip-19c2a9c8.webp","0","","","","",""
"https://www.ehip.eu/assets/css/reset.min.css,bootstrap.trk17.min.css,container.trk17.min.css,cu...-2d43546e.css","0","","","","",""
"https://www.ehip.eu/files/userfiles/landingpages/ferstudium-aus-dem-ausland/fernstudium-ausland-kategorieseite-ehip-top-flexibel.webp","0","","","","",""
"https://www.ehip.eu/files/_assets/img/icons/slider-arrow-green-slim.svg","0","","","","",""
"https://www.ehip.eu/files/userfiles/study-guide/dein-studium/erfuellst-du-die-voraussetzungen-landingpage-ehip.webp","0","","","","",""
"https://www.ehip.eu/files/_assets/img/icons/custom/money-down.svg","0","","","","",""
"https://www.ehip.eu/files/userfiles/study-guide/dein-leben-deine-ziele-dein-erfolg/studieren-aus-dem-ausland-landingpage-ehip-1.webp","0","","","","",""
"https://www.ehip.eu/files/_assets/img/icons/custom/duration.svg","0","","","","",""
"https://www.ehip.eu/files/_assets/img/icons/custom/time-shortened.svg","0","","","","",""
"https://www.ehip.eu/assets/images/9/ehip-fernstudium-erfahrungen-stage-5e729212.webp","0","","","","",""
"https://www.ehip.eu/assets/images/c/ehip-fernstudium-erfahrungen-tipps3-065c9940.webp","0","","","","",""
"https://www.ehip.eu/fernstudium/bachelor/fernstudium-human-resources/","1","index,follow","","","https://www.ehip.eu/fernstudium/bachelor/fernstudium-human-resources/",""
"https://www.ehip.eu/fernstudium/bachelor/e-commerce-studium/","1","index,follow","","","https://www.ehip.eu/fernstudium/bachelor/e-commerce-studium/",""
