"Adresse","Häufigkeit","H1-1","Länge von H1-1","Indexierbarkeit","Indexierbarkeitsstatus"
"https://www.ehip.eu/","1","Sprenge deine Grenzen und starte dein Fernstudium zum Bachelor!","63","Indexierbar",""
"https://www.ehip.eu/study-guide/dein-studiensupport/","0","","0","Indexierbar",""
"https://www.ehip.eu/study-guide/digitale-lerntools/","0","","0","Indexierbar",""
"https://www.ehip.eu/study-guide/studieren-mit-ihk-abschluss/","0","","0","Indexierbar",""
"https://www.ehip.eu/ueber-uns/qualitaet/","1","Die EHiP steht für Qualität","27","Indexierbar",""
"https://www.ehip.eu/study-guide/gebuehrenmodelle/","0","","0","Indexierbar",""
"https://www.ehip.eu/marketing-und-kommunikation-bachelorstudiengaenge/","1","Marketing und Kommunikation","27","Indexierbar",""
"https://www.ehip.eu/hochschule/karriere/","1","Unsere vakanten Stellen","23","Indexierbar",""
"https://www.ehip.eu/coming-soon-duale-studiengaenge-unternehmen/","1","Coming Soon: EHIP Duale Fernstudiengänge","40","Indexierbar",""
"https://www.ehip.eu/study-guide/fernstudium-finanzieren/","0","","0","Indexierbar",""
"https://www.ehip.eu/fernstudium/bachelor/sportmanagement-studium/","1","B.A. Sportmanagement","20","Indexierbar",""
"https://www.ehip.eu/fernstudium/bachelor/fernstudium-fitnesstraining-fitnessmanagement/","1","B.A. Fitnesstraining und -management","36","Indexierbar",""
"https://www.ehip.eu/fernstudium/bachelor/ernaehrungswissenschaften-fernstudium/","1","B.A. Ernährungswissenschaft","27","Indexierbar",""
"https://www.ehip.eu/datenschutz/","1","DATENSCHUTZRICHTLINIEN","22","Indexierbar",""
"https://www.ehip.eu/hochschule/team/","0","","0","Nicht indexierbar","noindex"
"https://www.ehip.eu/vertrag-kuendigen/","0","","0","Nicht indexierbar","noindex"
"https://www.ehip.eu/fernstudium/bachelor/fernstudium-sportwissenschaft-ernaehrungswissenschaft/","1","B.A. Sport- und Ernährungswissenschaft","38","Indexierbar",""
"https://www.ehip.eu/ueber-uns/fernstudium-erfahrungen/","1","EHiP Fernstudium Erfahrungen Was dein Studium an der EHiP so besonders macht?","77","Indexierbar",""
"https://www.ehip.eu/study-guide/studieren-aus-dem-ausland/","0","","0","Indexierbar",""
"https://www.ehip.eu/study-guide/deine-studienberatung/","0","","0","Indexierbar",""
"https://www.ehip.eu/kontaktformular/","0","","0","Nicht indexierbar","noindex"
"https://www.ehip.eu/study-guide/deine-bruecke-zu-uns/","0","","0","Indexierbar",""
"https://www.ehip.eu/fernstudium/bachelor/digital-marketing-studium/","1","B.A. Digital Marketing","22","Indexierbar",""
"https://www.ehip.eu/study-guide/studium-und-job/","0","","0","Indexierbar",""
"https://www.ehip.eu/bachelor-studiengaenge/","1","Bachelor Studiengänge","21","Indexierbar",""
"https://www.ehip.eu/fernstudium/bachelor/e-learning-studium/","1","B.A. E-Learning-Management","26","Indexierbar",""
"https://www.ehip.eu/kalender-studienberatung/","0","","0","Nicht indexierbar","noindex"
"https://www.ehip.eu/study-guide/voraussetzungen/","0","","0","Indexierbar",""
"https://www.ehip.eu/fernstudium/bachelor/bwl-fernstudium/","1","B.A. Betriebswirtschaftslehre","29","Indexierbar",""
"https://www.ehip.eu/study-guide/pruefungsformen/","0","","0","Indexierbar",""
"https://www.ehip.eu/study-guide/warum-ehip/","0","","0","Indexierbar",""
"https://www.ehip.eu/fernstudium/bachelor/fernstudium-ernaehrungsberatung-ernaehrungsmanagement/","1","B.A. Ernährungsberatung und -management","39","Indexierbar",""
"https://www.ehip.eu/study-guide/studium-alleinerziehend/","0","","0","Indexierbar",""
"https://www.ehip.eu/coming-soon-duale-studiengaenge/","1","Coming Soon:Theorie trifft Praxis unsere neuen dualen Fernstudiengänge","70","Indexierbar",""
"https://www.ehip.eu/study-guide/wegweiser/","0","","0","Indexierbar",""
"https://www.ehip.eu/fernstudium/bachelor/international-management-studium/","1","B.A. Business Administration","28","Indexierbar",""
"https://www.ehip.eu/infoveranstaltung/","0","","0","Nicht indexierbar","noindex"
"https://www.ehip.eu/study-guide/studieren-mit-familie/","0","","0","Indexierbar",""
"https://www.ehip.eu/fernstudium/bachelor/fernstudium-personalmanagement/","1","B.A. Personalmanagement","23","Indexierbar",""
"https://www.ehip.eu/study-guide/dein-anmeldeprozess/","0","","0","Indexierbar",""
"https://www.ehip.eu/study-guide/deine-finanzierungsmoeglichkeiten/","0","","0","Indexierbar",""
"https://www.ehip.eu/impressum/","1","IMPRESSUM","9","Indexierbar",""
"https://www.ehip.eu/study-guide/deine-studieninformationen/","0","","0","Indexierbar",""
"https://www.ehip.eu/fernstudium/bachelor/gesundheitsmanagement-studium/","1","B.A. Gesundheitsmanagement","26","Indexierbar",""
"https://www.ehip.eu/fernstudium/","1","Fernstudium Studiengänge","24","Indexierbar",""
"https://www.ehip.eu/hochschule/","0","","0","Indexierbar",""
"https://www.ehip.eu/study-guide/","1","Dein Study Guide","16","Indexierbar",""
"https://www.ehip.eu/study-guide/dein-leben-dein-studium/","0","","0","Indexierbar",""
"https://www.ehip.eu/study-guide/deine-lernwelt/","0","","0","Indexierbar",""
"https://www.ehip.eu/study-guide/dein-studium/","0","","0","Indexierbar",""
"https://www.ehip.eu/wer-kann-bei-uns-studieren/","1","Wer kann an der EHIP studieren?","31","Indexierbar",""
"https://www.ehip.eu/bachelor-of-arts/","1","Bachelor of Arts","16","Indexierbar",""
"https://www.ehip.eu/ueber-uns/","1","Über uns","8","Indexierbar",""
"https://www.ehip.eu/study-guide/anrechnung-und-anerkennung/","0","","0","Indexierbar",""
"https://www.ehip.eu/studienplatz-sichern/","1","Tut uns Leid","12","Nicht indexierbar","noindex"
"https://www.ehip.eu/wirtschaft-und-management-bachelorstudiengaenge/","1","Wirtschaft & Management","23","Indexierbar",""
"https://www.ehip.eu/study-guide/bafoeg-fernstudium/","1","Die wichtigsten Infos auf einen Blick BAföG im Fernstudium","58","Indexierbar",""
"https://www.ehip.eu/study-guide/studieren-direkt-nach-abitur/","0","","0","Indexierbar",""
"https://www.ehip.eu/gesundheit-bachelorstudiengaenge/","1","GESUNDHEIT, SPORT & ERNÄHRUNG","29","Indexierbar",""
"https://www.ehip.eu/study-guide/lernkonzept-focus/","0","","0","Indexierbar",""
"https://www.ehip.eu/study-guide/online-campus/","0","","0","Indexierbar",""
"https://www.ehip.eu/studieren-als-fachwirt-betriebswirt-meister/","0","","0","Indexierbar",""
"https://www.ehip.eu/studienplatz-sichern/?id=","1","Tut uns Leid","12","Nicht indexierbar","Canonicalised,noindex"
"https://www.ehip.eu/hochschule/karriere/freiberuflicher-autor-controlling-im-gesundheitswesen-m-w-d/","0","","0","Indexierbar",""
"https://www.ehip.eu/hochschule/karriere/professur-fuer-quantitative-bwl-m-w-d/","0","","0","Nicht indexierbar","noindex"
"https://www.ehip.eu/fernstudium/bachelor/fitnesswissenschaft-fernstudium/","1","B.A. Fitnesswissenschaft","24","Indexierbar",""
"https://www.ehip.eu/hochschule/karriere/freiberuflicher-autor-digitale-marktforschung-und-big-data-management-m-w-d/","0","","0","Indexierbar",""
"https://www.ehip.eu/hochschule/karriere/freiberuflicher-autor-accounting-2-jahresabschluss-m-w-d/","0","","0","Indexierbar",""
"https://www.ehip.eu/hochschule/karriere/professur-fuer-wirtschaftspsychologie-m-w-d/","0","","0","Indexierbar",""
"https://www.ehip.eu/hochschule/karriere/freiberuflicher-autor-zum-thema-beschaffung-und-logistik-m-w-d/","0","","0","Indexierbar",""
"https://www.ehip.eu/hochschule/karriere/freiberuflicher-autor-betriebliches-management-und-controlling-m-w-d/","0","","0","Indexierbar",""
"https://www.ehip.eu/hochschule/karriere/mitarbeiter-studienberatung-vertrieb-b2c-m-w-d/","0","","0","Indexierbar",""
"https://www.ehip.eu/hochschule/karriere/freiberuflicher-autor-kommunikation-und-verhandlungsfuehrung-im-gesundheitswesen-m-w-d/","0","","0","Indexierbar",""
"https://www.ehip.eu/hochschule/karriere/professur-digitalisierung-und-unternehmen-m-w-d/","0","","0","Indexierbar",""
"https://www.ehip.eu/hochschule/karriere/freiberuflicher-autor-investition-und-finanzierung-im-gesundheitswesen-m-w-d/","0","","0","Indexierbar",""
"https://www.ehip.eu/hochschule/karriere/freiberuflicher-autor-investition-und-finanzierung-m-w-d/","0","","0","Indexierbar",""
"https://www.ehip.eu/hochschule/karriere/freiberuflicher-autor-unternehmenssteuern-in-brd-europa-steuerrecht-m-w-d/","0","","0","Indexierbar",""
"https://www.ehip.eu/hochschule/karriere/freiberuflicher-autor-ernaehrungssoziologie-und-oekonomie-m-w-d/","0","","0","Indexierbar",""
"https://www.ehip.eu/kontakt-duale-studiengaenge-unternehmen/","0","","0","Nicht indexierbar","noindex"
"https://www.ehip.eu/fernstudium/bachelor/online-marketing-studium/","1","Online Marketing","16","Indexierbar",""
"https://www.ehip.eu/eignungspruefung/","0","","0","Indexierbar",""
"https://www.ehip.eu/studieninformationen-anfordern/?alias=sportmanagement-studium&titel=B.A. Sportmanagement","1","Jetzt Studieninformationen anfordern! B.A. Sportmanagement","58","Nicht indexierbar","Canonicalised,noindex"
"https://www.ehip.eu/bachelor-sportmanagement/","0","","0","Indexierbar",""
"https://www.ehip.eu/bachelor-studium/","0","","0","Indexierbar",""
"https://www.ehip.eu/fernstudium-bachelor/","1","Bachelor Fernstudiengänge","25","Indexierbar",""
"https://www.ehip.eu/bachelor-studium-berufsbegleitend/","0","","0","Indexierbar",""
"https://www.ehip.eu/studieninformationen-anfordern/?alias=fernstudium-fitnesstraining-fitnessmanagement&titel=B.A. Fitnesstraining und -management","1","Jetzt Studieninformationen anfordern! B.A. Fitnesstraining und -management","74","Nicht indexierbar","Canonicalised,noindex"
"https://www.ehip.eu/fernstudium/bachelor/vereinsmanagement-studium/","1","Breitensport","12","Indexierbar",""
"https://www.ehip.eu/fernstudium/bachelor/esport-studium/","1","E-Sport Management","18","Indexierbar",""
"https://www.ehip.eu/fernstudium/bachelor/fitnessmarketing-fernstudium/","1","Fitnessmarketing in der digitalen Welt","38","Indexierbar",""
"https://www.ehip.eu/fernstudium/bachelor/personal-training-fernstudium/","1","Personal Training","17","Indexierbar",""
"https://www.ehip.eu/studieninformationen-anfordern/?alias=ernaehrungswissenschaften-fernstudium&titel=B.A. Ernährungswissenschaft","1","Jetzt Studieninformationen anfordern! B.A. Ernährungswissenschaft","65","Nicht indexierbar","Canonicalised,noindex"
"https://www.ehip.eu/fernstudium/bachelor/gesundheits-und-fitnessmanagement-studium/","1","Gesundheitsmanagement","21","Indexierbar",""
"https://www.ehip.eu/fernstudium/bachelor/sporttherapie-fernstudium/","1","Sporttherapie","13","Indexierbar",""
"https://www.ehip.eu/fernstudium/bachelor/sporternaehrung-studium/","1","Sporternährung","14","Indexierbar",""
"https://www.ehip.eu/bachelor-ernaehrungswissenschaften/","0","","0","Indexierbar",""
"https://www.ehip.eu/fernstudium/bachelor/nachhaltige-ernaehrung-studium/","1","Nachhaltige Ernährung","21","Indexierbar",""
"https://www.ehip.eu/fernstudium/bachelor/ernaehrungskommunikation-studium/","1","Ernährungspsychologie und Kommunikation","39","Indexierbar",""
"https://www.ehip.eu/fernstudium/bachelor/ernaehrungstherapie-studium/","1","Ernährungstherapie","18","Indexierbar",""
"https://www.ehip.eu/datenschutz/aufbewahrungs-und-speicherrichtlinie/","1","Aufbewahrungs- und Speicherrichtlinie","37","Nicht indexierbar","noindex"
"https://www.ehip.eu/studieninformationen-anfordern/?alias=fernstudium-sportwissenschaft-ernaehrungswissenschaft&titel=B.A. Sport- und Ernährungswissenschaft","1","Jetzt Studieninformationen anfordern! B.A. Sport- und Ernährungswissenschaft","76","Nicht indexierbar","Canonicalised,noindex"
"https://www.ehip.eu/fernstudium/bachelor/ernaehrungstherapie-fernstudium/","1","Ernährungstherapie","18","Indexierbar",""
"https://www.ehip.eu/fernstudium/bachelor/betriebliches-gesundheitsmanagement-ernaehrung-fernstudium/","1","Gesundheitsmanagement","21","Nicht indexierbar","Canonicalised"
"https://www.ehip.eu/fernstudium/bachelor/ernaehrungscoach-studium/","1","Sporternährung","14","Indexierbar",""
"https://www.ehip.eu/fernstudium/bachelor/bewegungstherapie-studium/","1","Sporttherapie","13","Indexierbar",""
"https://www.ehip.eu/fernstudium/bachelor/personal-training-studium/","1","Personal Training","17","Indexierbar",""
"https://www.ehip.eu/bwl-berufsbegleitend/","0","","0","Indexierbar",""
"https://www.ehip.eu/bwl-studium/","0","","0","Indexierbar",""
"https://www.ehip.eu/bwl-bachelor/","0","","0","Indexierbar",""
"https://www.ehip.eu/studieninformationen-anfordern/?alias=bwl-fernstudium&titel=B.A. Betriebswirtschaftslehre","1","Jetzt Studieninformationen anfordern! B.A. Betriebswirtschaftslehre","67","Nicht indexierbar","Canonicalised,noindex"
"https://www.ehip.eu/bwl-schwerpunkt/","0","","0","Indexierbar",""
"https://www.ehip.eu/bwl-studium-berufe/","0","","0","Indexierbar",""
"https://www.ehip.eu/studieren-mit-oesterreichischer-vorbildung/","0","","0","Indexierbar",""
"https://www.ehip.eu/studieren-mit-auslaendischer-vorbildung/","0","","0","Indexierbar",""
"https://www.ehip.eu/studieren-mit-ausbildung/","0","","0","Indexierbar",""
"https://www.ehip.eu/studieren-mit-abitur/","0","","0","Indexierbar",""
"https://www.ehip.eu/studieninformationen-anfordern/?alias=e-learning-studium&titel=B.A. E-Learning-Management","1","Jetzt Studieninformationen anfordern! B.A. E-Learning-Management","64","Nicht indexierbar","Canonicalised,noindex"
"https://www.ehip.eu/fernstudium/bachelor/technische-betriebswirtschaft-studium/","1","Technisches Management","22","Indexierbar",""
"https://www.ehip.eu/fernstudium/bachelor/digitalisierung-studium/","1","Digitalisierung","15","Indexierbar",""
"https://www.ehip.eu/studieninformationen-anfordern/?alias=digital-marketing-studium&titel=B.A. Digital Marketing","1","Jetzt Studieninformationen anfordern! B.A. Digital Marketing","60","Nicht indexierbar","Canonicalised,noindex"
"https://www.ehip.eu/fernstudium/bachelor/fernstudium-human-resources/","1","Human Resources","15","Indexierbar",""
"https://www.ehip.eu/fernstudium/bachelor/e-commerce-studium/","1","E-Commerce","10","Indexierbar",""
