"Adresse","Status-Code","Status","HTML-Wörterzahl","Anzahl der gerenderten HTML-Wörter","Wortanzahl ändern","JS-Wortzahl %","HTML-Titel","Titel für gerendertes HTML","HTML H1","Gerendertes HTML H1","HTML-Meta Description","Meta Description für gerendertes HTML","HTML-Canonical","HTML Canonical gerendert","Einzigartige Inlinks","Einzigartige JS-Inlinks","Einzigartige Outlinks","Einzigartige JS-Outlinks","Einzigartige externe Outlinks","Einzigartige externe JS-Outlinks","HTML-Meta-Roboter 1","Gerenderte HTML-Meta-Roboter 1","Gut aussehende URL","Schlecht aussehende URL","JS-Fehler","JS-Warnung","JS-Info","JS-Debug","JS-Problem"
"https://www.ehip.eu/","200","OK","1716","0","","","EHiP - Hochschule für Innovation und Perspektive","","Sprenge deine Grenzen und starte dein Fernstudium zum Bachelor!","","Gemeinsam stark: individuelle Betreuung für deinen Erfolg! ➤ Sprenge deine Grenzen und starte dein Fernstudium zum Bachelor an der EHiP!","","https://www.ehip.eu/","","122","0","66","0","8","0","index,follow","","https://www.ehip.eu/","https://www.ehip.eu/","","","","",""
"https://www.ehip.eu/study-guide/dein-studiensupport/","200","OK","499","0","","","Dein Support - vom Dozierenden bis zur Betreuung | EHiP","","","","Bei uns bekommst du deine persönliche 360-Grad-Betreuung, die gezielt für dich da ist, wenn du sie brauchst. ▲ Erfahre jetzt mehr!","","https://www.ehip.eu/study-guide/dein-studiensupport/","","122","0","59","0","8","0","index,follow","","https://www.ehip.eu/study-guide/dein-studiensupport/","https://www.ehip.eu/study-guide/dein-studiensupport/","","","","",""
"https://www.ehip.eu/study-guide/digitale-lerntools/","200","OK","596","0","","","Digitale Lerntools und Live-Formate | EHiP","","","","Individuelles & kollaboratives Lernen - beides geht! Entdecke unsere digitalen Lerntools und Live-Formate! ▲ Erfahre jetzt mehr!","","https://www.ehip.eu/study-guide/digitale-lerntools/","","122","0","59","0","8","0","index,follow","","https://www.ehip.eu/study-guide/digitale-lerntools/","https://www.ehip.eu/study-guide/digitale-lerntools/","","","","",""
"https://www.ehip.eu/study-guide/studieren-mit-ihk-abschluss/","200","OK","1199","0","","","Studieren mit IHK-Fortbildungsabschluss | EHiP","","","","Du möchtest studieren, hast aber kein Abitur? Kein Problem! Bei uns steht deinem Studium nichts mehr im Wege! ▲ Jetzt Infos sichern!","","https://www.ehip.eu/study-guide/studieren-mit-ihk-abschluss/","","122","0","60","0","8","0","index,follow","","https://www.ehip.eu/study-guide/studieren-mit-ihk-abschluss/","https://www.ehip.eu/study-guide/studieren-mit-ihk-abschluss/","","","","",""
"https://www.ehip.eu/ueber-uns/qualitaet/","200","OK","830","0","","","Qualität | EHiP","","Die EHiP steht für Qualität","","Entdecke alles zum Thema Anerkennung & Akkreditierung der EHiP im Überblick ▲ Lerne uns noch besser kennen!","","https://www.ehip.eu/ueber-uns/qualitaet/","","122","0","63","0","14","0","index,follow","","https://www.ehip.eu/ueber-uns/qualitaet/","https://www.ehip.eu/ueber-uns/qualitaet/","","","","",""
"https://www.ehip.eu/study-guide/gebuehrenmodelle/","200","OK","425","0","","","Finanzierungsmodelle an der EHiP","","","","Unsere Finanzierungsmodelle sind flexibel, planbar und selbstbestimmt. Gestalte dein Studium nach deinen Bedürfnissen! ▲ Jetzt mehr erfahren!","","https://www.ehip.eu/study-guide/gebuehrenmodelle/","","122","0","60","0","8","0","index,follow","","https://www.ehip.eu/study-guide/gebuehrenmodelle/","https://www.ehip.eu/study-guide/gebuehrenmodelle/","","","","",""
"https://www.ehip.eu/marketing-und-kommunikation-bachelorstudiengaenge/","200","OK","909","0","","","Marketing und Kommunikation | EHIP Bachelor Studium","","Marketing und Kommunikation","","Studiere Marketing und Kommunikation praxisnah und zielorientiert in deinem Tempo ✓Experten aus der Praxis ✓Zeit- und Ortsunabhängig ▲ Jetzt Infos sichern!","","https://www.ehip.eu/marketing-und-kommunikation-bachelorstudiengaenge/","","122","0","63","0","8","0","index,follow","","https://www.ehip.eu/marketing-und-kommunikation-bachelorstudiengaenge/","https://www.ehip.eu/marketing-und-kommunikation-bachelorstudiengaenge/","","","","",""
"https://www.ehip.eu/hochschule/karriere/","200","OK","876","0","","","Stellenangebote | EHIP","","Unsere vakanten Stellen","","Wir suchen DICH! Wir revolutionieren die Welt der Bildung! Werde Teil der EHiP - Europäische Hochschule für Innovation und Perspektive. ▲ Jetzt bewerben!","","https://www.ehip.eu/hochschule/karriere/","","122","0","73","0","8","0","index,follow","","https://www.ehip.eu/hochschule/karriere/","https://www.ehip.eu/hochschule/karriere/","","","","",""
"https://www.ehip.eu/coming-soon-duale-studiengaenge-unternehmen/","200","OK","931","0","","","Praxispartner werden | Duale Fernstudiengänge EHiP","","Coming Soon: EHIP Duale Fernstudiengänge","","Wir unterstützen Sie, die besten Talente zu finden!","","","","3","0","61","0","8","0","index,follow","","https://www.ehip.eu/coming-soon-duale-studiengaenge-unternehmen/","https://www.ehip.eu/coming-soon-duale-studiengaenge-unternehmen/","","","","",""
"https://www.ehip.eu/study-guide/fernstudium-finanzieren/","200","OK","1365","0","","","Fernstudium finanzieren - Alles was du wissen musst","","","","Informiere dich über die Finanzierungsmöglichkeiten für dein Fernstudium. Jetzt mehr erfahren!","","https://www.ehip.eu/study-guide/fernstudium-finanzieren/","","122","0","59","0","14","0","index,follow","","https://www.ehip.eu/study-guide/fernstudium-finanzieren/","https://www.ehip.eu/study-guide/fernstudium-finanzieren/","","","","",""
"https://www.ehip.eu/fernstudium/bachelor/sportmanagement-studium/","200","OK","3678","0","","","Sportmanagement studieren im flexiblen Fernstudium | EHIP","","B.A. Sportmanagement","","Sportmanagement studieren und im Profi- und Amateursport voll durchstarten. Nur bei uns! ✓100 % online ▲ Jetzt informieren!","","https://www.ehip.eu/fernstudium/bachelor/sportmanagement-studium/","","122","0","70","0","13","0","index,follow","","https://www.ehip.eu/fernstudium/bachelor/sportmanagement-studium/","https://www.ehip.eu/fernstudium/bachelor/sportmanagement-studium/","","","","",""
"https://www.ehip.eu/fernstudium/bachelor/fernstudium-fitnesstraining-fitnessmanagement/","200","OK","3258","0","","","Fitnesstraining und -management | 100% online | EHiP","","B.A. Fitnesstraining und -management","","Starte dein Fitnesstraining und -management Studium und mach dich bereit für spannende Aufgaben! ▲ Jetzt starten!","","https://www.ehip.eu/fernstudium/bachelor/fernstudium-fitnesstraining-fitnessmanagement/","","9","0","72","0","13","0","index,follow","","https://www.ehip.eu/fernstudium/bachelor/fernstudium-fitnesstraining-fitnessmanagement/","https://www.ehip.eu/fernstudium/bachelor/fernstudium-fitnesstraining-fitnessmanagement/","","","","",""
"https://www.ehip.eu/fernstudium/bachelor/ernaehrungswissenschaften-fernstudium/","200","OK","3533","0","","","Bachelor Ernährungswissenschaften im Fernstudium | EHIP","","B.A. Ernährungswissenschaft","","Bereit für gesunde Entscheidungen? Starte dein Ernährungswissenschaften Fernstudium ✓Praxisorientiert ▲ Jetzt informieren!","","https://www.ehip.eu/fernstudium/bachelor/ernaehrungswissenschaften-fernstudium/","","122","0","70","0","13","0","index,follow","","https://www.ehip.eu/fernstudium/bachelor/ernaehrungswissenschaften-fernstudium/","https://www.ehip.eu/fernstudium/bachelor/ernaehrungswissenschaften-fernstudium/","","","","",""
"https://www.ehip.eu/datenschutz/","200","OK","9784","0","","","Datenschutz | EHIP","","DATENSCHUTZRICHTLINIEN","","Den Schutz deiner Daten nehmen wir sehr ernst. Lese hier die Datenschutzbestimmungen der Hochschule EHIP.","","","","122","0","59","0","39","0","index,follow","","https://www.ehip.eu/datenschutz/","https://www.ehip.eu/datenschutz/","","","","",""
"https://www.ehip.eu/hochschule/team/","200","OK","272","0","","","Team | EHiP","","","","Wir sind dein EHiP-Hochschulteam ▲ Lerne uns kennen!","","https://www.ehip.eu/hochschule/team/","","122","0","84","0","8","0","noindex,nofollow","","https://www.ehip.eu/hochschule/team/","https://www.ehip.eu/hochschule/team/","","","","",""
"https://www.ehip.eu/vertrag-kuendigen/","200","OK","231","0","","","Studienvertrag kündigen","","","","Du möchtest deinen Studienvertrag kündigen? ▲ Jetzt mehr erfahren!","","https://www.ehip.eu/vertrag-kuendigen/","","122","0","59","0","9","0","noindex,nofollow","","https://www.ehip.eu/vertrag-kuendigen/","https://www.ehip.eu/vertrag-kuendigen/","","","","",""
"https://www.ehip.eu/fernstudium/bachelor/fernstudium-sportwissenschaft-ernaehrungswissenschaft/","200","OK","3090","0","","","Sport & Ernährung im Fernstudium | EHiP","","B.A. Sport- und Ernährungswissenschaft","","Du brennst für gesunde Ernährung & Sport? ✓Jederzeit starten ✓berufsbegleitend ▲ Jetzt beraten lassen!","","https://www.ehip.eu/fernstudium/bachelor/fernstudium-sportwissenschaft-ernaehrungswissenschaft/","","10","0","73","0","13","0","index,follow","","https://www.ehip.eu/fernstudium/bachelor/fernstudium-sportwissenschaft-ernaehrungswissenschaft/","https://www.ehip.eu/fernstudium/bachelor/fernstudium-sportwissenschaft-ernaehrungswissenschaft/","","","","",""
"https://www.ehip.eu/ueber-uns/fernstudium-erfahrungen/","200","OK","1445","0","","","Fernstudium Erfahrungen | EHiP","","EHiP Fernstudium Erfahrungen Was dein Studium an der EHiP so besonders macht?","","Sei der*die Manager*in deines Studiums: bei uns werden deine Fernstudium Erfahrungen zum Erfolg ▲ Informiere dich jetzt!","","https://www.ehip.eu/ueber-uns/fernstudium-erfahrungen/","","122","0","60","0","13","0","index,follow","","https://www.ehip.eu/ueber-uns/fernstudium-erfahrungen/","https://www.ehip.eu/ueber-uns/fernstudium-erfahrungen/","","","","",""
"https://www.ehip.eu/study-guide/studieren-aus-dem-ausland/","200","OK","717","0","","","Studieren aus dem Ausland | EHiP","","","","Du willst die Welt bereisen und gleichzeitig deine Karriere voranbringen! Wir zeigen dir wie! ▲ Informiere dich jetzt!","","https://www.ehip.eu/study-guide/studieren-aus-dem-ausland/","","122","0","59","0","8","0","index,follow","","https://www.ehip.eu/study-guide/studieren-aus-dem-ausland/","https://www.ehip.eu/study-guide/studieren-aus-dem-ausland/","","","","",""
"https://www.ehip.eu/study-guide/deine-studienberatung/","200","OK","219","0","","","Deine Studienberatung | EHiP","","","","Deine Studienberatung an der EHiP unterstützt dich persönlich, schnell und individuell! ✓100 % online ▲ Jetzt beraten lassen!","","https://www.ehip.eu/study-guide/deine-studienberatung/","","122","0","59","0","8","0","index,follow","","https://www.ehip.eu/study-guide/deine-studienberatung/","https://www.ehip.eu/study-guide/deine-studienberatung/","","","","",""
"https://www.ehip.eu/kontaktformular/","200","OK","105","0","","","Kontaktformular | EHIP","","","","Du hast Fragen oder wünschst dir eine ausführliche Beratung? ▲ Sprich uns an!","","https://www.ehip.eu/kontaktformular/","","122","0","58","0","8","0","noindex,nofollow","","https://www.ehip.eu/kontaktformular/","https://www.ehip.eu/kontaktformular/","","","","",""
"https://www.ehip.eu/study-guide/deine-bruecke-zu-uns/","200","OK","122","0","","","Deine Brücke zur EHiP","","","","Deine Studierendenberatung an der EHiP unterstützt dich persönlich, schnell und individuell! ✓100 % online ▲ Jetzt beraten lassen!","","https://www.ehip.eu/study-guide/deine-bruecke-zu-uns/","","122","0","59","0","8","0","index,follow","","https://www.ehip.eu/study-guide/deine-bruecke-zu-uns/","https://www.ehip.eu/study-guide/deine-bruecke-zu-uns/","","","","",""
"https://www.ehip.eu/fernstudium/bachelor/digital-marketing-studium/","200","OK","3441","0","","","B.A. Digital Marketing studieren an der EHiP Hochschule","","B.A. Digital Marketing","","Lerne zukunftsorientierte & innovative Konzepte im Digital Marketing Studium an der EHiP ✓100 % online ▲ Jetzt informieren!","","https://www.ehip.eu/fernstudium/bachelor/digital-marketing-studium/","","122","0","65","0","13","0","index,follow","","https://www.ehip.eu/fernstudium/bachelor/digital-marketing-studium/","https://www.ehip.eu/fernstudium/bachelor/digital-marketing-studium/","","","","",""
"https://www.ehip.eu/study-guide/studium-und-job/","200","OK","1428","0","","","Studium & Job | EHiP","","","","Du möchtest deine Karriere durch ein Studium vorantreiben? Dann studiere berufsbegleitend und profitiere doppelt! ▲ Jetzt informieren!","","https://www.ehip.eu/study-guide/studium-und-job/","","122","0","59","0","8","0","index,follow","","https://www.ehip.eu/study-guide/studium-und-job/","https://www.ehip.eu/study-guide/studium-und-job/","","","","",""
"https://www.ehip.eu/bachelor-studiengaenge/","200","OK","986","0","","","Bachelor Studiengänge | EHIP Bachelor Studium","","Bachelor Studiengänge","","Suchst du noch nach deinem passenden Bachelor Studiengang? An der EHIP findest du eine große Auswahl an Bachelor of Arts Studiengängen ✓Flexibel nebenberuflich oder in Vollzeit ▲ Jetzt informieren!","","https://www.ehip.eu/bachelor-studiengaenge/","","122","0","61","0","8","0","index,follow","","https://www.ehip.eu/bachelor-studiengaenge/","https://www.ehip.eu/bachelor-studiengaenge/","","","","",""
"https://www.ehip.eu/fernstudium/bachelor/e-learning-studium/","200","OK","3073","0","","","E-Learning Studium | 100% flexibles Fernstudium | EHiP","","B.A. E-Learning-Management","","Du interessierst dich für digitale Lerntechniken? Starte das E-Learning Studium an der EHiP! ✓Komplett online ▲ Jetzt beraten lassen!","","https://www.ehip.eu/fernstudium/bachelor/e-learning-studium/","","122","0","64","0","13","0","index,follow","","https://www.ehip.eu/fernstudium/bachelor/e-learning-studium/","https://www.ehip.eu/fernstudium/bachelor/e-learning-studium/","","","","",""
"https://www.ehip.eu/kalender-studienberatung/","200","OK","55","0","","","Terminvereinbarung der Studienberatung","","","","Vereinbare jetzt einen persönlichen Beratungstermin mit unserer Studienberatung. Dein EHiP Team unterstützt dich in allen Fragen zu deinem Studium.","","","","122","0","58","0","8","0","noindex,nofollow","","https://www.ehip.eu/kalender-studienberatung/","https://www.ehip.eu/kalender-studienberatung/","","","","",""
"https://www.ehip.eu/study-guide/voraussetzungen/","200","OK","117","0","","","Voraussetzungen Studium | EHiP","","","","Erfüllst du die Voraussetzungen für ein Studium? Entdecke deine Möglichkeiten für ein Studium bei uns! ✓100 % flexibel ▲ Erfahre hier mehr!","","https://www.ehip.eu/study-guide/voraussetzungen/","","122","0","64","0","8","0","index,follow","","https://www.ehip.eu/study-guide/voraussetzungen/","https://www.ehip.eu/study-guide/voraussetzungen/","","","","",""
"https://www.ehip.eu/fernstudium/bachelor/bwl-fernstudium/","200","OK","4190","0","","","BWL Fernstudium | 100% online studieren | EHiP","","B.A. Betriebswirtschaftslehre","","Ein BWL Fernstudium ist langweilig und trocken? Nicht bei uns! ✓Komplett ortsunabhängig ▲ Jetzt informieren!","","https://www.ehip.eu/fernstudium/bachelor/bwl-fernstudium/","","122","0","74","0","13","0","index,follow","","https://www.ehip.eu/fernstudium/bachelor/bwl-fernstudium/","https://www.ehip.eu/fernstudium/bachelor/bwl-fernstudium/","","","","",""
"https://www.ehip.eu/study-guide/pruefungsformen/","200","OK","804","0","","","Online-Prüfungsformen an der EHiP","","","","Du hältst an der EHiP das Steuer in der Hand und entscheidest, zu welchem Zeitpunkt du deine Prüfung schreiben möchtest! ▲ Jetzt informieren!","","https://www.ehip.eu/study-guide/pruefungsformen/","","122","0","59","0","8","0","index,follow","","https://www.ehip.eu/study-guide/pruefungsformen/","https://www.ehip.eu/study-guide/pruefungsformen/","","","","",""
"https://www.ehip.eu/study-guide/warum-ehip/","200","OK","572","0","","","Deshalb an der EHiP studieren | EHiP","","","","Deine Bedürfnisse, deine Lebensrealität und deine Ziele stehen bei uns im Fokus ✓100 % online studieren ▲ Erfahre jetzt mehr!","","https://www.ehip.eu/study-guide/warum-ehip/","","122","0","59","0","8","0","index,follow","","https://www.ehip.eu/study-guide/warum-ehip/","https://www.ehip.eu/study-guide/warum-ehip/","","","","",""
"https://www.ehip.eu/fernstudium/bachelor/fernstudium-ernaehrungsberatung-ernaehrungsmanagement/","200","OK","3263","0","","","Ernährungsberatung und -management Fernstudium | EHiP","","B.A. Ernährungsberatung und -management","","Bei uns wirst du zum Profi in Sachen Ernährungsberatung und Ernährungsmanagement! ✓Berufsbegleitend ▲ Jetzt starten!","","https://www.ehip.eu/fernstudium/bachelor/fernstudium-ernaehrungsberatung-ernaehrungsmanagement/","","5","0","72","0","13","0","index,follow","","https://www.ehip.eu/fernstudium/bachelor/fernstudium-ernaehrungsberatung-ernaehrungsmanagement/","https://www.ehip.eu/fernstudium/bachelor/fernstudium-ernaehrungsberatung-ernaehrungsmanagement/","","","","",""
"https://www.ehip.eu/study-guide/studium-alleinerziehend/","200","OK","1481","0","","","Studium als Alleinerziehende*r | EHiP","","","","Du hast Nachwuchs, den du alleine erziehst und möchtest trotzdem studieren? Wir bieten dir ein familienfreundliches Studienkonzept! ▲ Informiere dich jetzt!","","https://www.ehip.eu/study-guide/studium-alleinerziehend/","","122","0","59","0","8","0","index,follow","","https://www.ehip.eu/study-guide/studium-alleinerziehend/","https://www.ehip.eu/study-guide/studium-alleinerziehend/","","","","",""
"https://www.ehip.eu/coming-soon-duale-studiengaenge/","200","OK","1030","0","","","Coming Soon: Duale Fernstudiengänge","","Coming Soon:Theorie trifft Praxis unsere neuen dualen Fernstudiengänge","","Melde dich jetzt und starte schon bald in dein duales Studium!","","","","2","0","61","0","8","0","index,follow","","https://www.ehip.eu/coming-soon-duale-studiengaenge/","https://www.ehip.eu/coming-soon-duale-studiengaenge/","","","","",""
"https://www.ehip.eu/study-guide/wegweiser/","200","OK","688","0","","","Dein Wegweiser zum Studium | EHiP","","","","Wir unterstützen dich, damit du dein Studium gezielt und strukturiert angehen kannst. ✓Kompetent, individuell und persönlich ▲ Jetzt beraten lassen!","","https://www.ehip.eu/study-guide/wegweiser/","","122","0","60","0","8","0","index,follow","","https://www.ehip.eu/study-guide/wegweiser/","https://www.ehip.eu/study-guide/wegweiser/","","","","",""
"https://www.ehip.eu/fernstudium/bachelor/international-management-studium/","200","OK","3251","0","","","International Management Studium | 100% online studieren | EHIP","","B.A. Business Administration","","Starte dein International Management Studium und mach deine Karriere global! ✓Berufsbegleitend & 100 % online ▲ Jetzt informieren!","","https://www.ehip.eu/fernstudium/bachelor/international-management-studium/","","122","0","67","0","13","0","index,follow","","https://www.ehip.eu/fernstudium/bachelor/international-management-studium/","https://www.ehip.eu/fernstudium/bachelor/international-management-studium/","","","","",""
"https://www.ehip.eu/infoveranstaltung/","200","OK","463","0","","","Online Infoveranstaltungen EHiP","","","","Melde dich jetzt für die Online-Informationsveranstaltung an und erfahre alles über dein Studium an der EHiP!","","","","122","0","59","0","8","0","noindex,nofollow","","https://www.ehip.eu/infoveranstaltung/","https://www.ehip.eu/infoveranstaltung/","","","","",""
"https://www.ehip.eu/study-guide/studieren-mit-familie/","200","OK","946","0","","","Erfolgreich studieren mit Familie | EHiP","","","","Du hast Familie und möchtest studieren? Wir bieten dir die Freiheit und Flexibilität dafür! ▲ Informiere dich jetzt!","","https://www.ehip.eu/study-guide/studieren-mit-familie/","","122","0","59","0","8","0","index,follow","","https://www.ehip.eu/study-guide/studieren-mit-familie/","https://www.ehip.eu/study-guide/studieren-mit-familie/","","","","",""
"https://www.ehip.eu/fernstudium/bachelor/fernstudium-personalmanagement/","200","OK","3015","0","","","100% flexibles Fernstudium Personalmanagement | EHIP","","B.A. Personalmanagement","","Unser Fernstudium Personalmanagement macht dich fit für neue Entwicklungen im Recruiting! ✓100 % ortsunabhängig ▲ Erfahre hier mehr!","","https://www.ehip.eu/fernstudium/bachelor/fernstudium-personalmanagement/","","122","0","66","0","13","0","index,follow","","https://www.ehip.eu/fernstudium/bachelor/fernstudium-personalmanagement/","https://www.ehip.eu/fernstudium/bachelor/fernstudium-personalmanagement/","","","","",""
"https://www.ehip.eu/study-guide/dein-anmeldeprozess/","200","OK","486","0","","","Deine Anmeldung zum Studium | EHiP","","","","Worauf wartest du? Sicher dir deinen Studienplatz und starte dein Traumstudium an der EHiP! ✓Unkompliziert & einfach ▲ Melde dich jetzt an!","","https://www.ehip.eu/study-guide/dein-anmeldeprozess/","","122","0","59","0","8","0","index,follow","","https://www.ehip.eu/study-guide/dein-anmeldeprozess/","https://www.ehip.eu/study-guide/dein-anmeldeprozess/","","","","",""
"https://www.ehip.eu/study-guide/deine-finanzierungsmoeglichkeiten/","200","OK","1382","0","","","Finanzierungsmöglichkeiten Studium | EHiP","","","","Du möchtest mit einem Fernstudium durchstarten, benötigst aber finanzielle Unterstützung? Wir zeigen dir, welche Möglichkeiten du hast! ▲ Jetzt informieren!","","https://www.ehip.eu/study-guide/deine-finanzierungsmoeglichkeiten/","","122","0","59","0","29","0","index,follow","","https://www.ehip.eu/study-guide/deine-finanzierungsmoeglichkeiten/","https://www.ehip.eu/study-guide/deine-finanzierungsmoeglichkeiten/","","","","",""
"https://www.ehip.eu/impressum/","200","OK","322","0","","","Impressum | EHIP","","IMPRESSUM","","Hier findest du das offizielle Impressum der Hochschule EHIP.","","https://www.ehip.eu/impressum/","","122","0","58","0","9","0","index,follow","","https://www.ehip.eu/impressum/","https://www.ehip.eu/impressum/","","","","",""
"https://www.ehip.eu/study-guide/deine-studieninformationen/","200","OK","426","0","","","Studieninformationen | EHiP","","","","Du brauchst mehr Informationen zu deinem Traumstudium? Die erhältst du hier! ✓Unkompliziert, individuell und persönlich ▲ Jetzt beraten lassen!","","https://www.ehip.eu/study-guide/deine-studieninformationen/","","122","0","60","0","8","0","index,follow","","https://www.ehip.eu/study-guide/deine-studieninformationen/","https://www.ehip.eu/study-guide/deine-studieninformationen/","","","","",""
"https://www.ehip.eu/fernstudium/bachelor/gesundheitsmanagement-studium/","200","OK","3762","0","","","Bachelor Gesundheitsmanagement Studium | EHIP Hochschule","","B.A. Gesundheitsmanagement","","Starte dein Gesundheitsmanagement Studium und mach dich bereit für spannende Aufgaben! ✓Praxisorientiert ▲ Jetzt informieren!","","https://www.ehip.eu/fernstudium/bachelor/gesundheitsmanagement-studium/","","122","0","69","0","13","0","index,follow","","https://www.ehip.eu/fernstudium/bachelor/gesundheitsmanagement-studium/","https://www.ehip.eu/fernstudium/bachelor/gesundheitsmanagement-studium/","","","","",""
"https://www.ehip.eu/fernstudium/","200","OK","1036","0","","","Studieren im Fernstudium | EHiP","","Fernstudium Studiengänge","","EHiP - Studiere an der flexibelsten Fernhochschule! ✓komplett ortsunabhängig studieren inkl. Klausuren ✓täglich starten ▲ Informiere dich jetzt!","","https://www.ehip.eu/fernstudium/","","122","0","60","0","8","0","index,follow","","https://www.ehip.eu/fernstudium/","https://www.ehip.eu/fernstudium/","","","","",""
"https://www.ehip.eu/hochschule/","200","OK","67","0","","","Hochschule | EHIP","","","","Selbstbestimmt und individuell: EHIP - Europäische Hochschule für Innovation und Perspektive! Mit einem komplett virtuellen Student-Life-Cycle. ▲ Jetzt informieren!","","https://www.ehip.eu/hochschule/","","122","0","59","0","8","0","index,follow","","https://www.ehip.eu/hochschule/","https://www.ehip.eu/hochschule/","","","","",""
"https://www.ehip.eu/study-guide/","200","OK","298","0","","","Study Guide | EHiP","","Dein Study Guide","","Unser Study Guide bietet dir nützliche Orientierungshilfen zur optimalen Planung & Absolvierung deines Studiums an der EHiP! ▲ Informiere dich jetzt!","","https://www.ehip.eu/study-guide/","","122","0","59","0","8","0","index,follow","","https://www.ehip.eu/study-guide/","https://www.ehip.eu/study-guide/","","","","",""
"https://www.ehip.eu/study-guide/dein-leben-dein-studium/","200","OK","174","0","","","Dein Leben, dein Studium | EHiP","","","","Dein Leben ist einmalig! Wir zeigen dir wertvolle Tipps, wie du dein Studium in deine Lebensrealität integrieren kannst. ▲ Informiere dich jetzt!","","https://www.ehip.eu/study-guide/dein-leben-dein-studium/","","122","0","59","0","8","0","index,follow","","https://www.ehip.eu/study-guide/dein-leben-dein-studium/","https://www.ehip.eu/study-guide/dein-leben-dein-studium/","","","","",""
"https://www.ehip.eu/study-guide/deine-lernwelt/","200","OK","159","0","","","Deine Lernwelt | EHiP","","","","Deine Lernwelt an der EHiP stellt sicher, dass du das Studium in deinen persönlichen Alltag integrieren kannst! ✓100 % online ▲ Erfahre hier mehr!","","https://www.ehip.eu/study-guide/deine-lernwelt/","","122","0","59","0","8","0","index,follow","","https://www.ehip.eu/study-guide/deine-lernwelt/","https://www.ehip.eu/study-guide/deine-lernwelt/","","","","",""
"https://www.ehip.eu/study-guide/dein-studium/","200","OK","290","0","","","Dein Studium an der EHiP","","","","Damit dein Studium zum Erfolg wird, findest du hier relevante Informationen für deinen Startschuss an der EHiP! ▲ Informiere dich jetzt!","","https://www.ehip.eu/study-guide/dein-studium/","","122","0","60","0","8","0","index,follow","","https://www.ehip.eu/study-guide/dein-studium/","https://www.ehip.eu/study-guide/dein-studium/","","","","",""
"https://www.ehip.eu/wer-kann-bei-uns-studieren/","200","OK","1039","0","","","Wer kann bei uns studieren? | EHIP","","Wer kann an der EHIP studieren?","","Studieren neben dem Beruf ist an der EHIP - Europäischen Hochschule für Innovation und Perspektive kein Problem. Auch ohne Abitur! ▲ Jetzt informieren!","","https://www.ehip.eu/wer-kann-bei-uns-studieren/","","4","0","66","0","8","0","index,follow","","https://www.ehip.eu/wer-kann-bei-uns-studieren/","https://www.ehip.eu/wer-kann-bei-uns-studieren/","","","","",""
"https://www.ehip.eu/bachelor-of-arts/","200","OK","1004","0","","","Bachelor werden im Fernstudium | EHiP","","Bachelor of Arts","","Was ist ein Bachelor of Arts (B.A.)? Der Bachelor ist der erste akademische Grad, den du an einer Hochschule erwerben kannst! ▲ Erfahre alles zu diesem Abschluss!","","https://www.ehip.eu/bachelor-of-arts/","","38","0","62","0","8","0","index,follow","","https://www.ehip.eu/bachelor-of-arts/","https://www.ehip.eu/bachelor-of-arts/","","","","",""
"https://www.ehip.eu/ueber-uns/","200","OK","825","0","","","Über uns | EHiP","","Über uns","","Wir sind eine Fernhochschule, die es sich zur Aufgabe gemacht hat, Studierenden ein flexibles, praxisnahes und vollständig digitales Bildungsangebot zu unterbreiten. ▲ Informiere dich jetzt!","","https://www.ehip.eu/ueber-uns/","","122","0","59","0","8","0","index,follow","","https://www.ehip.eu/ueber-uns/","https://www.ehip.eu/ueber-uns/","","","","",""
"https://www.ehip.eu/study-guide/anrechnung-und-anerkennung/","200","OK","772","0","","","Anrechnung und Anerkennung im Studium | EHiP","","","","Bei uns erfahren deine bisherigen Erfolge Wertschätzung. Lass dir Vorleistungen für dein Studium anrechnen! ▲ Jetzt beraten lassen!","","https://www.ehip.eu/study-guide/anrechnung-und-anerkennung/","","122","0","60","0","8","0","index,follow","","https://www.ehip.eu/study-guide/anrechnung-und-anerkennung/","https://www.ehip.eu/study-guide/anrechnung-und-anerkennung/","","","","",""
"https://www.ehip.eu/studienplatz-sichern/","200","OK","435","0","","","Anmeldung Studium EHiP","","Tut uns Leid","","","","https://www.ehip.eu/studienplatz-sichern/","","122","0","59","0","8","0","noindex,nofollow","","https://www.ehip.eu/studienplatz-sichern/","https://www.ehip.eu/studienplatz-sichern/","","","","",""
"https://www.ehip.eu/wirtschaft-und-management-bachelorstudiengaenge/","200","OK","1098","0","","","Wirtschaft und Management | EHIP Bachelor Studium","","Wirtschaft & Management","","Werde mit deinem Bachelor zur gefragten Führungskraft im Bereich Wirtschaft & Management ✓berufsbegleitend & 100 % online ▲ Jetzt informieren!","","https://www.ehip.eu/wirtschaft-und-management-bachelorstudiengaenge/","","122","0","63","0","8","0","index,follow","","https://www.ehip.eu/wirtschaft-und-management-bachelorstudiengaenge/","https://www.ehip.eu/wirtschaft-und-management-bachelorstudiengaenge/","","","","",""
"https://www.ehip.eu/study-guide/bafoeg-fernstudium/","200","OK","952","0","","","BAföG im Fernstudium - Alles was du wissen musst","","Die wichtigsten Infos auf einen Blick BAföG im Fernstudium","","BAföG auch im Fernstudium erhalten? Ja, das geht! Informiere dich über die Voraussetzungen, Antragstellung und Höhe der Förderung. Jetzt mehr erfahren!","","https://www.ehip.eu/study-guide/bafoeg-fernstudium/","","122","0","59","0","8","0","index,follow","","https://www.ehip.eu/study-guide/bafoeg-fernstudium/","https://www.ehip.eu/study-guide/bafoeg-fernstudium/","","","","",""
"https://www.ehip.eu/study-guide/studieren-direkt-nach-abitur/","200","OK","707","0","","","Studieren direkt nach dem Abitur | EHiP","","","","Abi in der Tasche? Starte dein Fernstudium an der EHiP ✓Ohne NC-Beschränkung ✓100 % online und flexibel ▲ Jetzt Infos sichern!","","https://www.ehip.eu/study-guide/studieren-direkt-nach-abitur/","","122","0","60","0","8","0","index,follow","","https://www.ehip.eu/study-guide/studieren-direkt-nach-abitur/","https://www.ehip.eu/study-guide/studieren-direkt-nach-abitur/","","","","",""
"https://www.ehip.eu/gesundheit-bachelorstudiengaenge/","200","OK","869","0","","","Fernstudiengänge Gesundheit, Sport & Ernährung | EHIP Bachelor Studium","","GESUNDHEIT, SPORT & ERNÄHRUNG","","Studiere im Bereich Gesundheit, Sport & Ernährung nach neusten Lernmethoden an unserer Hochschule! ✓Flexibel nebenberuflich oder in Vollzeit ▲ Jetzt informieren!","","https://www.ehip.eu/gesundheit-bachelorstudiengaenge/","","122","0","88","0","8","0","index,follow","","https://www.ehip.eu/gesundheit-bachelorstudiengaenge/","https://www.ehip.eu/gesundheit-bachelorstudiengaenge/","","","","",""
"https://www.ehip.eu/study-guide/lernkonzept-focus/","200","OK","766","0","","","Dein FOCUS-Lernkonzept | EHiP","","","","Dein Lernerfolg ist unsere Mission. Mit unserem FOCUS-Lernkonzept stehst du im Mittelpunkt! ✓Individuell und effizient ▲ Jetzt informieren!","","","","122","0","59","0","8","0","index,follow","","https://www.ehip.eu/study-guide/lernkonzept-focus/","https://www.ehip.eu/study-guide/lernkonzept-focus/","","","","",""
"https://www.ehip.eu/study-guide/online-campus/","200","OK","457","0","","","Dein Online-Campus myFOCUS","","","","","","https://www.ehip.eu/study-guide/online-campus/","","122","0","59","0","8","0","index,follow","","https://www.ehip.eu/study-guide/online-campus/","https://www.ehip.eu/study-guide/online-campus/","","","","",""
"https://www.ehip.eu/studieren-als-fachwirt-betriebswirt-meister/","200","OK","294","0","","","Studieren als Fachwirt, Betriebswirt oder Meister | EHiP","","","","Dein Vorsprung dank Aufstiegsfortbildung! Starte dein Traumstudium und lasse deine Vorleistungen anrechnen! ▲ Finde jetzt deinen Studiengang!","","https://www.ehip.eu/studieren-als-fachwirt-betriebswirt-meister/","","4","0","60","0","8","0","index,follow","","https://www.ehip.eu/studieren-als-fachwirt-betriebswirt-meister/","https://www.ehip.eu/studieren-als-fachwirt-betriebswirt-meister/","","","","",""
"https://www.ehip.eu/studienplatz-sichern/?id=","200","OK","437","0","","","Anmeldung Studium EHiP","","Tut uns Leid","","","","https://www.ehip.eu/studienplatz-sichern/","","36","0","60","0","8","0","noindex,nofollow","","https://www.ehip.eu/studienplatz-sichern/?id=","https://www.ehip.eu/studienplatz-sichern/?id=","","","","",""
"https://www.ehip.eu/hochschule/karriere/freiberuflicher-autor-controlling-im-gesundheitswesen-m-w-d/","200","OK","537","0","","","Stellenangebot - Freiberuflicher Autor - Controlling im Gesundheitswesen (m/w/d)","","","","Suchst du neue Herausforderungen in einem engagierten Team mit netten Kolleginnen und Kollegen? ▲ Dann bewirb dich jetzt an der EHIP!","","https://www.ehip.eu/hochschule/karriere/freiberuflicher-autor-controlling-im-gesundheitswesen-m-w-d/","","2","0","60","0","8","0","index,follow","","https://www.ehip.eu/hochschule/karriere/freiberuflicher-autor-controlling-im-gesundheitswesen-m-w-d/","https://www.ehip.eu/hochschule/karriere/freiberuflicher-autor-controlling-im-gesundheitswesen-m-w-d/","","","","",""
"https://www.ehip.eu/hochschule/karriere/professur-fuer-quantitative-bwl-m-w-d/","200","OK","516","0","","","Stellenangebot - Professur für Quantitative BWL (m/w/d)","","","","Du suchst eine Professur im Bereich Quantitative BWL an einer innovativen Fernhochschule? ▲ Dann bewirb dich jetzt an der EHIP!","","https://www.ehip.eu/hochschule/karriere/professur-fuer-quantitative-bwl-m-w-d/","","2","0","60","0","8","0","noindex,nofollow","","https://www.ehip.eu/hochschule/karriere/professur-fuer-quantitative-bwl-m-w-d/","https://www.ehip.eu/hochschule/karriere/professur-fuer-quantitative-bwl-m-w-d/","","","","",""
"https://www.ehip.eu/fernstudium/bachelor/fitnesswissenschaft-fernstudium/","200","OK","3086","0","","","Fitnesswissenschaft studieren | 100% online | EHiP Hochschule","","B.A. Fitnesswissenschaft","","Fitness studieren und deine Sportbegeisterung zum Erfolg machen! ✓Zeit- und Ortsunabhängig ▲ Jetzt beraten lassen!","","https://www.ehip.eu/fernstudium/bachelor/fitnesswissenschaft-fernstudium/","","9","0","69","0","13","0","index,follow","","https://www.ehip.eu/fernstudium/bachelor/fitnesswissenschaft-fernstudium/","https://www.ehip.eu/fernstudium/bachelor/fitnesswissenschaft-fernstudium/","","","","",""
"https://www.ehip.eu/hochschule/karriere/freiberuflicher-autor-digitale-marktforschung-und-big-data-management-m-w-d/","200","OK","548","0","","","Stellenangebot - Freiberuflicher Autor - Digitale Marktforschung und Big Data Management (m/w/d)","","","","Suchst du neue Herausforderungen in einem engagierten Team mit netten Kolleginnen und Kollegen? ▲ Dann bewirb dich jetzt an der EHIP!","","https://www.ehip.eu/hochschule/karriere/freiberuflicher-autor-digitale-marktforschung-und-big-data-management-m-w-d/","","2","0","60","0","8","0","index,follow","","https://www.ehip.eu/hochschule/karriere/freiberuflicher-autor-digitale-marktforschung-und-big-data-management-m-w-d/","https://www.ehip.eu/hochschule/karriere/freiberuflicher-autor-digitale-marktforschung-und-big-data-management-m-w-d/","","","","",""
"https://www.ehip.eu/hochschule/karriere/freiberuflicher-autor-accounting-2-jahresabschluss-m-w-d/","200","OK","536","0","","","Stellenangebot - Freiberuflicher Autor - Accounting 2: Jahresabschluss (m/w/d)","","","","Suchst du neue Herausforderungen in einem engagierten Team mit netten Kolleginnen und Kollegen? ▲ Dann bewirb dich jetzt an der EHIP!","","https://www.ehip.eu/hochschule/karriere/freiberuflicher-autor-accounting-2-jahresabschluss-m-w-d/","","2","0","60","0","8","0","index,follow","","https://www.ehip.eu/hochschule/karriere/freiberuflicher-autor-accounting-2-jahresabschluss-m-w-d/","https://www.ehip.eu/hochschule/karriere/freiberuflicher-autor-accounting-2-jahresabschluss-m-w-d/","","","","",""
"https://www.ehip.eu/hochschule/karriere/professur-fuer-wirtschaftspsychologie-m-w-d/","200","OK","502","0","","","Stellenangebot - Professur Wirtschaftspsychologie (m/w/d)","","","","Du suchst eine Professur im Bereich Wirtschaftspsychologie an einer innovativen Fernhochschule? ▲ Dann bewirb dich jetzt an der EHIP!","","https://www.ehip.eu/hochschule/karriere/professur-fuer-wirtschaftspsychologie-m-w-d/","","2","0","60","0","8","0","index,follow","","https://www.ehip.eu/hochschule/karriere/professur-fuer-wirtschaftspsychologie-m-w-d/","https://www.ehip.eu/hochschule/karriere/professur-fuer-wirtschaftspsychologie-m-w-d/","","","","",""
"https://www.ehip.eu/hochschule/karriere/freiberuflicher-autor-zum-thema-beschaffung-und-logistik-m-w-d/","200","OK","537","0","","","Stellenangebot - Freiberuflicher Autor - Beschaffung und Logistik (m/w/d)","","","","Suchst du neue Herausforderungen in einem engagierten Team mit netten Kolleginnen und Kollegen? ▲ Dann bewirb dich jetzt an der EHIP!","","https://www.ehip.eu/hochschule/karriere/freiberuflicher-autor-zum-thema-beschaffung-und-logistik-m-w-d/","","2","0","60","0","8","0","index,follow","","https://www.ehip.eu/hochschule/karriere/freiberuflicher-autor-zum-thema-beschaffung-und-logistik-m-w-d/","https://www.ehip.eu/hochschule/karriere/freiberuflicher-autor-zum-thema-beschaffung-und-logistik-m-w-d/","","","","",""
"https://www.ehip.eu/hochschule/karriere/freiberuflicher-autor-betriebliches-management-und-controlling-m-w-d/","200","OK","540","0","","","Stellenangebot - Freiberuflicher Autor - Betriebliches Management und Controlling (m/w/d)","","","","Suchst du neue Herausforderungen in einem engagierten Team mit netten Kolleginnen und Kollegen? ▲ Dann bewirb dich jetzt an der EHIP!","","https://www.ehip.eu/hochschule/karriere/freiberuflicher-autor-betriebliches-management-und-controlling-m-w-d/","","2","0","60","0","8","0","index,follow","","https://www.ehip.eu/hochschule/karriere/freiberuflicher-autor-betriebliches-management-und-controlling-m-w-d/","https://www.ehip.eu/hochschule/karriere/freiberuflicher-autor-betriebliches-management-und-controlling-m-w-d/","","","","",""
"https://www.ehip.eu/hochschule/karriere/mitarbeiter-studienberatung-vertrieb-b2c-m-w-d/","200","OK","630","0","","","Mitarbeiter Studienberatung & Vertrieb B2C m/w/d","","","","Suchst du neue Herausforderungen in einem engagierten Team mit netten Kolleginnen und Kollegen? ▲ Dann bewirb dich jetzt an der EHIP!","","https://www.ehip.eu/hochschule/karriere/mitarbeiter-studienberatung-vertrieb-b2c-m-w-d/","","2","0","60","0","8","0","index,follow","","https://www.ehip.eu/hochschule/karriere/mitarbeiter-studienberatung-vertrieb-b2c-m-w-d/","https://www.ehip.eu/hochschule/karriere/mitarbeiter-studienberatung-vertrieb-b2c-m-w-d/","","","","",""
"https://www.ehip.eu/hochschule/karriere/freiberuflicher-autor-kommunikation-und-verhandlungsfuehrung-im-gesundheitswesen-m-w-d/","200","OK","542","0","","","Stellenangebot - Freiberuflicher Autor - Kommunikation und  Verhandlungsführung im Gesundheitswesen (m/w/d)","","","","Suchst du neue Herausforderungen in einem engagierten Team mit netten Kolleginnen und Kollegen? ▲ Dann bewirb dich jetzt an der EHIP!","","https://www.ehip.eu/hochschule/karriere/freiberuflicher-autor-kommunikation-und-verhandlungsfuehrung-im-gesundheitswesen-m-w-d/","","2","0","60","0","8","0","index,follow","","https://www.ehip.eu/hochschule/karriere/freiberuflicher-autor-kommunikation-und-verhandlungsfuehrung-im-gesundheitswesen-m-w-d/","https://www.ehip.eu/hochschule/karriere/freiberuflicher-autor-kommunikation-und-verhandlungsfuehrung-im-gesundheitswesen-m-w-d/","","","","",""
"https://www.ehip.eu/hochschule/karriere/professur-digitalisierung-und-unternehmen-m-w-d/","200","OK","509","0","","","Stellenangebot - Professur Digitalisierung und Unternehmen (m/w/d)","","","","Du suchst eine Professur im Bereich Digitalisierung und Unternehmen an einer innovativen Fernhochschule? ▲ Dann bewirb dich jetzt an der EHIP!","","https://www.ehip.eu/hochschule/karriere/professur-digitalisierung-und-unternehmen-m-w-d/","","2","0","60","0","8","0","index,follow","","https://www.ehip.eu/hochschule/karriere/professur-digitalisierung-und-unternehmen-m-w-d/","https://www.ehip.eu/hochschule/karriere/professur-digitalisierung-und-unternehmen-m-w-d/","","","","",""
"https://www.ehip.eu/hochschule/karriere/freiberuflicher-autor-investition-und-finanzierung-im-gesundheitswesen-m-w-d/","200","OK","543","0","","","Stellenangebot - Freiberuflicher Autor - Investition und Finanzierung im Gesundheitswesen (m/w/d)","","","","Suchst du neue Herausforderungen in einem engagierten Team mit netten Kolleginnen und Kollegen? ▲ Dann bewirb dich jetzt an der EHIP!","","https://www.ehip.eu/hochschule/karriere/freiberuflicher-autor-investition-und-finanzierung-im-gesundheitswesen-m-w-d/","","2","0","60","0","8","0","index,follow","","https://www.ehip.eu/hochschule/karriere/freiberuflicher-autor-investition-und-finanzierung-im-gesundheitswesen-m-w-d/","https://www.ehip.eu/hochschule/karriere/freiberuflicher-autor-investition-und-finanzierung-im-gesundheitswesen-m-w-d/","","","","",""
"https://www.ehip.eu/hochschule/karriere/freiberuflicher-autor-investition-und-finanzierung-m-w-d/","200","OK","534","0","","","Stellenangebot - Freiberuflicher Autor - Investition und Finanzierung (m/w/d)","","","","Suchst du neue Herausforderungen in einem engagierten Team mit netten Kolleginnen und Kollegen? ▲ Dann bewirb dich jetzt an der EHIP!","","https://www.ehip.eu/hochschule/karriere/freiberuflicher-autor-investition-und-finanzierung-m-w-d/","","2","0","60","0","8","0","index,follow","","https://www.ehip.eu/hochschule/karriere/freiberuflicher-autor-investition-und-finanzierung-m-w-d/","https://www.ehip.eu/hochschule/karriere/freiberuflicher-autor-investition-und-finanzierung-m-w-d/","","","","",""
"https://www.ehip.eu/hochschule/karriere/freiberuflicher-autor-unternehmenssteuern-in-brd-europa-steuerrecht-m-w-d/","200","OK","542","0","","","Stellenangebot - Freiberuflicher Autor - Unternehmenssteuern in BRD, Europa, Steuerrecht (m/w/d)","","","","Suchst du neue Herausforderungen in einem engagierten Team mit netten Kolleginnen und Kollegen? ▲ Dann bewirb dich jetzt an der EHIP!","","https://www.ehip.eu/hochschule/karriere/freiberuflicher-autor-unternehmenssteuern-in-brd-europa-steuerrecht-m-w-d/","","2","0","60","0","8","0","index,follow","","https://www.ehip.eu/hochschule/karriere/freiberuflicher-autor-unternehmenssteuern-in-brd-europa-steuerrecht-m-w-d/","https://www.ehip.eu/hochschule/karriere/freiberuflicher-autor-unternehmenssteuern-in-brd-europa-steuerrecht-m-w-d/","","","","",""
"https://www.ehip.eu/hochschule/karriere/freiberuflicher-autor-ernaehrungssoziologie-und-oekonomie-m-w-d/","200","OK","535","0","","","Stellenangebot - Freiberuflicher Autor - Ernährungssoziologie und -ökonomie (m/w/d)","","","","Suchst du neue Herausforderungen in einem engagierten Team mit netten Kolleginnen und Kollegen? ▲ Dann bewirb dich jetzt an der EHIP!","","https://www.ehip.eu/hochschule/karriere/freiberuflicher-autor-ernaehrungssoziologie-und-oekonomie-m-w-d/","","2","0","60","0","8","0","index,follow","","https://www.ehip.eu/hochschule/karriere/freiberuflicher-autor-ernaehrungssoziologie-und-oekonomie-m-w-d/","https://www.ehip.eu/hochschule/karriere/freiberuflicher-autor-ernaehrungssoziologie-und-oekonomie-m-w-d/","","","","",""
"https://www.ehip.eu/kontakt-duale-studiengaenge-unternehmen/","200","OK","104","0","","","Kontaktformular Duale Studiengänge Unternehmen | EHIP","","","","Sie haben Fragen oder wünschen eine ausführliche Beratung? ▲ Sprechen Sie uns an!","","https://www.ehip.eu/kontakt-duale-studiengaenge-unternehmen/","","2","0","59","0","8","0","noindex,nofollow","","https://www.ehip.eu/kontakt-duale-studiengaenge-unternehmen/","https://www.ehip.eu/kontakt-duale-studiengaenge-unternehmen/","","","","",""
"https://www.ehip.eu/fernstudium/bachelor/online-marketing-studium/","200","OK","3292","0","","","Online Marketing Studium | 100% online studieren | EHiP","","Online Marketing","","Absolviere dein Online Marketing Studium und werde zum Experten für die digitalen Kanäle der Zukunft ✓100 % online ▲ Jetzt informieren!","","https://www.ehip.eu/fernstudium/bachelor/online-marketing-studium/","","10","0","68","0","13","0","index,follow","","https://www.ehip.eu/fernstudium/bachelor/online-marketing-studium/","https://www.ehip.eu/fernstudium/bachelor/online-marketing-studium/","","","","",""
"https://www.ehip.eu/eignungspruefung/","200","OK","759","0","","","Eignungsprüfung an der EHiP","","","","Wir öffnen dir die Tür zum Studium – ganz ohne Abitur – durch unsere Eignungsprüfung ▲ Erfahre jetzt mehr!","","https://www.ehip.eu/eignungspruefung/","","34","0","61","0","8","0","index,follow","","https://www.ehip.eu/eignungspruefung/","https://www.ehip.eu/eignungspruefung/","","","","",""
"https://www.ehip.eu/studieninformationen-anfordern/?alias=sportmanagement-studium&titel=B.A. Sportmanagement","200","OK","412","0","","","Studieninformationen für dein Fernstudium | EHiP","","Jetzt Studieninformationen anfordern! B.A. Sportmanagement","","Du interessierst dich für ein Bachelor Studium an der EHiP? ▲ Fordere jetzt kostenfrei und unverbindlich deine Studieninformationen an!","","https://www.ehip.eu/studieninformationen-anfordern/","","2","0","61","0","8","0","noindex,nofollow","","https://www.ehip.eu/studieninformationen-anfordern/?alias=sportmanagement-studium&titel=B.A. Sportmanagement","https://www.ehip.eu/studieninformationen-anfordern/?alias=sportmanagement-studium&titel=B.A.%C2%A0Sportmanagement","","","","",""
"https://www.ehip.eu/bachelor-sportmanagement/","200","OK","1600","0","","","Bachelor Sportmanagement im flexiblen Fernstudium | EHiP","","","","Sport ist deine Leidenschaft? Dann mach sie mit dem Bachelor Sportmanagement zum Beruf ✓100% online ▲ Jetzt informieren!","","https://www.ehip.eu/bachelor-sportmanagement/","","2","0","64","0","8","0","index,follow","","https://www.ehip.eu/bachelor-sportmanagement/","https://www.ehip.eu/bachelor-sportmanagement/","","","","",""
"https://www.ehip.eu/bachelor-studium/","200","OK","1644","0","","","Bachelor Studium | 100 % online & flexibel | EHiP","","","","Was ist ein Bachelor? Mit dem Bachelor Studium erreichst du an der Hochschule den ersten akademischen Grad ▲ Erfahre jetzt mehr!","","https://www.ehip.eu/bachelor-studium/","","19","0","64","0","8","0","index,follow","","https://www.ehip.eu/bachelor-studium/","https://www.ehip.eu/bachelor-studium/","","","","",""
"https://www.ehip.eu/fernstudium-bachelor/","200","OK","1576","0","","","Fernstudium Bachelor | 100% online studieren | EHIP","","Bachelor Fernstudiengänge","","Studiere, wo es dir am besten gefällt. Erfahre jetzt alles was du zum Fernstudium Bachelor wissen musst! ▲ Hier informieren!","","https://www.ehip.eu/fernstudium-bachelor/","","14","0","62","0","8","0","index,follow","","https://www.ehip.eu/fernstudium-bachelor/","https://www.ehip.eu/fernstudium-bachelor/","","","","",""
"https://www.ehip.eu/bachelor-studium-berufsbegleitend/","200","OK","2027","0","","","Bachelor Studium berufsbegleitend ✓100% flexibel | EHiP","","","","Studium & Job? Bei uns startest du richtig durch! ✓Zeit- und Ortsunabhängig ✓100 % online ▲ Jetzt beraten lassen!","","https://www.ehip.eu/bachelor-studium-berufsbegleitend/","","5","0","61","0","8","0","index,follow","","https://www.ehip.eu/bachelor-studium-berufsbegleitend/","https://www.ehip.eu/bachelor-studium-berufsbegleitend/","","","","",""
"https://www.ehip.eu/studieninformationen-anfordern/?alias=fernstudium-fitnesstraining-fitnessmanagement&titel=B.A. Fitnesstraining und -management","200","OK","416","0","","","Studieninformationen für dein Fernstudium | EHiP","","Jetzt Studieninformationen anfordern! B.A. Fitnesstraining und -management","","Du interessierst dich für ein Bachelor Studium an der EHiP? ▲ Fordere jetzt kostenfrei und unverbindlich deine Studieninformationen an!","","https://www.ehip.eu/studieninformationen-anfordern/","","2","0","61","0","8","0","noindex,nofollow","","https://www.ehip.eu/studieninformationen-anfordern/?alias=fernstudium-fitnesstraining-fitnessmanagement&titel=B.A. Fitnesstraining und -management","https://www.ehip.eu/studieninformationen-anfordern/?alias=fernstudium-fitnesstraining-fitnessmanagement&titel=B.A.%C2%A0Fitnesstraining%C2%A0und%C2%A0-management","","","","",""
"https://www.ehip.eu/fernstudium/bachelor/vereinsmanagement-studium/","200","OK","2547","0","","","Vereinsmanagement studieren (B.A.) | EHiP Hochschule","","Breitensport","","Vereinsmanagement studieren und ein unersetzlicher Teil der professionellen Sportwelt werden! ✓Berufsbegleitend ▲ Jetzt starten!","","https://www.ehip.eu/fernstudium/bachelor/vereinsmanagement-studium/","","4","0","65","0","13","0","index,follow","","https://www.ehip.eu/fernstudium/bachelor/vereinsmanagement-studium/","https://www.ehip.eu/fernstudium/bachelor/vereinsmanagement-studium/","","","","",""
"https://www.ehip.eu/fernstudium/bachelor/esport-studium/","200","OK","2820","0","","","E-Sport Studium | 100% flexibel und online an der EHiP","","E-Sport Management","","Wir machen im E-Sport Studium deine Gaming-Leidenschaft zum Beruf! ✓Keine Vor-Ort-Präsenzphasen ▲ Jetzt informieren!","","https://www.ehip.eu/fernstudium/bachelor/esport-studium/","","4","0","65","0","13","0","index,follow","","https://www.ehip.eu/fernstudium/bachelor/esport-studium/","https://www.ehip.eu/fernstudium/bachelor/esport-studium/","","","","",""
"https://www.ehip.eu/fernstudium/bachelor/fitnessmarketing-fernstudium/","200","OK","2789","0","","","Fitnessmarketing in der digitalen Welt | EHiP","","Fitnessmarketing in der digitalen Welt","","Studiere Fitnessmarketing im digitalen Zeitalter und gestalte die Zukunft des Fitnessmarkts! ▲ Jetzt durchstarten!","","https://www.ehip.eu/fernstudium/bachelor/fitnessmarketing-fernstudium/","","5","0","70","0","13","0","index,follow","","https://www.ehip.eu/fernstudium/bachelor/fitnessmarketing-fernstudium/","https://www.ehip.eu/fernstudium/bachelor/fitnessmarketing-fernstudium/","","","","",""
"https://www.ehip.eu/fernstudium/bachelor/personal-training-fernstudium/","200","OK","2787","0","","","Personal Training | 100% online studieren | EHiP","","Personal Training","","Verbinde deine sportlichen Ziele mit deiner Karriere im Personal Training Fernstudium! ▲ Jetzt starten!","","https://www.ehip.eu/fernstudium/bachelor/personal-training-fernstudium/","","5","0","70","0","13","0","index,follow","","https://www.ehip.eu/fernstudium/bachelor/personal-training-fernstudium/","https://www.ehip.eu/fernstudium/bachelor/personal-training-fernstudium/","","","","",""
"https://www.ehip.eu/studieninformationen-anfordern/?alias=ernaehrungswissenschaften-fernstudium&titel=B.A. Ernährungswissenschaft","200","OK","412","0","","","Studieninformationen für dein Fernstudium | EHiP","","Jetzt Studieninformationen anfordern! B.A. Ernährungswissenschaft","","Du interessierst dich für ein Bachelor Studium an der EHiP? ▲ Fordere jetzt kostenfrei und unverbindlich deine Studieninformationen an!","","https://www.ehip.eu/studieninformationen-anfordern/","","1","0","61","0","8","0","noindex,nofollow","","https://www.ehip.eu/studieninformationen-anfordern/?alias=ernaehrungswissenschaften-fernstudium&titel=B.A. Ernährungswissenschaft","https://www.ehip.eu/studieninformationen-anfordern/?alias=ernaehrungswissenschaften-fernstudium&titel=B.A.%C2%A0Ernährungswissenschaft","","","","",""
"https://www.ehip.eu/fernstudium/bachelor/gesundheits-und-fitnessmanagement-studium/","200","OK","2835","0","","","Gesundheitsmanagement 100% online studieren | EHiP","","Gesundheitsmanagement","","Bereite dich auf eine vielversprechende Karriere im Gesundheitsmanagement der Fitnessbranche vor! ▲ Jetzt durchstarten!","","https://www.ehip.eu/fernstudium/bachelor/gesundheits-und-fitnessmanagement-studium/","","5","0","72","0","13","0","index,follow","","https://www.ehip.eu/fernstudium/bachelor/gesundheits-und-fitnessmanagement-studium/","https://www.ehip.eu/fernstudium/bachelor/gesundheits-und-fitnessmanagement-studium/","","","","",""
"https://www.ehip.eu/fernstudium/bachelor/sporttherapie-fernstudium/","200","OK","2418","0","","","Sporttherapie 100% online studieren | EHiP","","Sporttherapie","","Erwirb im Sporttherapie Fernstudium praktisches Know-how für mehr Gesundheit! ▲ Jetzt starten!","","https://www.ehip.eu/fernstudium/bachelor/sporttherapie-fernstudium/","","5","0","70","0","13","0","index,follow","","https://www.ehip.eu/fernstudium/bachelor/sporttherapie-fernstudium/","https://www.ehip.eu/fernstudium/bachelor/sporttherapie-fernstudium/","","","","",""
"https://www.ehip.eu/fernstudium/bachelor/sporternaehrung-studium/","200","OK","2445","0","","","Sporternährung Studium | 100% flexibel & individuell | EHiP","","Sporternährung","","Du brennst für gesunde Ernährung beim Sport? Starte dein Sporternährung Studium! ✓Praxisorientiert ▲ Jetzt starten!","","https://www.ehip.eu/fernstudium/bachelor/sporternaehrung-studium/","","7","0","68","0","13","0","index,follow","","https://www.ehip.eu/fernstudium/bachelor/sporternaehrung-studium/","https://www.ehip.eu/fernstudium/bachelor/sporternaehrung-studium/","","","","",""
"https://www.ehip.eu/bachelor-ernaehrungswissenschaften/","200","OK","1525","0","","","Bachelor Ernährungswissenschaften | Fernstudium an der EHiP","","","","Du interessierst dich für Gesundheit & Ernährung? Erfahre hier alles zum Bachelor Ernährungswissenschaften ✓Praxisorientiert","","https://www.ehip.eu/bachelor-ernaehrungswissenschaften/","","2","0","62","0","8","0","index,follow","","https://www.ehip.eu/bachelor-ernaehrungswissenschaften/","https://www.ehip.eu/bachelor-ernaehrungswissenschaften/","","","","",""
"https://www.ehip.eu/fernstudium/bachelor/nachhaltige-ernaehrung-studium/","200","OK","2718","0","","","Nachhaltige Ernährung Studium | 100% flexibel & individuell | EHiP","","Nachhaltige Ernährung","","Du brennst für eine nachhaltige Lebensweise? Starte dein Studium Nachhaltige Ernährung! ▲ Jetzt informieren!","","https://www.ehip.eu/fernstudium/bachelor/nachhaltige-ernaehrung-studium/","","7","0","65","0","13","0","index,follow","","https://www.ehip.eu/fernstudium/bachelor/nachhaltige-ernaehrung-studium/","https://www.ehip.eu/fernstudium/bachelor/nachhaltige-ernaehrung-studium/","","","","",""
"https://www.ehip.eu/fernstudium/bachelor/ernaehrungskommunikation-studium/","200","OK","2406","0","","","Ernährungspsychologie und Kommunikation | 100% online | EHiP","","Ernährungspsychologie und Kommunikation","","Du brennst für Social Media & Ernährung? Starte dein Ernährungspsychologie Studium ✓Praxisorientiert ▲ Jetzt informieren!","","https://www.ehip.eu/fernstudium/bachelor/ernaehrungskommunikation-studium/","","8","0","67","0","13","0","index,follow","","https://www.ehip.eu/fernstudium/bachelor/ernaehrungskommunikation-studium/","https://www.ehip.eu/fernstudium/bachelor/ernaehrungskommunikation-studium/","","","","",""
"https://www.ehip.eu/fernstudium/bachelor/ernaehrungstherapie-studium/","200","OK","2563","0","","","Ernährungstherapie Studium | 100% flexibel & individuell | EHiP","","Ernährungstherapie","","Du brennst für gesunde Ernährung? Starte dein Ernährungstherapie Studium! ✓Praxisorientiert ▲ Jetzt starten!","","https://www.ehip.eu/fernstudium/bachelor/ernaehrungstherapie-studium/","","7","0","68","0","13","0","index,follow","","https://www.ehip.eu/fernstudium/bachelor/ernaehrungstherapie-studium/","https://www.ehip.eu/fernstudium/bachelor/ernaehrungstherapie-studium/","","","","",""
"https://www.ehip.eu/datenschutz/aufbewahrungs-und-speicherrichtlinie/","200","OK","548","0","","","Aufbewahrungs- und Speicherrichtlinie","","Aufbewahrungs- und Speicherrichtlinie","","","","","","2","0","59","0","8","0","noindex,nofollow","","https://www.ehip.eu/datenschutz/aufbewahrungs-und-speicherrichtlinie/","https://www.ehip.eu/datenschutz/aufbewahrungs-und-speicherrichtlinie/","","","","",""
"https://www.ehip.eu/studieninformationen-anfordern/?alias=fernstudium-sportwissenschaft-ernaehrungswissenschaft&titel=B.A. Sport- und Ernährungswissenschaft","200","OK","416","0","","","Studieninformationen für dein Fernstudium | EHiP","","Jetzt Studieninformationen anfordern! B.A. Sport- und Ernährungswissenschaft","","Du interessierst dich für ein Bachelor Studium an der EHiP? ▲ Fordere jetzt kostenfrei und unverbindlich deine Studieninformationen an!","","https://www.ehip.eu/studieninformationen-anfordern/","","1","0","61","0","8","0","noindex,nofollow","","https://www.ehip.eu/studieninformationen-anfordern/?alias=fernstudium-sportwissenschaft-ernaehrungswissenschaft&titel=B.A. Sport- und Ernährungswissenschaft","https://www.ehip.eu/studieninformationen-anfordern/?alias=fernstudium-sportwissenschaft-ernaehrungswissenschaft&titel=B.A.%C2%A0Sport-%C2%A0und%C2%A0Ernährungswissenschaft","","","","",""
"https://www.ehip.eu/fernstudium/bachelor/ernaehrungstherapie-fernstudium/","200","OK","2447","0","","","Ernährungstherapie im Fernstudium | EHiP","","Ernährungstherapie","","Werde Expert*in für therapeutischen Ernährungsberatung! ✓Praxisorientiert ✓100% online ▲ Jetzt starten!","","https://www.ehip.eu/fernstudium/bachelor/ernaehrungstherapie-fernstudium/","","5","0","70","0","13","0","index,follow","","https://www.ehip.eu/fernstudium/bachelor/ernaehrungstherapie-fernstudium/","https://www.ehip.eu/fernstudium/bachelor/ernaehrungstherapie-fernstudium/","","","","",""
"https://www.ehip.eu/fernstudium/bachelor/betriebliches-gesundheitsmanagement-ernaehrung-fernstudium/","200","OK","2360","0","","","Gesundheitsmanagement im Bachelor Studium | EHiP","","Gesundheitsmanagement","","Werde Expert*in für betriebliche Gesundheitsförderung! ✓Berufsbegleitend ▲ Jetzt starten!","","https://www.ehip.eu/fernstudium/bachelor/betriebliches-gesundheitsmanagement-ernaehrung-studium/","","4","0","69","0","13","0","index,follow","","https://www.ehip.eu/fernstudium/bachelor/betriebliches-gesundheitsmanagement-ernaehrung-fernstudium/","https://www.ehip.eu/fernstudium/bachelor/betriebliches-gesundheitsmanagement-ernaehrung-fernstudium/","","","","",""
"https://www.ehip.eu/fernstudium/bachelor/ernaehrungscoach-studium/","200","OK","2600","0","","","Sporternährung im Fernstudium | 100% flexibel | EHiP","","Sporternährung","","Dein Ziel ist es, Ernährungscoach für Sportler*innen zu werden? Starte dein Sporternährung Studium! ✓100% online ▲ Jetzt informieren!","","https://www.ehip.eu/fernstudium/bachelor/ernaehrungscoach-studium/","","5","0","68","0","13","0","index,follow","","https://www.ehip.eu/fernstudium/bachelor/ernaehrungscoach-studium/","https://www.ehip.eu/fernstudium/bachelor/ernaehrungscoach-studium/","","","","",""
"https://www.ehip.eu/fernstudium/bachelor/bewegungstherapie-studium/","200","OK","2252","0","","","Sporttherapie im Fernstudium | 100% online | EHiP","","Sporttherapie","","Studiere Bewegungstherapie im Studium mit starkem Praxisbezug an der EHiP! ✓100% online ▲ Jetzt informieren!","","https://www.ehip.eu/fernstudium/bachelor/bewegungstherapie-studium/","","5","0","68","0","13","0","index,follow","","https://www.ehip.eu/fernstudium/bachelor/bewegungstherapie-studium/","https://www.ehip.eu/fernstudium/bachelor/bewegungstherapie-studium/","","","","",""
"https://www.ehip.eu/fernstudium/bachelor/personal-training-studium/","200","OK","2862","0","","","Personal Training im Fernstudium | 100% flexibel | EHiP","","Personal Training","","Mache deine Leidenschaft zum Beruf mit dem Personal Training Studium! ✓Berufsbegleitend ▲ Jetzt starten!","","https://www.ehip.eu/fernstudium/bachelor/personal-training-studium/","","4","0","71","0","13","0","index,follow","","https://www.ehip.eu/fernstudium/bachelor/personal-training-studium/","https://www.ehip.eu/fernstudium/bachelor/personal-training-studium/","","","","",""
"https://www.ehip.eu/bwl-berufsbegleitend/","200","OK","1078","0","","","BWL berufsbegleitend studieren | 100% online | EHiP","","","","Du möchtest mit deinem BWL Studium berufsbegleitend durchstarten? Bei uns studierst du in deinem Rhythmus! ▲ Jetzt informieren!","","https://www.ehip.eu/bwl-berufsbegleitend/","","6","0","67","0","8","0","index,follow","","https://www.ehip.eu/bwl-berufsbegleitend/","https://www.ehip.eu/bwl-berufsbegleitend/","","","","",""
"https://www.ehip.eu/bwl-studium/","200","OK","1929","0","","","BWL studieren im Fernstudium | EHiP","","","","Warum BWL studieren? Erfahre alles zu den Inhalten, Ablauf, Voraussetzungen und den Karriereperspektiven rund um das B.A. BWL Studium! ▲ Jetzt informieren!","","https://www.ehip.eu/bwl-studium/","","2","0","70","0","8","0","index,follow","","https://www.ehip.eu/bwl-studium/","https://www.ehip.eu/bwl-studium/","","","","",""
"https://www.ehip.eu/bwl-bachelor/","200","OK","1639","0","","","BWL Bachelor an der EHiP | 100 % online studieren","","","","Starte jetzt mit dem BWL Bachelor direkt in deine Karriere ✓Zeit- und Ortsunabhängig ✓berufsbegleitend ▲ Jetzt informieren!","","https://www.ehip.eu/bwl-bachelor/","","5","0","66","0","8","0","index,follow","","https://www.ehip.eu/bwl-bachelor/","https://www.ehip.eu/bwl-bachelor/","","","","",""
"https://www.ehip.eu/studieninformationen-anfordern/?alias=bwl-fernstudium&titel=B.A. Betriebswirtschaftslehre","200","OK","414","0","","","Studieninformationen für dein Fernstudium | EHiP","","Jetzt Studieninformationen anfordern! B.A. Betriebswirtschaftslehre","","Du interessierst dich für ein Bachelor Studium an der EHiP? ▲ Fordere jetzt kostenfrei und unverbindlich deine Studieninformationen an!","","https://www.ehip.eu/studieninformationen-anfordern/","","2","0","61","0","8","0","noindex,nofollow","","https://www.ehip.eu/studieninformationen-anfordern/?alias=bwl-fernstudium&titel=B.A. Betriebswirtschaftslehre","https://www.ehip.eu/studieninformationen-anfordern/?alias=bwl-fernstudium&titel=B.A.%C2%A0Betriebswirtschaftslehre","","","","",""
"https://www.ehip.eu/bwl-schwerpunkt/","200","OK","1328","0","","","BWL Schwerpunkt - finde deine Spezialisierung | EHiP","","","","Wähle je nach Karriereziel deinen individuellen BWL Schwerpunkt mit Zukunft ✓100 % online und flexibel ▲ Jetzt informieren!","","https://www.ehip.eu/bwl-schwerpunkt/","","3","0","70","0","8","0","index,follow","","https://www.ehip.eu/bwl-schwerpunkt/","https://www.ehip.eu/bwl-schwerpunkt/","","","","",""
"https://www.ehip.eu/bwl-studium-berufe/","200","OK","1438","0","","","Berufe und Perspektiven nach dem BWL Studium | EHiP","","","","Entdecke spannende Karriereoptionen in diesem Bereich und finde deinen Traumberuf mit dem BWL Studium. ▲ Jetzt informieren!","","https://www.ehip.eu/bwl-studium-berufe/","","4","0","66","0","8","0","index,follow","","https://www.ehip.eu/bwl-studium-berufe/","https://www.ehip.eu/bwl-studium-berufe/","","","","",""
"https://www.ehip.eu/studieren-mit-oesterreichischer-vorbildung/","200","OK","581","0","","","Studieren mit österreichischer Vorbildung","","","","Erfahre alles zum Studieren mit österreichischer Vorbildung  ▲ Finde jetzt dein Studiengang!","","","","2","0","60","0","8","0","index,follow","","https://www.ehip.eu/studieren-mit-oesterreichischer-vorbildung/","https://www.ehip.eu/studieren-mit-oesterreichischer-vorbildung/","","","","",""
"https://www.ehip.eu/studieren-mit-auslaendischer-vorbildung/","200","OK","708","0","","","Studieren mit ausländischer Vorbildung","","","","Erfahre alles zum Studieren mit ausländischer Vorbildung ▲ Finde jetzt dein Studiengang!","","https://www.ehip.eu/studieren-mit-auslaendischer-vorbildung/","","2","0","60","0","9","0","index,follow","","https://www.ehip.eu/studieren-mit-auslaendischer-vorbildung/","https://www.ehip.eu/studieren-mit-auslaendischer-vorbildung/","","","","",""
"https://www.ehip.eu/studieren-mit-ausbildung/","200","OK","407","0","","","Studieren mit Ausbildung und Berufserfahrung | EHiP","","","","Starte dein Studium ohne Abitur an der EHiP!  ✓Komplett ortsunabhängig ✓Berufsbegleitend ▲ Finde jetzt deinen Studiengang!","","https://www.ehip.eu/studieren-mit-ausbildung/","","2","0","61","0","8","0","index,follow","","https://www.ehip.eu/studieren-mit-ausbildung/","https://www.ehip.eu/studieren-mit-ausbildung/","","","","",""
"https://www.ehip.eu/studieren-mit-abitur/","200","OK","212","0","","","Studieren mit Abitur, Fachabitur und fachgebundener Hochschulreife | EHiP","","","","Egal, ob Abitur oder Fachabitur, bei uns kannst du dich sicher bewerben und dein Traumstudium verwirklichen. ▲ Finde jetzt dein Studiengang!","","https://www.ehip.eu/studieren-mit-abitur/","","4","0","60","0","8","0","index,follow","","https://www.ehip.eu/studieren-mit-abitur/","https://www.ehip.eu/studieren-mit-abitur/","","","","",""
"https://www.ehip.eu/studieninformationen-anfordern/?alias=e-learning-studium&titel=B.A. E-Learning-Management","200","OK","412","0","","","Studieninformationen für dein Fernstudium | EHiP","","Jetzt Studieninformationen anfordern! B.A. E-Learning-Management","","Du interessierst dich für ein Bachelor Studium an der EHiP? ▲ Fordere jetzt kostenfrei und unverbindlich deine Studieninformationen an!","","https://www.ehip.eu/studieninformationen-anfordern/","","2","0","61","0","8","0","noindex,nofollow","","https://www.ehip.eu/studieninformationen-anfordern/?alias=e-learning-studium&titel=B.A. E-Learning-Management","https://www.ehip.eu/studieninformationen-anfordern/?alias=e-learning-studium&titel=B.A.%C2%A0E-Learning-Management","","","","",""
"https://www.ehip.eu/fernstudium/bachelor/technische-betriebswirtschaft-studium/","200","OK","2966","0","","","Technische Betriebswirtschaft Studium | 100% online | EHiP","","Technisches Management","","Fungiere als Schnittstelle zwischen Technik und Wirtschaft mit unserem Technischen Betriebswirtschaft Studium ✓Komplett online ▲ Jetzt starten!","","https://www.ehip.eu/fernstudium/bachelor/technische-betriebswirtschaft-studium/","","9","0","69","0","13","0","index,follow","","https://www.ehip.eu/fernstudium/bachelor/technische-betriebswirtschaft-studium/","https://www.ehip.eu/fernstudium/bachelor/technische-betriebswirtschaft-studium/","","","","",""
"https://www.ehip.eu/fernstudium/bachelor/digitalisierung-studium/","200","OK","3208","0","","","BWL & Digitalisierung Studium | 100% online | EHiP","","Digitalisierung","","Bereit für den digitalen Wandel? Starte dein Digitalisierung Studium an der EHiP! ✓Absolviere alle Prüfungen online ▲ Jetzt starten!","","https://www.ehip.eu/fernstudium/bachelor/digitalisierung-studium/","","9","0","68","0","13","0","index,follow","","https://www.ehip.eu/fernstudium/bachelor/digitalisierung-studium/","https://www.ehip.eu/fernstudium/bachelor/digitalisierung-studium/","","","","",""
"https://www.ehip.eu/studieninformationen-anfordern/?alias=digital-marketing-studium&titel=B.A. Digital Marketing","200","OK","414","0","","","Studieninformationen für dein Fernstudium | EHiP","","Jetzt Studieninformationen anfordern! B.A. Digital Marketing","","Du interessierst dich für ein Bachelor Studium an der EHiP? ▲ Fordere jetzt kostenfrei und unverbindlich deine Studieninformationen an!","","https://www.ehip.eu/studieninformationen-anfordern/","","2","0","61","0","8","0","noindex,nofollow","","https://www.ehip.eu/studieninformationen-anfordern/?alias=digital-marketing-studium&titel=B.A. Digital Marketing","https://www.ehip.eu/studieninformationen-anfordern/?alias=digital-marketing-studium&titel=B.A.%C2%A0Digital%C2%A0Marketing","","","","",""
"https://www.ehip.eu/fernstudium/bachelor/fernstudium-human-resources/","200","OK","3040","0","","","Fernstudium Human Resources | 100% online studieren | EHiP","","Human Resources","","Bereit für die Arbeitswelt der Zukunft? Absolviere dein Fernstudium Human Resources! ✓Jederzeit starten ▲ Jetzt beraten lassen!","","https://www.ehip.eu/fernstudium/bachelor/fernstudium-human-resources/","","10","0","70","0","13","0","index,follow","","https://www.ehip.eu/fernstudium/bachelor/fernstudium-human-resources/","https://www.ehip.eu/fernstudium/bachelor/fernstudium-human-resources/","","","","",""
"https://www.ehip.eu/fernstudium/bachelor/e-commerce-studium/","200","OK","2947","0","","","E-Commerce Studium | 100% online studieren | EHiP","","E-Commerce","","Die Welt der Online-Shops fasziniert dich? Starte dein E-Commerce Studium! ✓Praxisorientiert ▲ Jetzt informieren!","","https://www.ehip.eu/fernstudium/bachelor/e-commerce-studium/","","10","0","69","0","13","0","index,follow","","https://www.ehip.eu/fernstudium/bachelor/e-commerce-studium/","https://www.ehip.eu/fernstudium/bachelor/e-commerce-studium/","","","","",""
