"Adresse","Indexierbarkeit","Indexierbarkeitsstatus","Crawltiefe","Link Score","Inlinks","Einzigartige Inlinks","Einzigartige JS-Inlinks","% von Gesamt","Outlinks","Einzigartige Outlinks","Einzigartige JS-Outlinks","Externe Outlinks","Einzigartige externe Outlinks","Einzigartige externe JS-Outlinks"
"https://www.ehip.eu/","Indexierbar","","0","","1917","122","0","100,000","192","66","0","9","8","0"
"https://www.ehip.eu/study-guide/dein-studiensupport/","Indexierbar","","1","","250","122","0","100,000","144","59","0","9","8","0"
"https://www.ehip.eu/study-guide/digitale-lerntools/","Indexierbar","","1","","250","122","0","100,000","142","59","0","9","8","0"
"https://www.ehip.eu/study-guide/studieren-mit-ihk-abschluss/","Indexierbar","","1","","250","122","0","100,000","155","60","0","9","8","0"
"https://www.ehip.eu/ueber-uns/qualitaet/","Indexierbar","","1","","247","122","0","100,000","169","63","0","28","14","0"
"https://www.ehip.eu/study-guide/gebuehrenmodelle/","Indexierbar","","1","","284","122","0","100,000","155","60","0","9","8","0"
"https://www.ehip.eu/marketing-und-kommunikation-bachelorstudiengaenge/","Indexierbar","","1","","250","122","0","100,000","154","63","0","9","8","0"
"https://www.ehip.eu/hochschule/karriere/","Indexierbar","","1","","386","122","0","100,000","182","73","0","9","8","0"
"https://www.ehip.eu/coming-soon-duale-studiengaenge-unternehmen/","Indexierbar","","1","","7","3","0","2,460","148","61","0","11","8","0"
"https://www.ehip.eu/study-guide/fernstudium-finanzieren/","Indexierbar","","1","","247","122","0","100,000","147","59","0","16","14","0"
"https://www.ehip.eu/fernstudium/bachelor/sportmanagement-studium/","Indexierbar","","1","","270","122","0","100,000","191","70","0","15","13","0"
"https://www.ehip.eu/fernstudium/bachelor/fernstudium-fitnesstraining-fitnessmanagement/","Indexierbar","","1","","15","9","0","7,380","190","72","0","15","13","0"
"https://www.ehip.eu/fernstudium/bachelor/ernaehrungswissenschaften-fernstudium/","Indexierbar","","1","","394","122","0","100,000","192","70","0","15","13","0"
"https://www.ehip.eu/datenschutz/","Indexierbar","","1","","165","122","0","100,000","141","59","0","46","39","0"
"https://www.ehip.eu/hochschule/team/","Nicht indexierbar","noindex","1","","249","122","0","100,000","218","84","0","9","8","0"
"https://www.ehip.eu/vertrag-kuendigen/","Nicht indexierbar","noindex","1","","126","122","0","100,000","142","59","0","11","9","0"
"https://www.ehip.eu/fernstudium/bachelor/fernstudium-sportwissenschaft-ernaehrungswissenschaft/","Indexierbar","","1","","16","10","0","8,200","192","73","0","15","13","0"
"https://www.ehip.eu/ueber-uns/fernstudium-erfahrungen/","Indexierbar","","1","","247","122","0","100,000","177","60","0","15","13","0"
"https://www.ehip.eu/study-guide/studieren-aus-dem-ausland/","Indexierbar","","1","","253","122","0","100,000","153","59","0","9","8","0"
"https://www.ehip.eu/study-guide/deine-studienberatung/","Indexierbar","","1","","281","122","0","100,000","147","59","0","10","8","0"
"https://www.ehip.eu/kontaktformular/","Nicht indexierbar","noindex","1","","449","122","0","100,000","140","58","0","10","8","0"
"https://www.ehip.eu/study-guide/deine-bruecke-zu-uns/","Indexierbar","","1","","254","122","0","100,000","150","59","0","9","8","0"
"https://www.ehip.eu/fernstudium/bachelor/digital-marketing-studium/","Indexierbar","","1","","391","122","0","100,000","176","65","0","15","13","0"
"https://www.ehip.eu/study-guide/studium-und-job/","Indexierbar","","1","","256","122","0","100,000","153","59","0","9","8","0"
"https://www.ehip.eu/bachelor-studiengaenge/","Indexierbar","","1","","407","122","0","100,000","147","61","0","9","8","0"
"https://www.ehip.eu/fernstudium/bachelor/e-learning-studium/","Indexierbar","","1","","382","122","0","100,000","173","64","0","15","13","0"
"https://www.ehip.eu/kalender-studienberatung/","Nicht indexierbar","noindex","1","","199","122","0","100,000","141","58","0","9","8","0"
"https://www.ehip.eu/study-guide/voraussetzungen/","Indexierbar","","1","","273","122","0","100,000","157","64","0","9","8","0"
"https://www.ehip.eu/fernstudium/bachelor/bwl-fernstudium/","Indexierbar","","1","","408","122","0","100,000","206","74","0","15","13","0"
"https://www.ehip.eu/study-guide/pruefungsformen/","Indexierbar","","1","","250","122","0","100,000","144","59","0","9","8","0"
"https://www.ehip.eu/study-guide/warum-ehip/","Indexierbar","","1","","250","122","0","100,000","149","59","0","9","8","0"
"https://www.ehip.eu/fernstudium/bachelor/fernstudium-ernaehrungsberatung-ernaehrungsmanagement/","Indexierbar","","1","","11","5","0","4,100","195","72","0","15","13","0"
"https://www.ehip.eu/study-guide/studium-alleinerziehend/","Indexierbar","","1","","250","122","0","100,000","157","59","0","9","8","0"
"https://www.ehip.eu/coming-soon-duale-studiengaenge/","Indexierbar","","1","","6","2","0","1,640","149","61","0","11","8","0"
"https://www.ehip.eu/study-guide/wegweiser/","Indexierbar","","1","","250","122","0","100,000","151","60","0","10","8","0"
"https://www.ehip.eu/fernstudium/bachelor/international-management-studium/","Indexierbar","","1","","384","122","0","100,000","186","67","0","15","13","0"
"https://www.ehip.eu/infoveranstaltung/","Nicht indexierbar","noindex","1","","280","122","0","100,000","146","59","0","10","8","0"
"https://www.ehip.eu/study-guide/studieren-mit-familie/","Indexierbar","","1","","253","122","0","100,000","153","59","0","9","8","0"
"https://www.ehip.eu/fernstudium/bachelor/fernstudium-personalmanagement/","Indexierbar","","1","","390","122","0","100,000","181","66","0","15","13","0"
"https://www.ehip.eu/study-guide/dein-anmeldeprozess/","Indexierbar","","1","","250","122","0","100,000","145","59","0","9","8","0"
"https://www.ehip.eu/study-guide/deine-finanzierungsmoeglichkeiten/","Indexierbar","","1","","295","122","0","100,000","151","59","0","30","29","0"
"https://www.ehip.eu/impressum/","Indexierbar","","1","","126","122","0","100,000","140","58","0","16","9","0"
"https://www.ehip.eu/study-guide/deine-studieninformationen/","Indexierbar","","1","","257","122","0","100,000","147","60","0","10","8","0"
"https://www.ehip.eu/fernstudium/bachelor/gesundheitsmanagement-studium/","Indexierbar","","1","","267","122","0","100,000","194","69","0","15","13","0"
"https://www.ehip.eu/fernstudium/","Indexierbar","","1","","465","122","0","100,000","147","60","0","9","8","0"
"https://www.ehip.eu/hochschule/","Indexierbar","","1","","266","122","0","100,000","146","59","0","9","8","0"
"https://www.ehip.eu/study-guide/","Indexierbar","","1","","282","122","0","100,000","154","59","0","10","8","0"
"https://www.ehip.eu/study-guide/dein-leben-dein-studium/","Indexierbar","","1","","256","122","0","100,000","159","59","0","9","8","0"
"https://www.ehip.eu/study-guide/deine-lernwelt/","Indexierbar","","1","","255","122","0","100,000","157","59","0","9","8","0"
"https://www.ehip.eu/study-guide/dein-studium/","Indexierbar","","1","","264","122","0","100,000","163","60","0","10","8","0"
"https://www.ehip.eu/wer-kann-bei-uns-studieren/","Indexierbar","","1","","8","4","0","3,280","166","66","0","9","8","0"
"https://www.ehip.eu/bachelor-of-arts/","Indexierbar","","1","","73","38","0","31,150","158","62","0","9","8","0"
"https://www.ehip.eu/ueber-uns/","Indexierbar","","1","","374","122","0","100,000","145","59","0","10","8","0"
"https://www.ehip.eu/study-guide/anrechnung-und-anerkennung/","Indexierbar","","1","","273","122","0","100,000","144","60","0","9","8","0"
"https://www.ehip.eu/studienplatz-sichern/","Nicht indexierbar","noindex","1","","305","122","0","100,000","158","59","0","9","8","0"
"https://www.ehip.eu/wirtschaft-und-management-bachelorstudiengaenge/","Indexierbar","","1","","254","122","0","100,000","150","63","0","9","8","0"
"https://www.ehip.eu/study-guide/bafoeg-fernstudium/","Indexierbar","","1","","248","122","0","100,000","148","59","0","10","8","0"
"https://www.ehip.eu/study-guide/studieren-direkt-nach-abitur/","Indexierbar","","1","","251","122","0","100,000","155","60","0","10","8","0"
"https://www.ehip.eu/gesundheit-bachelorstudiengaenge/","Indexierbar","","1","","252","122","0","100,000","180","88","0","10","8","0"
"https://www.ehip.eu/study-guide/lernkonzept-focus/","Indexierbar","","1","","284","122","0","100,000","144","59","0","9","8","0"
"https://www.ehip.eu/study-guide/online-campus/","Indexierbar","","1","","321","122","0","100,000","142","59","0","10","8","0"
"https://www.ehip.eu/studieren-als-fachwirt-betriebswirt-meister/","Indexierbar","","2","","12","4","0","3,280","154","60","0","9","8","0"
"https://www.ehip.eu/studienplatz-sichern/?id=","Nicht indexierbar","Canonicalised,noindex","2","","110","36","0","29,510","158","60","0","9","8","0"
"https://www.ehip.eu/hochschule/karriere/freiberuflicher-autor-controlling-im-gesundheitswesen-m-w-d/","Indexierbar","","2","","8","2","0","1,640","145","60","0","9","8","0"
"https://www.ehip.eu/hochschule/karriere/professur-fuer-quantitative-bwl-m-w-d/","Nicht indexierbar","noindex","2","","8","2","0","1,640","145","60","0","9","8","0"
"https://www.ehip.eu/fernstudium/bachelor/fitnesswissenschaft-fernstudium/","Indexierbar","","1","","15","9","0","7,380","189","69","0","15","13","0"
"https://www.ehip.eu/hochschule/karriere/freiberuflicher-autor-digitale-marktforschung-und-big-data-management-m-w-d/","Indexierbar","","2","","8","2","0","1,640","145","60","0","9","8","0"
"https://www.ehip.eu/hochschule/karriere/freiberuflicher-autor-accounting-2-jahresabschluss-m-w-d/","Indexierbar","","2","","8","2","0","1,640","145","60","0","9","8","0"
"https://www.ehip.eu/hochschule/karriere/professur-fuer-wirtschaftspsychologie-m-w-d/","Indexierbar","","2","","8","2","0","1,640","145","60","0","9","8","0"
"https://www.ehip.eu/hochschule/karriere/freiberuflicher-autor-zum-thema-beschaffung-und-logistik-m-w-d/","Indexierbar","","2","","8","2","0","1,640","145","60","0","9","8","0"
"https://www.ehip.eu/hochschule/karriere/freiberuflicher-autor-betriebliches-management-und-controlling-m-w-d/","Indexierbar","","2","","8","2","0","1,640","145","60","0","9","8","0"
"https://www.ehip.eu/hochschule/karriere/mitarbeiter-studienberatung-vertrieb-b2c-m-w-d/","Indexierbar","","2","","8","2","0","1,640","145","60","0","9","8","0"
"https://www.ehip.eu/hochschule/karriere/freiberuflicher-autor-kommunikation-und-verhandlungsfuehrung-im-gesundheitswesen-m-w-d/","Indexierbar","","2","","8","2","0","1,640","145","60","0","9","8","0"
"https://www.ehip.eu/hochschule/karriere/professur-digitalisierung-und-unternehmen-m-w-d/","Indexierbar","","2","","8","2","0","1,640","145","60","0","9","8","0"
"https://www.ehip.eu/hochschule/karriere/freiberuflicher-autor-investition-und-finanzierung-im-gesundheitswesen-m-w-d/","Indexierbar","","2","","8","2","0","1,640","145","60","0","9","8","0"
"https://www.ehip.eu/hochschule/karriere/freiberuflicher-autor-investition-und-finanzierung-m-w-d/","Indexierbar","","2","","8","2","0","1,640","145","60","0","9","8","0"
"https://www.ehip.eu/hochschule/karriere/freiberuflicher-autor-unternehmenssteuern-in-brd-europa-steuerrecht-m-w-d/","Indexierbar","","2","","8","2","0","1,640","145","60","0","9","8","0"
"https://www.ehip.eu/hochschule/karriere/freiberuflicher-autor-ernaehrungssoziologie-und-oekonomie-m-w-d/","Indexierbar","","2","","8","2","0","1,640","145","60","0","9","8","0"
"https://www.ehip.eu/kontakt-duale-studiengaenge-unternehmen/","Nicht indexierbar","noindex","2","","8","2","0","1,640","142","59","0","10","8","0"
"https://www.ehip.eu/fernstudium/bachelor/online-marketing-studium/","Indexierbar","","2","","18","10","0","8,200","174","68","0","15","13","0"
"https://www.ehip.eu/eignungspruefung/","Indexierbar","","2","","70","34","0","27,870","148","61","0","10","8","0"
"https://www.ehip.eu/studieninformationen-anfordern/?alias=sportmanagement-studium&titel=B.A. Sportmanagement","Nicht indexierbar","Canonicalised,noindex","2","","7","2","0","1,640","147","61","0","10","8","0"
"https://www.ehip.eu/bachelor-sportmanagement/","Indexierbar","","2","","6","2","0","1,640","164","64","0","10","8","0"
"https://www.ehip.eu/bachelor-studium/","Indexierbar","","2","","25","19","0","15,570","165","64","0","9","8","0"
"https://www.ehip.eu/fernstudium-bachelor/","Indexierbar","","2","","23","14","0","11,480","161","62","0","9","8","0"
"https://www.ehip.eu/bachelor-studium-berufsbegleitend/","Indexierbar","","2","","10","5","0","4,100","158","61","0","9","8","0"
"https://www.ehip.eu/studieninformationen-anfordern/?alias=fernstudium-fitnesstraining-fitnessmanagement&titel=B.A. Fitnesstraining und -management","Nicht indexierbar","Canonicalised,noindex","2","","7","2","0","1,640","147","61","0","10","8","0"
"https://www.ehip.eu/fernstudium/bachelor/vereinsmanagement-studium/","Indexierbar","","2","","11","4","0","3,280","166","65","0","15","13","0"
"https://www.ehip.eu/fernstudium/bachelor/esport-studium/","Indexierbar","","2","","11","4","0","3,280","167","65","0","15","13","0"
"https://www.ehip.eu/fernstudium/bachelor/fitnessmarketing-fernstudium/","Indexierbar","","2","","12","5","0","4,100","170","70","0","15","13","0"
"https://www.ehip.eu/fernstudium/bachelor/personal-training-fernstudium/","Indexierbar","","2","","12","5","0","4,100","173","70","0","15","13","0"
"https://www.ehip.eu/studieninformationen-anfordern/?alias=ernaehrungswissenschaften-fernstudium&titel=B.A. Ernährungswissenschaft","Nicht indexierbar","Canonicalised,noindex","2","","2","1","0","0,820","147","61","0","10","8","0"
"https://www.ehip.eu/fernstudium/bachelor/gesundheits-und-fitnessmanagement-studium/","Indexierbar","","2","","12","5","0","4,100","173","72","0","15","13","0"
"https://www.ehip.eu/fernstudium/bachelor/sporttherapie-fernstudium/","Indexierbar","","2","","12","5","0","4,100","172","70","0","15","13","0"
"https://www.ehip.eu/fernstudium/bachelor/sporternaehrung-studium/","Indexierbar","","2","","14","7","0","5,740","167","68","0","15","13","0"
"https://www.ehip.eu/bachelor-ernaehrungswissenschaften/","Indexierbar","","2","","6","2","0","1,640","162","62","0","10","8","0"
"https://www.ehip.eu/fernstudium/bachelor/nachhaltige-ernaehrung-studium/","Indexierbar","","2","","14","7","0","5,740","169","65","0","15","13","0"
"https://www.ehip.eu/fernstudium/bachelor/ernaehrungskommunikation-studium/","Indexierbar","","2","","15","8","0","6,560","168","67","0","15","13","0"
"https://www.ehip.eu/fernstudium/bachelor/ernaehrungstherapie-studium/","Indexierbar","","2","","15","7","0","5,740","172","68","0","15","13","0"
"https://www.ehip.eu/datenschutz/aufbewahrungs-und-speicherrichtlinie/","Nicht indexierbar","noindex","2","","6","2","0","1,640","141","59","0","9","8","0"
"https://www.ehip.eu/studieninformationen-anfordern/?alias=fernstudium-sportwissenschaft-ernaehrungswissenschaft&titel=B.A. Sport- und Ernährungswissenschaft","Nicht indexierbar","Canonicalised,noindex","2","","2","1","0","0,820","147","61","0","10","8","0"
"https://www.ehip.eu/fernstudium/bachelor/ernaehrungstherapie-fernstudium/","Indexierbar","","2","","13","5","0","4,100","171","70","0","15","13","0"
"https://www.ehip.eu/fernstudium/bachelor/betriebliches-gesundheitsmanagement-ernaehrung-fernstudium/","Nicht indexierbar","Canonicalised","2","","10","4","0","3,280","169","69","0","15","13","0"
"https://www.ehip.eu/fernstudium/bachelor/ernaehrungscoach-studium/","Indexierbar","","2","","12","5","0","4,100","171","68","0","15","13","0"
"https://www.ehip.eu/fernstudium/bachelor/bewegungstherapie-studium/","Indexierbar","","2","","12","5","0","4,100","170","68","0","15","13","0"
"https://www.ehip.eu/fernstudium/bachelor/personal-training-studium/","Indexierbar","","2","","11","4","0","3,280","172","71","0","15","13","0"
"https://www.ehip.eu/bwl-berufsbegleitend/","Indexierbar","","2","","16","6","0","4,920","167","67","0","10","8","0"
"https://www.ehip.eu/bwl-studium/","Indexierbar","","2","","6","2","0","1,640","162","70","0","10","8","0"
"https://www.ehip.eu/bwl-bachelor/","Indexierbar","","2","","13","5","0","4,100","165","66","0","10","8","0"
"https://www.ehip.eu/studieninformationen-anfordern/?alias=bwl-fernstudium&titel=B.A. Betriebswirtschaftslehre","Nicht indexierbar","Canonicalised,noindex","2","","7","2","0","1,640","147","61","0","10","8","0"
"https://www.ehip.eu/bwl-schwerpunkt/","Indexierbar","","2","","7","3","0","2,460","167","70","0","10","8","0"
"https://www.ehip.eu/bwl-studium-berufe/","Indexierbar","","2","","10","4","0","3,280","165","66","0","10","8","0"
"https://www.ehip.eu/studieren-mit-oesterreichischer-vorbildung/","Indexierbar","","2","","8","2","0","1,640","160","60","0","10","8","0"
"https://www.ehip.eu/studieren-mit-auslaendischer-vorbildung/","Indexierbar","","2","","8","2","0","1,640","159","60","0","11","9","0"
"https://www.ehip.eu/studieren-mit-ausbildung/","Indexierbar","","2","","8","2","0","1,640","154","61","0","9","8","0"
"https://www.ehip.eu/studieren-mit-abitur/","Indexierbar","","2","","13","4","0","3,280","154","60","0","9","8","0"
"https://www.ehip.eu/studieninformationen-anfordern/?alias=e-learning-studium&titel=B.A. E-Learning-Management","Nicht indexierbar","Canonicalised,noindex","2","","8","2","0","1,640","147","61","0","10","8","0"
"https://www.ehip.eu/fernstudium/bachelor/technische-betriebswirtschaft-studium/","Indexierbar","","2","","16","9","0","7,380","169","69","0","15","13","0"
"https://www.ehip.eu/fernstudium/bachelor/digitalisierung-studium/","Indexierbar","","2","","16","9","0","7,380","174","68","0","15","13","0"
"https://www.ehip.eu/studieninformationen-anfordern/?alias=digital-marketing-studium&titel=B.A. Digital Marketing","Nicht indexierbar","Canonicalised,noindex","2","","8","2","0","1,640","147","61","0","10","8","0"
"https://www.ehip.eu/fernstudium/bachelor/fernstudium-human-resources/","Indexierbar","","2","","17","10","0","8,200","171","70","0","15","13","0"
"https://www.ehip.eu/fernstudium/bachelor/e-commerce-studium/","Indexierbar","","2","","17","10","0","8,200","171","69","0","15","13","0"
