"Adresse","Häufigkeit","Meta Description 1","Länge von Meta Description 1","Pixelbreite von Meta Description 1","Indexierbarkeit","Indexierbarkeitsstatus"
"https://www.ehip.eu/","1","Gemeinsam stark: individuelle Betreuung für deinen Erfolg! ➤ Sprenge deine Grenzen und starte dein Fernstudium zum Bachelor an der EHiP!","136","859","Indexierbar",""
"https://www.ehip.eu/study-guide/dein-studiensupport/","1","Bei uns bekommst du deine persönliche 360-Grad-Betreuung, die gezielt für dich da ist, wenn du sie brauchst. ▲ Erfahre jetzt mehr!","130","797","Indexierbar",""
"https://www.ehip.eu/study-guide/digitale-lerntools/","1","Individuelles & kollaboratives Lernen - beides geht! Entdecke unsere digitalen Lerntools und Live-Formate! ▲ Erfahre jetzt mehr!","128","775","Indexierbar",""
"https://www.ehip.eu/study-guide/studieren-mit-ihk-abschluss/","1","Du möchtest studieren, hast aber kein Abitur? Kein Problem! Bei uns steht deinem Studium nichts mehr im Wege! ▲ Jetzt Infos sichern!","132","822","Indexierbar",""
"https://www.ehip.eu/ueber-uns/qualitaet/","1","Entdecke alles zum Thema Anerkennung & Akkreditierung der EHiP im Überblick ▲ Lerne uns noch besser kennen!","107","692","Indexierbar",""
"https://www.ehip.eu/study-guide/gebuehrenmodelle/","1","Unsere Finanzierungsmodelle sind flexibel, planbar und selbstbestimmt. Gestalte dein Studium nach deinen Bedürfnissen! ▲ Jetzt mehr erfahren!","141","886","Indexierbar",""
"https://www.ehip.eu/marketing-und-kommunikation-bachelorstudiengaenge/","1","Studiere Marketing und Kommunikation praxisnah und zielorientiert in deinem Tempo ✓Experten aus der Praxis ✓Zeit- und Ortsunabhängig ▲ Jetzt Infos sichern!","155","979","Indexierbar",""
"https://www.ehip.eu/hochschule/karriere/","1","Wir suchen DICH! Wir revolutionieren die Welt der Bildung! Werde Teil der EHiP - Europäische Hochschule für Innovation und Perspektive. ▲ Jetzt bewerben!","153","947","Indexierbar",""
"https://www.ehip.eu/coming-soon-duale-studiengaenge-unternehmen/","1","Wir unterstützen Sie, die besten Talente zu finden!","51","306","Indexierbar",""
"https://www.ehip.eu/study-guide/fernstudium-finanzieren/","1","Informiere dich über die Finanzierungsmöglichkeiten für dein Fernstudium. Jetzt mehr erfahren!","94","588","Indexierbar",""
"https://www.ehip.eu/fernstudium/bachelor/sportmanagement-studium/","1","Sportmanagement studieren und im Profi- und Amateursport voll durchstarten. Nur bei uns! ✓100 % online ▲ Jetzt informieren!","123","774","Indexierbar",""
"https://www.ehip.eu/fernstudium/bachelor/fernstudium-fitnesstraining-fitnessmanagement/","1","Starte dein Fitnesstraining und -management Studium und mach dich bereit für spannende Aufgaben! ▲ Jetzt starten!","113","724","Indexierbar",""
"https://www.ehip.eu/fernstudium/bachelor/ernaehrungswissenschaften-fernstudium/","1","Bereit für gesunde Entscheidungen? Starte dein Ernährungswissenschaften Fernstudium ✓Praxisorientiert ▲ Jetzt informieren!","122","775","Indexierbar",""
"https://www.ehip.eu/datenschutz/","1","Den Schutz deiner Daten nehmen wir sehr ernst. Lese hier die Datenschutzbestimmungen der Hochschule EHIP.","105","686","Indexierbar",""
"https://www.ehip.eu/hochschule/team/","1","Wir sind dein EHiP-Hochschulteam ▲ Lerne uns kennen!","52","338","Nicht indexierbar","noindex"
"https://www.ehip.eu/vertrag-kuendigen/","1","Du möchtest deinen Studienvertrag kündigen? ▲ Jetzt mehr erfahren!","66","424","Nicht indexierbar","noindex"
"https://www.ehip.eu/fernstudium/bachelor/fernstudium-sportwissenschaft-ernaehrungswissenschaft/","1","Du brennst für gesunde Ernährung & Sport? ✓Jederzeit starten ✓berufsbegleitend ▲ Jetzt beraten lassen!","102","639","Indexierbar",""
"https://www.ehip.eu/ueber-uns/fernstudium-erfahrungen/","1","Sei der*die Manager*in deines Studiums: bei uns werden deine Fernstudium Erfahrungen zum Erfolg ▲ Informiere dich jetzt!","120","753","Indexierbar",""
"https://www.ehip.eu/study-guide/studieren-aus-dem-ausland/","1","Du willst die Welt bereisen und gleichzeitig deine Karriere voranbringen! Wir zeigen dir wie! ▲ Informiere dich jetzt!","118","687","Indexierbar",""
"https://www.ehip.eu/study-guide/deine-studienberatung/","1","Deine Studienberatung an der EHiP unterstützt dich persönlich, schnell und individuell! ✓100 % online ▲ Jetzt beraten lassen!","125","757","Indexierbar",""
"https://www.ehip.eu/kontaktformular/","1","Du hast Fragen oder wünschst dir eine ausführliche Beratung? ▲ Sprich uns an!","77","485","Nicht indexierbar","noindex"
"https://www.ehip.eu/study-guide/deine-bruecke-zu-uns/","1","Deine Studierendenberatung an der EHiP unterstützt dich persönlich, schnell und individuell! ✓100 % online ▲ Jetzt beraten lassen!","130","792","Indexierbar",""
"https://www.ehip.eu/fernstudium/bachelor/digital-marketing-studium/","1","Lerne zukunftsorientierte & innovative Konzepte im Digital Marketing Studium an der EHiP ✓100 % online ▲ Jetzt informieren!","123","761","Indexierbar",""
"https://www.ehip.eu/study-guide/studium-und-job/","1","Du möchtest deine Karriere durch ein Studium vorantreiben? Dann studiere berufsbegleitend und profitiere doppelt! ▲ Jetzt informieren!","134","829","Indexierbar",""
"https://www.ehip.eu/bachelor-studiengaenge/","1","Suchst du noch nach deinem passenden Bachelor Studiengang? An der EHIP findest du eine große Auswahl an Bachelor of Arts Studiengängen ✓Flexibel nebenberuflich oder in Vollzeit ▲ Jetzt informieren!","197","1246","Indexierbar",""
"https://www.ehip.eu/fernstudium/bachelor/e-learning-studium/","1","Du interessierst dich für digitale Lerntechniken? Starte das E-Learning Studium an der EHiP! ✓Komplett online ▲ Jetzt beraten lassen!","133","811","Indexierbar",""
"https://www.ehip.eu/kalender-studienberatung/","1","Vereinbare jetzt einen persönlichen Beratungstermin mit unserer Studienberatung. Dein EHiP Team unterstützt dich in allen Fragen zu deinem Studium.","147","928","Nicht indexierbar","noindex"
"https://www.ehip.eu/study-guide/voraussetzungen/","1","Erfüllst du die Voraussetzungen für ein Studium? Entdecke deine Möglichkeiten für ein Studium bei uns! ✓100 % flexibel ▲ Erfahre hier mehr!","139","849","Indexierbar",""
"https://www.ehip.eu/fernstudium/bachelor/bwl-fernstudium/","1","Ein BWL Fernstudium ist langweilig und trocken? Nicht bei uns! ✓Komplett ortsunabhängig ▲ Jetzt informieren!","108","678","Indexierbar",""
"https://www.ehip.eu/study-guide/pruefungsformen/","1","Du hältst an der EHiP das Steuer in der Hand und entscheidest, zu welchem Zeitpunkt du deine Prüfung schreiben möchtest! ▲ Jetzt informieren!","141","884","Indexierbar",""
"https://www.ehip.eu/study-guide/warum-ehip/","1","Deine Bedürfnisse, deine Lebensrealität und deine Ziele stehen bei uns im Fokus ✓100 % online studieren ▲ Erfahre jetzt mehr!","125","761","Indexierbar",""
"https://www.ehip.eu/fernstudium/bachelor/fernstudium-ernaehrungsberatung-ernaehrungsmanagement/","1","Bei uns wirst du zum Profi in Sachen Ernährungsberatung und Ernährungsmanagement! ✓Berufsbegleitend ▲ Jetzt starten!","116","757","Indexierbar",""
"https://www.ehip.eu/study-guide/studium-alleinerziehend/","1","Du hast Nachwuchs, den du alleine erziehst und möchtest trotzdem studieren? Wir bieten dir ein familienfreundliches Studienkonzept! ▲ Informiere dich jetzt!","156","959","Indexierbar",""
"https://www.ehip.eu/coming-soon-duale-studiengaenge/","1","Melde dich jetzt und starte schon bald in dein duales Studium!","62","380","Indexierbar",""
"https://www.ehip.eu/study-guide/wegweiser/","1","Wir unterstützen dich, damit du dein Studium gezielt und strukturiert angehen kannst. ✓Kompetent, individuell und persönlich ▲ Jetzt beraten lassen!","148","908","Indexierbar",""
"https://www.ehip.eu/fernstudium/bachelor/international-management-studium/","1","Starte dein International Management Studium und mach deine Karriere global! ✓Berufsbegleitend & 100 % online ▲ Jetzt informieren!","130","817","Indexierbar",""
"https://www.ehip.eu/infoveranstaltung/","1","Melde dich jetzt für die Online-Informationsveranstaltung an und erfahre alles über dein Studium an der EHiP!","109","671","Nicht indexierbar","noindex"
"https://www.ehip.eu/study-guide/studieren-mit-familie/","1","Du hast Familie und möchtest studieren? Wir bieten dir die Freiheit und Flexibilität dafür! ▲ Informiere dich jetzt!","116","678","Indexierbar",""
"https://www.ehip.eu/fernstudium/bachelor/fernstudium-personalmanagement/","1","Unser Fernstudium Personalmanagement macht dich fit für neue Entwicklungen im Recruiting! ✓100 % ortsunabhängig ▲ Erfahre hier mehr!","132","855","Indexierbar",""
"https://www.ehip.eu/study-guide/dein-anmeldeprozess/","1","Worauf wartest du? Sicher dir deinen Studienplatz und starte dein Traumstudium an der EHiP! ✓Unkompliziert & einfach ▲ Melde dich jetzt an!","139","864","Indexierbar",""
"https://www.ehip.eu/study-guide/deine-finanzierungsmoeglichkeiten/","1","Du möchtest mit einem Fernstudium durchstarten, benötigst aber finanzielle Unterstützung? Wir zeigen dir, welche Möglichkeiten du hast! ▲ Jetzt informieren!","156","968","Indexierbar",""
"https://www.ehip.eu/impressum/","1","Hier findest du das offizielle Impressum der Hochschule EHIP.","61","380","Indexierbar",""
"https://www.ehip.eu/study-guide/deine-studieninformationen/","1","Du brauchst mehr Informationen zu deinem Traumstudium? Die erhältst du hier! ✓Unkompliziert, individuell und persönlich ▲ Jetzt beraten lassen!","143","890","Indexierbar",""
"https://www.ehip.eu/fernstudium/bachelor/gesundheitsmanagement-studium/","1","Starte dein Gesundheitsmanagement Studium und mach dich bereit für spannende Aufgaben! ✓Praxisorientiert ▲ Jetzt informieren!","125","805","Indexierbar",""
"https://www.ehip.eu/fernstudium/","1","EHiP - Studiere an der flexibelsten Fernhochschule! ✓komplett ortsunabhängig studieren inkl. Klausuren ✓täglich starten ▲ Informiere dich jetzt!","144","872","Indexierbar",""
"https://www.ehip.eu/hochschule/","1","Selbstbestimmt und individuell: EHIP - Europäische Hochschule für Innovation und Perspektive! Mit einem komplett virtuellen Student-Life-Cycle. ▲ Jetzt informieren!","164","1007","Indexierbar",""
"https://www.ehip.eu/study-guide/","1","Unser Study Guide bietet dir nützliche Orientierungshilfen zur optimalen Planung & Absolvierung deines Studiums an der EHiP! ▲ Informiere dich jetzt!","149","913","Indexierbar",""
"https://www.ehip.eu/study-guide/dein-leben-dein-studium/","1","Dein Leben ist einmalig! Wir zeigen dir wertvolle Tipps, wie du dein Studium in deine Lebensrealität integrieren kannst. ▲ Informiere dich jetzt!","145","856","Indexierbar",""
"https://www.ehip.eu/study-guide/deine-lernwelt/","1","Deine Lernwelt an der EHiP stellt sicher, dass du das Studium in deinen persönlichen Alltag integrieren kannst! ✓100 % online ▲ Erfahre hier mehr!","146","882","Indexierbar",""
"https://www.ehip.eu/study-guide/dein-studium/","1","Damit dein Studium zum Erfolg wird, findest du hier relevante Informationen für deinen Startschuss an der EHiP! ▲ Informiere dich jetzt!","136","828","Indexierbar",""
"https://www.ehip.eu/wer-kann-bei-uns-studieren/","1","Studieren neben dem Beruf ist an der EHIP - Europäischen Hochschule für Innovation und Perspektive kein Problem. Auch ohne Abitur! ▲ Jetzt informieren!","151","948","Indexierbar",""
"https://www.ehip.eu/bachelor-of-arts/","1","Was ist ein Bachelor of Arts (B.A.)? Der Bachelor ist der erste akademische Grad, den du an einer Hochschule erwerben kannst! ▲ Erfahre alles zu diesem Abschluss!","162","1003","Indexierbar",""
"https://www.ehip.eu/ueber-uns/","1","Wir sind eine Fernhochschule, die es sich zur Aufgabe gemacht hat, Studierenden ein flexibles, praxisnahes und vollständig digitales Bildungsangebot zu unterbreiten. ▲ Informiere dich jetzt!","190","1155","Indexierbar",""
"https://www.ehip.eu/study-guide/anrechnung-und-anerkennung/","1","Bei uns erfahren deine bisherigen Erfolge Wertschätzung. Lass dir Vorleistungen für dein Studium anrechnen! ▲ Jetzt beraten lassen!","131","814","Indexierbar",""
"https://www.ehip.eu/studienplatz-sichern/","1","","0","0","Nicht indexierbar","noindex"
"https://www.ehip.eu/wirtschaft-und-management-bachelorstudiengaenge/","1","Werde mit deinem Bachelor zur gefragten Führungskraft im Bereich Wirtschaft & Management ✓berufsbegleitend & 100 % online ▲ Jetzt informieren!","142","908","Indexierbar",""
"https://www.ehip.eu/study-guide/bafoeg-fernstudium/","1","BAföG auch im Fernstudium erhalten? Ja, das geht! Informiere dich über die Voraussetzungen, Antragstellung und Höhe der Förderung. Jetzt mehr erfahren!","151","966","Indexierbar",""
"https://www.ehip.eu/study-guide/studieren-direkt-nach-abitur/","1","Abi in der Tasche? Starte dein Fernstudium an der EHiP ✓Ohne NC-Beschränkung ✓100 % online und flexibel ▲ Jetzt Infos sichern!","126","787","Indexierbar",""
"https://www.ehip.eu/gesundheit-bachelorstudiengaenge/","1","Studiere im Bereich Gesundheit, Sport & Ernährung nach neusten Lernmethoden an unserer Hochschule! ✓Flexibel nebenberuflich oder in Vollzeit ▲ Jetzt informieren!","161","1008","Indexierbar",""
"https://www.ehip.eu/study-guide/lernkonzept-focus/","1","Dein Lernerfolg ist unsere Mission. Mit unserem FOCUS-Lernkonzept stehst du im Mittelpunkt! ✓Individuell und effizient ▲ Jetzt informieren!","139","851","Indexierbar",""
"https://www.ehip.eu/study-guide/online-campus/","1","","0","0","Indexierbar",""
"https://www.ehip.eu/studieren-als-fachwirt-betriebswirt-meister/","1","Dein Vorsprung dank Aufstiegsfortbildung! Starte dein Traumstudium und lasse deine Vorleistungen anrechnen! ▲ Finde jetzt deinen Studiengang!","141","896","Indexierbar",""
"https://www.ehip.eu/studienplatz-sichern/?id=","1","","0","0","Nicht indexierbar","Canonicalised,noindex"
"https://www.ehip.eu/hochschule/karriere/freiberuflicher-autor-controlling-im-gesundheitswesen-m-w-d/","1","Suchst du neue Herausforderungen in einem engagierten Team mit netten Kolleginnen und Kollegen? ▲ Dann bewirb dich jetzt an der EHIP!","133","849","Indexierbar",""
"https://www.ehip.eu/hochschule/karriere/professur-fuer-quantitative-bwl-m-w-d/","1","Du suchst eine Professur im Bereich Quantitative BWL an einer innovativen Fernhochschule? ▲ Dann bewirb dich jetzt an der EHIP!","127","798","Nicht indexierbar","noindex"
"https://www.ehip.eu/fernstudium/bachelor/fitnesswissenschaft-fernstudium/","1","Fitness studieren und deine Sportbegeisterung zum Erfolg machen! ✓Zeit- und Ortsunabhängig ▲ Jetzt beraten lassen!","114","724","Indexierbar",""
"https://www.ehip.eu/hochschule/karriere/freiberuflicher-autor-digitale-marktforschung-und-big-data-management-m-w-d/","1","Suchst du neue Herausforderungen in einem engagierten Team mit netten Kolleginnen und Kollegen? ▲ Dann bewirb dich jetzt an der EHIP!","133","849","Indexierbar",""
"https://www.ehip.eu/hochschule/karriere/freiberuflicher-autor-accounting-2-jahresabschluss-m-w-d/","1","Suchst du neue Herausforderungen in einem engagierten Team mit netten Kolleginnen und Kollegen? ▲ Dann bewirb dich jetzt an der EHIP!","133","849","Indexierbar",""
"https://www.ehip.eu/hochschule/karriere/professur-fuer-wirtschaftspsychologie-m-w-d/","1","Du suchst eine Professur im Bereich Wirtschaftspsychologie an einer innovativen Fernhochschule? ▲ Dann bewirb dich jetzt an der EHIP!","133","835","Indexierbar",""
"https://www.ehip.eu/hochschule/karriere/freiberuflicher-autor-zum-thema-beschaffung-und-logistik-m-w-d/","1","Suchst du neue Herausforderungen in einem engagierten Team mit netten Kolleginnen und Kollegen? ▲ Dann bewirb dich jetzt an der EHIP!","133","849","Indexierbar",""
"https://www.ehip.eu/hochschule/karriere/freiberuflicher-autor-betriebliches-management-und-controlling-m-w-d/","1","Suchst du neue Herausforderungen in einem engagierten Team mit netten Kolleginnen und Kollegen? ▲ Dann bewirb dich jetzt an der EHIP!","133","849","Indexierbar",""
"https://www.ehip.eu/hochschule/karriere/mitarbeiter-studienberatung-vertrieb-b2c-m-w-d/","1","Suchst du neue Herausforderungen in einem engagierten Team mit netten Kolleginnen und Kollegen? ▲ Dann bewirb dich jetzt an der EHIP!","133","849","Indexierbar",""
"https://www.ehip.eu/hochschule/karriere/freiberuflicher-autor-kommunikation-und-verhandlungsfuehrung-im-gesundheitswesen-m-w-d/","1","Suchst du neue Herausforderungen in einem engagierten Team mit netten Kolleginnen und Kollegen? ▲ Dann bewirb dich jetzt an der EHIP!","133","849","Indexierbar",""
"https://www.ehip.eu/hochschule/karriere/professur-digitalisierung-und-unternehmen-m-w-d/","1","Du suchst eine Professur im Bereich Digitalisierung und Unternehmen an einer innovativen Fernhochschule? ▲ Dann bewirb dich jetzt an der EHIP!","142","891","Indexierbar",""
"https://www.ehip.eu/hochschule/karriere/freiberuflicher-autor-investition-und-finanzierung-im-gesundheitswesen-m-w-d/","1","Suchst du neue Herausforderungen in einem engagierten Team mit netten Kolleginnen und Kollegen? ▲ Dann bewirb dich jetzt an der EHIP!","133","849","Indexierbar",""
"https://www.ehip.eu/hochschule/karriere/freiberuflicher-autor-investition-und-finanzierung-m-w-d/","1","Suchst du neue Herausforderungen in einem engagierten Team mit netten Kolleginnen und Kollegen? ▲ Dann bewirb dich jetzt an der EHIP!","133","849","Indexierbar",""
"https://www.ehip.eu/hochschule/karriere/freiberuflicher-autor-unternehmenssteuern-in-brd-europa-steuerrecht-m-w-d/","1","Suchst du neue Herausforderungen in einem engagierten Team mit netten Kolleginnen und Kollegen? ▲ Dann bewirb dich jetzt an der EHIP!","133","849","Indexierbar",""
"https://www.ehip.eu/hochschule/karriere/freiberuflicher-autor-ernaehrungssoziologie-und-oekonomie-m-w-d/","1","Suchst du neue Herausforderungen in einem engagierten Team mit netten Kolleginnen und Kollegen? ▲ Dann bewirb dich jetzt an der EHIP!","133","849","Indexierbar",""
"https://www.ehip.eu/kontakt-duale-studiengaenge-unternehmen/","1","Sie haben Fragen oder wünschen eine ausführliche Beratung? ▲ Sprechen Sie uns an!","81","521","Nicht indexierbar","noindex"
"https://www.ehip.eu/fernstudium/bachelor/online-marketing-studium/","1","Absolviere dein Online Marketing Studium und werde zum Experten für die digitalen Kanäle der Zukunft ✓100 % online ▲ Jetzt informieren!","135","839","Indexierbar",""
"https://www.ehip.eu/eignungspruefung/","1","Wir öffnen dir die Tür zum Studium – ganz ohne Abitur – durch unsere Eignungsprüfung ▲ Erfahre jetzt mehr!","106","668","Indexierbar",""
"https://www.ehip.eu/studieninformationen-anfordern/?alias=sportmanagement-studium&titel=B.A. Sportmanagement","1","Du interessierst dich für ein Bachelor Studium an der EHiP? ▲ Fordere jetzt kostenfrei und unverbindlich deine Studieninformationen an!","135","827","Nicht indexierbar","Canonicalised,noindex"
"https://www.ehip.eu/bachelor-sportmanagement/","1","Sport ist deine Leidenschaft? Dann mach sie mit dem Bachelor Sportmanagement zum Beruf ✓100% online ▲ Jetzt informieren!","120","776","Indexierbar",""
"https://www.ehip.eu/bachelor-studium/","1","Was ist ein Bachelor? Mit dem Bachelor Studium erreichst du an der Hochschule den ersten akademischen Grad ▲ Erfahre jetzt mehr!","128","813","Indexierbar",""
"https://www.ehip.eu/fernstudium-bachelor/","1","Studiere, wo es dir am besten gefällt. Erfahre jetzt alles was du zum Fernstudium Bachelor wissen musst! ▲ Hier informieren!","124","761","Indexierbar",""
"https://www.ehip.eu/bachelor-studium-berufsbegleitend/","1","Studium & Job? Bei uns startest du richtig durch! ✓Zeit- und Ortsunabhängig ✓100 % online ▲ Jetzt beraten lassen!","113","698","Indexierbar",""
"https://www.ehip.eu/studieninformationen-anfordern/?alias=fernstudium-fitnesstraining-fitnessmanagement&titel=B.A. Fitnesstraining und -management","1","Du interessierst dich für ein Bachelor Studium an der EHiP? ▲ Fordere jetzt kostenfrei und unverbindlich deine Studieninformationen an!","135","827","Nicht indexierbar","Canonicalised,noindex"
"https://www.ehip.eu/fernstudium/bachelor/vereinsmanagement-studium/","1","Vereinsmanagement studieren und ein unersetzlicher Teil der professionellen Sportwelt werden! ✓Berufsbegleitend ▲ Jetzt starten!","128","798","Indexierbar",""
"https://www.ehip.eu/fernstudium/bachelor/esport-studium/","1","Wir machen im E-Sport Studium deine Gaming-Leidenschaft zum Beruf! ✓Keine Vor-Ort-Präsenzphasen ▲ Jetzt informieren!","116","754","Indexierbar",""
"https://www.ehip.eu/fernstudium/bachelor/fitnessmarketing-fernstudium/","1","Studiere Fitnessmarketing im digitalen Zeitalter und gestalte die Zukunft des Fitnessmarkts! ▲ Jetzt durchstarten!","114","696","Indexierbar",""
"https://www.ehip.eu/fernstudium/bachelor/personal-training-fernstudium/","1","Verbinde deine sportlichen Ziele mit deiner Karriere im Personal Training Fernstudium! ▲ Jetzt starten!","103","622","Indexierbar",""
"https://www.ehip.eu/studieninformationen-anfordern/?alias=ernaehrungswissenschaften-fernstudium&titel=B.A. Ernährungswissenschaft","1","Du interessierst dich für ein Bachelor Studium an der EHiP? ▲ Fordere jetzt kostenfrei und unverbindlich deine Studieninformationen an!","135","827","Nicht indexierbar","Canonicalised,noindex"
"https://www.ehip.eu/fernstudium/bachelor/gesundheits-und-fitnessmanagement-studium/","1","Bereite dich auf eine vielversprechende Karriere im Gesundheitsmanagement der Fitnessbranche vor! ▲ Jetzt durchstarten!","119","753","Indexierbar",""
"https://www.ehip.eu/fernstudium/bachelor/sporttherapie-fernstudium/","1","Erwirb im Sporttherapie Fernstudium praktisches Know-how für mehr Gesundheit! ▲ Jetzt starten!","94","603","Indexierbar",""
"https://www.ehip.eu/fernstudium/bachelor/sporternaehrung-studium/","1","Du brennst für gesunde Ernährung beim Sport? Starte dein Sporternährung Studium! ✓Praxisorientiert ▲ Jetzt starten!","115","722","Indexierbar",""
"https://www.ehip.eu/bachelor-ernaehrungswissenschaften/","1","Du interessierst dich für Gesundheit & Ernährung? Erfahre hier alles zum Bachelor Ernährungswissenschaften ✓Praxisorientiert","124","780","Indexierbar",""
"https://www.ehip.eu/fernstudium/bachelor/nachhaltige-ernaehrung-studium/","1","Du brennst für eine nachhaltige Lebensweise? Starte dein Studium Nachhaltige Ernährung! ▲ Jetzt informieren!","108","681","Indexierbar",""
"https://www.ehip.eu/fernstudium/bachelor/ernaehrungskommunikation-studium/","1","Du brennst für Social Media & Ernährung? Starte dein Ernährungspsychologie Studium ✓Praxisorientiert ▲ Jetzt informieren!","121","759","Indexierbar",""
"https://www.ehip.eu/fernstudium/bachelor/ernaehrungstherapie-studium/","1","Du brennst für gesunde Ernährung? Starte dein Ernährungstherapie Studium! ✓Praxisorientiert ▲ Jetzt starten!","108","677","Indexierbar",""
"https://www.ehip.eu/datenschutz/aufbewahrungs-und-speicherrichtlinie/","1","","0","0","Nicht indexierbar","noindex"
"https://www.ehip.eu/studieninformationen-anfordern/?alias=fernstudium-sportwissenschaft-ernaehrungswissenschaft&titel=B.A. Sport- und Ernährungswissenschaft","1","Du interessierst dich für ein Bachelor Studium an der EHiP? ▲ Fordere jetzt kostenfrei und unverbindlich deine Studieninformationen an!","135","827","Nicht indexierbar","Canonicalised,noindex"
"https://www.ehip.eu/fernstudium/bachelor/ernaehrungstherapie-fernstudium/","1","Werde Expert*in für therapeutischen Ernährungsberatung! ✓Praxisorientiert ✓100% online ▲ Jetzt starten!","103","644","Indexierbar",""
"https://www.ehip.eu/fernstudium/bachelor/betriebliches-gesundheitsmanagement-ernaehrung-fernstudium/","1","Werde Expert*in für betriebliche Gesundheitsförderung! ✓Berufsbegleitend ▲ Jetzt starten!","89","551","Nicht indexierbar","Canonicalised"
"https://www.ehip.eu/fernstudium/bachelor/ernaehrungscoach-studium/","1","Dein Ziel ist es, Ernährungscoach für Sportler*innen zu werden? Starte dein Sporternährung Studium! ✓100% online ▲ Jetzt informieren!","133","826","Indexierbar",""
"https://www.ehip.eu/fernstudium/bachelor/bewegungstherapie-studium/","1","Studiere Bewegungstherapie im Studium mit starkem Praxisbezug an der EHiP! ✓100% online ▲ Jetzt informieren!","108","692","Indexierbar",""
"https://www.ehip.eu/fernstudium/bachelor/personal-training-studium/","1","Mache deine Leidenschaft zum Beruf mit dem Personal Training Studium! ✓Berufsbegleitend ▲ Jetzt starten!","104","663","Indexierbar",""
"https://www.ehip.eu/bwl-berufsbegleitend/","1","Du möchtest mit deinem BWL Studium berufsbegleitend durchstarten? Bei uns studierst du in deinem Rhythmus! ▲ Jetzt informieren!","127","815","Indexierbar",""
"https://www.ehip.eu/bwl-studium/","1","Warum BWL studieren? Erfahre alles zu den Inhalten, Ablauf, Voraussetzungen und den Karriereperspektiven rund um das B.A. BWL Studium! ▲ Jetzt informieren!","155","993","Indexierbar",""
"https://www.ehip.eu/bwl-bachelor/","1","Starte jetzt mit dem BWL Bachelor direkt in deine Karriere ✓Zeit- und Ortsunabhängig ✓berufsbegleitend ▲ Jetzt informieren!","123","754","Indexierbar",""
"https://www.ehip.eu/studieninformationen-anfordern/?alias=bwl-fernstudium&titel=B.A. Betriebswirtschaftslehre","1","Du interessierst dich für ein Bachelor Studium an der EHiP? ▲ Fordere jetzt kostenfrei und unverbindlich deine Studieninformationen an!","135","827","Nicht indexierbar","Canonicalised,noindex"
"https://www.ehip.eu/bwl-schwerpunkt/","1","Wähle je nach Karriereziel deinen individuellen BWL Schwerpunkt mit Zukunft ✓100 % online und flexibel ▲ Jetzt informieren!","123","753","Indexierbar",""
"https://www.ehip.eu/bwl-studium-berufe/","1","Entdecke spannende Karriereoptionen in diesem Bereich und finde deinen Traumberuf mit dem BWL Studium. ▲ Jetzt informieren!","123","794","Indexierbar",""
"https://www.ehip.eu/studieren-mit-oesterreichischer-vorbildung/","1","Erfahre alles zum Studieren mit österreichischer Vorbildung  ▲ Finde jetzt dein Studiengang!","92","556","Indexierbar",""
"https://www.ehip.eu/studieren-mit-auslaendischer-vorbildung/","1","Erfahre alles zum Studieren mit ausländischer Vorbildung ▲ Finde jetzt dein Studiengang!","88","544","Indexierbar",""
"https://www.ehip.eu/studieren-mit-ausbildung/","1","Starte dein Studium ohne Abitur an der EHiP!  ✓Komplett ortsunabhängig ✓Berufsbegleitend ▲ Finde jetzt deinen Studiengang!","122","765","Indexierbar",""
"https://www.ehip.eu/studieren-mit-abitur/","1","Egal, ob Abitur oder Fachabitur, bei uns kannst du dich sicher bewerben und dein Traumstudium verwirklichen. ▲ Finde jetzt dein Studiengang!","140","870","Indexierbar",""
"https://www.ehip.eu/studieninformationen-anfordern/?alias=e-learning-studium&titel=B.A. E-Learning-Management","1","Du interessierst dich für ein Bachelor Studium an der EHiP? ▲ Fordere jetzt kostenfrei und unverbindlich deine Studieninformationen an!","135","827","Nicht indexierbar","Canonicalised,noindex"
"https://www.ehip.eu/fernstudium/bachelor/technische-betriebswirtschaft-studium/","1","Fungiere als Schnittstelle zwischen Technik und Wirtschaft mit unserem Technischen Betriebswirtschaft Studium ✓Komplett online ▲ Jetzt starten!","143","897","Indexierbar",""
"https://www.ehip.eu/fernstudium/bachelor/digitalisierung-studium/","1","Bereit für den digitalen Wandel? Starte dein Digitalisierung Studium an der EHiP! ✓Absolviere alle Prüfungen online ▲ Jetzt starten!","132","792","Indexierbar",""
"https://www.ehip.eu/studieninformationen-anfordern/?alias=digital-marketing-studium&titel=B.A. Digital Marketing","1","Du interessierst dich für ein Bachelor Studium an der EHiP? ▲ Fordere jetzt kostenfrei und unverbindlich deine Studieninformationen an!","135","827","Nicht indexierbar","Canonicalised,noindex"
"https://www.ehip.eu/fernstudium/bachelor/fernstudium-human-resources/","1","Bereit für die Arbeitswelt der Zukunft? Absolviere dein Fernstudium Human Resources! ✓Jederzeit starten ▲ Jetzt beraten lassen!","127","788","Indexierbar",""
"https://www.ehip.eu/fernstudium/bachelor/e-commerce-studium/","1","Die Welt der Online-Shops fasziniert dich? Starte dein E-Commerce Studium! ✓Praxisorientiert ▲ Jetzt informieren!","113","691","Indexierbar",""
