"Adresse","Indexierbarkeit","Indexierbarkeitsstatus","rel=""next"" 1","rel=""prev"" 1","HTTP rel=""next"" 1","HTTP rel=""prev"" 1","Canonical-Linkelement 1","HTTP-Canonical","Meta Robots 1","X-Robots-Tag 1"
"https://www.ehip.eu/","Indexierbar","","","","","","https://www.ehip.eu/","","index,follow",""
"https://www.ehip.eu/study-guide/dein-studiensupport/","Indexierbar","","","","","","https://www.ehip.eu/study-guide/dein-studiensupport/","","index,follow",""
"https://www.ehip.eu/study-guide/digitale-lerntools/","Indexierbar","","","","","","https://www.ehip.eu/study-guide/digitale-lerntools/","","index,follow",""
"https://www.ehip.eu/study-guide/studieren-mit-ihk-abschluss/","Indexierbar","","","","","","https://www.ehip.eu/study-guide/studieren-mit-ihk-abschluss/","","index,follow",""
"https://www.ehip.eu/ueber-uns/qualitaet/","Indexierbar","","","","","","https://www.ehip.eu/ueber-uns/qualitaet/","","index,follow",""
"https://www.ehip.eu/study-guide/gebuehrenmodelle/","Indexierbar","","","","","","https://www.ehip.eu/study-guide/gebuehrenmodelle/","","index,follow",""
"https://www.ehip.eu/marketing-und-kommunikation-bachelorstudiengaenge/","Indexierbar","","","","","","https://www.ehip.eu/marketing-und-kommunikation-bachelorstudiengaenge/","","index,follow",""
"https://www.ehip.eu/hochschule/karriere/","Indexierbar","","","","","","https://www.ehip.eu/hochschule/karriere/","","index,follow",""
"https://www.ehip.eu/coming-soon-duale-studiengaenge-unternehmen/","Indexierbar","","","","","","","","index,follow",""
"https://www.ehip.eu/study-guide/fernstudium-finanzieren/","Indexierbar","","","","","","https://www.ehip.eu/study-guide/fernstudium-finanzieren/","","index,follow",""
"https://www.ehip.eu/fernstudium/bachelor/sportmanagement-studium/","Indexierbar","","","","","","https://www.ehip.eu/fernstudium/bachelor/sportmanagement-studium/","","index,follow",""
"https://www.ehip.eu/fernstudium/bachelor/fernstudium-fitnesstraining-fitnessmanagement/","Indexierbar","","","","","","https://www.ehip.eu/fernstudium/bachelor/fernstudium-fitnesstraining-fitnessmanagement/","","index,follow",""
"https://www.ehip.eu/fernstudium/bachelor/ernaehrungswissenschaften-fernstudium/","Indexierbar","","","","","","https://www.ehip.eu/fernstudium/bachelor/ernaehrungswissenschaften-fernstudium/","","index,follow",""
"https://www.ehip.eu/datenschutz/","Indexierbar","","","","","","","","index,follow",""
"https://www.ehip.eu/hochschule/team/","Nicht indexierbar","noindex","","","","","https://www.ehip.eu/hochschule/team/","","noindex,nofollow",""
"https://www.ehip.eu/vertrag-kuendigen/","Nicht indexierbar","noindex","","","","","https://www.ehip.eu/vertrag-kuendigen/","","noindex,nofollow",""
"https://www.ehip.eu/fernstudium/bachelor/fernstudium-sportwissenschaft-ernaehrungswissenschaft/","Indexierbar","","","","","","https://www.ehip.eu/fernstudium/bachelor/fernstudium-sportwissenschaft-ernaehrungswissenschaft/","","index,follow",""
"https://www.ehip.eu/ueber-uns/fernstudium-erfahrungen/","Indexierbar","","","","","","https://www.ehip.eu/ueber-uns/fernstudium-erfahrungen/","","index,follow",""
"https://www.ehip.eu/study-guide/studieren-aus-dem-ausland/","Indexierbar","","","","","","https://www.ehip.eu/study-guide/studieren-aus-dem-ausland/","","index,follow",""
"https://www.ehip.eu/study-guide/deine-studienberatung/","Indexierbar","","","","","","https://www.ehip.eu/study-guide/deine-studienberatung/","","index,follow",""
"https://www.ehip.eu/kontaktformular/","Nicht indexierbar","noindex","","","","","https://www.ehip.eu/kontaktformular/","","noindex,nofollow",""
"https://www.ehip.eu/study-guide/deine-bruecke-zu-uns/","Indexierbar","","","","","","https://www.ehip.eu/study-guide/deine-bruecke-zu-uns/","","index,follow",""
"https://www.ehip.eu/fernstudium/bachelor/digital-marketing-studium/","Indexierbar","","","","","","https://www.ehip.eu/fernstudium/bachelor/digital-marketing-studium/","","index,follow",""
"https://www.ehip.eu/study-guide/studium-und-job/","Indexierbar","","","","","","https://www.ehip.eu/study-guide/studium-und-job/","","index,follow",""
"https://www.ehip.eu/bachelor-studiengaenge/","Indexierbar","","","","","","https://www.ehip.eu/bachelor-studiengaenge/","","index,follow",""
"https://www.ehip.eu/fernstudium/bachelor/e-learning-studium/","Indexierbar","","","","","","https://www.ehip.eu/fernstudium/bachelor/e-learning-studium/","","index,follow",""
"https://www.ehip.eu/kalender-studienberatung/","Nicht indexierbar","noindex","","","","","","","noindex,nofollow",""
"https://www.ehip.eu/study-guide/voraussetzungen/","Indexierbar","","","","","","https://www.ehip.eu/study-guide/voraussetzungen/","","index,follow",""
"https://www.ehip.eu/fernstudium/bachelor/bwl-fernstudium/","Indexierbar","","","","","","https://www.ehip.eu/fernstudium/bachelor/bwl-fernstudium/","","index,follow",""
"https://www.ehip.eu/study-guide/pruefungsformen/","Indexierbar","","","","","","https://www.ehip.eu/study-guide/pruefungsformen/","","index,follow",""
"https://www.ehip.eu/study-guide/warum-ehip/","Indexierbar","","","","","","https://www.ehip.eu/study-guide/warum-ehip/","","index,follow",""
"https://www.ehip.eu/fernstudium/bachelor/fernstudium-ernaehrungsberatung-ernaehrungsmanagement/","Indexierbar","","","","","","https://www.ehip.eu/fernstudium/bachelor/fernstudium-ernaehrungsberatung-ernaehrungsmanagement/","","index,follow",""
"https://www.ehip.eu/study-guide/studium-alleinerziehend/","Indexierbar","","","","","","https://www.ehip.eu/study-guide/studium-alleinerziehend/","","index,follow",""
"https://www.ehip.eu/coming-soon-duale-studiengaenge/","Indexierbar","","","","","","","","index,follow",""
"https://www.ehip.eu/study-guide/wegweiser/","Indexierbar","","","","","","https://www.ehip.eu/study-guide/wegweiser/","","index,follow",""
"https://www.ehip.eu/fernstudium/bachelor/international-management-studium/","Indexierbar","","","","","","https://www.ehip.eu/fernstudium/bachelor/international-management-studium/","","index,follow",""
"https://www.ehip.eu/infoveranstaltung/","Nicht indexierbar","noindex","","","","","","","noindex,nofollow",""
"https://www.ehip.eu/study-guide/studieren-mit-familie/","Indexierbar","","","","","","https://www.ehip.eu/study-guide/studieren-mit-familie/","","index,follow",""
"https://www.ehip.eu/fernstudium/bachelor/fernstudium-personalmanagement/","Indexierbar","","","","","","https://www.ehip.eu/fernstudium/bachelor/fernstudium-personalmanagement/","","index,follow",""
"https://www.ehip.eu/study-guide/dein-anmeldeprozess/","Indexierbar","","","","","","https://www.ehip.eu/study-guide/dein-anmeldeprozess/","","index,follow",""
"https://www.ehip.eu/study-guide/deine-finanzierungsmoeglichkeiten/","Indexierbar","","","","","","https://www.ehip.eu/study-guide/deine-finanzierungsmoeglichkeiten/","","index,follow",""
"https://www.ehip.eu/impressum/","Indexierbar","","","","","","https://www.ehip.eu/impressum/","","index,follow",""
"https://www.ehip.eu/study-guide/deine-studieninformationen/","Indexierbar","","","","","","https://www.ehip.eu/study-guide/deine-studieninformationen/","","index,follow",""
"https://www.ehip.eu/fernstudium/bachelor/gesundheitsmanagement-studium/","Indexierbar","","","","","","https://www.ehip.eu/fernstudium/bachelor/gesundheitsmanagement-studium/","","index,follow",""
"https://www.ehip.eu/fernstudium/","Indexierbar","","","","","","https://www.ehip.eu/fernstudium/","","index,follow",""
"https://www.ehip.eu/hochschule/","Indexierbar","","","","","","https://www.ehip.eu/hochschule/","","index,follow",""
"https://www.ehip.eu/study-guide/","Indexierbar","","","","","","https://www.ehip.eu/study-guide/","","index,follow",""
"https://www.ehip.eu/study-guide/dein-leben-dein-studium/","Indexierbar","","","","","","https://www.ehip.eu/study-guide/dein-leben-dein-studium/","","index,follow",""
"https://www.ehip.eu/study-guide/deine-lernwelt/","Indexierbar","","","","","","https://www.ehip.eu/study-guide/deine-lernwelt/","","index,follow",""
"https://www.ehip.eu/study-guide/dein-studium/","Indexierbar","","","","","","https://www.ehip.eu/study-guide/dein-studium/","","index,follow",""
"https://www.ehip.eu/wer-kann-bei-uns-studieren/","Indexierbar","","","","","","https://www.ehip.eu/wer-kann-bei-uns-studieren/","","index,follow",""
"https://www.ehip.eu/bachelor-of-arts/","Indexierbar","","","","","","https://www.ehip.eu/bachelor-of-arts/","","index,follow",""
"https://www.ehip.eu/ueber-uns/","Indexierbar","","","","","","https://www.ehip.eu/ueber-uns/","","index,follow",""
"https://www.ehip.eu/study-guide/anrechnung-und-anerkennung/","Indexierbar","","","","","","https://www.ehip.eu/study-guide/anrechnung-und-anerkennung/","","index,follow",""
"https://www.ehip.eu/studienplatz-sichern/","Nicht indexierbar","noindex","","","","","https://www.ehip.eu/studienplatz-sichern/","","noindex,nofollow",""
"https://www.ehip.eu/wirtschaft-und-management-bachelorstudiengaenge/","Indexierbar","","","","","","https://www.ehip.eu/wirtschaft-und-management-bachelorstudiengaenge/","","index,follow",""
"https://www.ehip.eu/study-guide/bafoeg-fernstudium/","Indexierbar","","","","","","https://www.ehip.eu/study-guide/bafoeg-fernstudium/","","index,follow",""
"https://www.ehip.eu/study-guide/studieren-direkt-nach-abitur/","Indexierbar","","","","","","https://www.ehip.eu/study-guide/studieren-direkt-nach-abitur/","","index,follow",""
"https://www.ehip.eu/gesundheit-bachelorstudiengaenge/","Indexierbar","","","","","","https://www.ehip.eu/gesundheit-bachelorstudiengaenge/","","index,follow",""
"https://www.ehip.eu/study-guide/lernkonzept-focus/","Indexierbar","","","","","","","","index,follow",""
"https://www.ehip.eu/study-guide/online-campus/","Indexierbar","","","","","","https://www.ehip.eu/study-guide/online-campus/","","index,follow",""
"https://www.ehip.eu/studieren-als-fachwirt-betriebswirt-meister/","Indexierbar","","","","","","https://www.ehip.eu/studieren-als-fachwirt-betriebswirt-meister/","","index,follow",""
"https://www.ehip.eu/studienplatz-sichern/?id=","Nicht indexierbar","Canonicalised,noindex","","","","","https://www.ehip.eu/studienplatz-sichern/","","noindex,nofollow",""
"https://www.ehip.eu/hochschule/karriere/freiberuflicher-autor-controlling-im-gesundheitswesen-m-w-d/","Indexierbar","","","","","","https://www.ehip.eu/hochschule/karriere/freiberuflicher-autor-controlling-im-gesundheitswesen-m-w-d/","","index,follow",""
"https://www.ehip.eu/hochschule/karriere/professur-fuer-quantitative-bwl-m-w-d/","Nicht indexierbar","noindex","","","","","https://www.ehip.eu/hochschule/karriere/professur-fuer-quantitative-bwl-m-w-d/","","noindex,nofollow",""
"https://www.ehip.eu/fernstudium/bachelor/fitnesswissenschaft-fernstudium/","Indexierbar","","","","","","https://www.ehip.eu/fernstudium/bachelor/fitnesswissenschaft-fernstudium/","","index,follow",""
"https://www.ehip.eu/hochschule/karriere/freiberuflicher-autor-digitale-marktforschung-und-big-data-management-m-w-d/","Indexierbar","","","","","","https://www.ehip.eu/hochschule/karriere/freiberuflicher-autor-digitale-marktforschung-und-big-data-management-m-w-d/","","index,follow",""
"https://www.ehip.eu/hochschule/karriere/freiberuflicher-autor-accounting-2-jahresabschluss-m-w-d/","Indexierbar","","","","","","https://www.ehip.eu/hochschule/karriere/freiberuflicher-autor-accounting-2-jahresabschluss-m-w-d/","","index,follow",""
"https://www.ehip.eu/hochschule/karriere/professur-fuer-wirtschaftspsychologie-m-w-d/","Indexierbar","","","","","","https://www.ehip.eu/hochschule/karriere/professur-fuer-wirtschaftspsychologie-m-w-d/","","index,follow",""
"https://www.ehip.eu/hochschule/karriere/freiberuflicher-autor-zum-thema-beschaffung-und-logistik-m-w-d/","Indexierbar","","","","","","https://www.ehip.eu/hochschule/karriere/freiberuflicher-autor-zum-thema-beschaffung-und-logistik-m-w-d/","","index,follow",""
"https://www.ehip.eu/hochschule/karriere/freiberuflicher-autor-betriebliches-management-und-controlling-m-w-d/","Indexierbar","","","","","","https://www.ehip.eu/hochschule/karriere/freiberuflicher-autor-betriebliches-management-und-controlling-m-w-d/","","index,follow",""
"https://www.ehip.eu/hochschule/karriere/mitarbeiter-studienberatung-vertrieb-b2c-m-w-d/","Indexierbar","","","","","","https://www.ehip.eu/hochschule/karriere/mitarbeiter-studienberatung-vertrieb-b2c-m-w-d/","","index,follow",""
"https://www.ehip.eu/hochschule/karriere/freiberuflicher-autor-kommunikation-und-verhandlungsfuehrung-im-gesundheitswesen-m-w-d/","Indexierbar","","","","","","https://www.ehip.eu/hochschule/karriere/freiberuflicher-autor-kommunikation-und-verhandlungsfuehrung-im-gesundheitswesen-m-w-d/","","index,follow",""
"https://www.ehip.eu/hochschule/karriere/professur-digitalisierung-und-unternehmen-m-w-d/","Indexierbar","","","","","","https://www.ehip.eu/hochschule/karriere/professur-digitalisierung-und-unternehmen-m-w-d/","","index,follow",""
"https://www.ehip.eu/hochschule/karriere/freiberuflicher-autor-investition-und-finanzierung-im-gesundheitswesen-m-w-d/","Indexierbar","","","","","","https://www.ehip.eu/hochschule/karriere/freiberuflicher-autor-investition-und-finanzierung-im-gesundheitswesen-m-w-d/","","index,follow",""
"https://www.ehip.eu/hochschule/karriere/freiberuflicher-autor-investition-und-finanzierung-m-w-d/","Indexierbar","","","","","","https://www.ehip.eu/hochschule/karriere/freiberuflicher-autor-investition-und-finanzierung-m-w-d/","","index,follow",""
"https://www.ehip.eu/hochschule/karriere/freiberuflicher-autor-unternehmenssteuern-in-brd-europa-steuerrecht-m-w-d/","Indexierbar","","","","","","https://www.ehip.eu/hochschule/karriere/freiberuflicher-autor-unternehmenssteuern-in-brd-europa-steuerrecht-m-w-d/","","index,follow",""
"https://www.ehip.eu/hochschule/karriere/freiberuflicher-autor-ernaehrungssoziologie-und-oekonomie-m-w-d/","Indexierbar","","","","","","https://www.ehip.eu/hochschule/karriere/freiberuflicher-autor-ernaehrungssoziologie-und-oekonomie-m-w-d/","","index,follow",""
"https://www.ehip.eu/kontakt-duale-studiengaenge-unternehmen/","Nicht indexierbar","noindex","","","","","https://www.ehip.eu/kontakt-duale-studiengaenge-unternehmen/","","noindex,nofollow",""
"https://www.ehip.eu/fernstudium/bachelor/online-marketing-studium/","Indexierbar","","","","","","https://www.ehip.eu/fernstudium/bachelor/online-marketing-studium/","","index,follow",""
"https://www.ehip.eu/eignungspruefung/","Indexierbar","","","","","","https://www.ehip.eu/eignungspruefung/","","index,follow",""
"https://www.ehip.eu/studieninformationen-anfordern/?alias=sportmanagement-studium&titel=B.A. Sportmanagement","Nicht indexierbar","Canonicalised,noindex","","","","","https://www.ehip.eu/studieninformationen-anfordern/","","noindex,nofollow",""
"https://www.ehip.eu/bachelor-sportmanagement/","Indexierbar","","","","","","https://www.ehip.eu/bachelor-sportmanagement/","","index,follow",""
"https://www.ehip.eu/bachelor-studium/","Indexierbar","","","","","","https://www.ehip.eu/bachelor-studium/","","index,follow",""
"https://www.ehip.eu/fernstudium-bachelor/","Indexierbar","","","","","","https://www.ehip.eu/fernstudium-bachelor/","","index,follow",""
"https://www.ehip.eu/bachelor-studium-berufsbegleitend/","Indexierbar","","","","","","https://www.ehip.eu/bachelor-studium-berufsbegleitend/","","index,follow",""
"https://www.ehip.eu/studieninformationen-anfordern/?alias=fernstudium-fitnesstraining-fitnessmanagement&titel=B.A. Fitnesstraining und -management","Nicht indexierbar","Canonicalised,noindex","","","","","https://www.ehip.eu/studieninformationen-anfordern/","","noindex,nofollow",""
"https://www.ehip.eu/fernstudium/bachelor/vereinsmanagement-studium/","Indexierbar","","","","","","https://www.ehip.eu/fernstudium/bachelor/vereinsmanagement-studium/","","index,follow",""
"https://www.ehip.eu/fernstudium/bachelor/esport-studium/","Indexierbar","","","","","","https://www.ehip.eu/fernstudium/bachelor/esport-studium/","","index,follow",""
"https://www.ehip.eu/fernstudium/bachelor/fitnessmarketing-fernstudium/","Indexierbar","","","","","","https://www.ehip.eu/fernstudium/bachelor/fitnessmarketing-fernstudium/","","index,follow",""
"https://www.ehip.eu/fernstudium/bachelor/personal-training-fernstudium/","Indexierbar","","","","","","https://www.ehip.eu/fernstudium/bachelor/personal-training-fernstudium/","","index,follow",""
"https://www.ehip.eu/studieninformationen-anfordern/?alias=ernaehrungswissenschaften-fernstudium&titel=B.A. Ernährungswissenschaft","Nicht indexierbar","Canonicalised,noindex","","","","","https://www.ehip.eu/studieninformationen-anfordern/","","noindex,nofollow",""
"https://www.ehip.eu/fernstudium/bachelor/gesundheits-und-fitnessmanagement-studium/","Indexierbar","","","","","","https://www.ehip.eu/fernstudium/bachelor/gesundheits-und-fitnessmanagement-studium/","","index,follow",""
"https://www.ehip.eu/fernstudium/bachelor/sporttherapie-fernstudium/","Indexierbar","","","","","","https://www.ehip.eu/fernstudium/bachelor/sporttherapie-fernstudium/","","index,follow",""
"https://www.ehip.eu/fernstudium/bachelor/sporternaehrung-studium/","Indexierbar","","","","","","https://www.ehip.eu/fernstudium/bachelor/sporternaehrung-studium/","","index,follow",""
"https://www.ehip.eu/bachelor-ernaehrungswissenschaften/","Indexierbar","","","","","","https://www.ehip.eu/bachelor-ernaehrungswissenschaften/","","index,follow",""
"https://www.ehip.eu/fernstudium/bachelor/nachhaltige-ernaehrung-studium/","Indexierbar","","","","","","https://www.ehip.eu/fernstudium/bachelor/nachhaltige-ernaehrung-studium/","","index,follow",""
"https://www.ehip.eu/fernstudium/bachelor/ernaehrungskommunikation-studium/","Indexierbar","","","","","","https://www.ehip.eu/fernstudium/bachelor/ernaehrungskommunikation-studium/","","index,follow",""
"https://www.ehip.eu/fernstudium/bachelor/ernaehrungstherapie-studium/","Indexierbar","","","","","","https://www.ehip.eu/fernstudium/bachelor/ernaehrungstherapie-studium/","","index,follow",""
"https://www.ehip.eu/datenschutz/aufbewahrungs-und-speicherrichtlinie/","Nicht indexierbar","noindex","","","","","","","noindex,nofollow",""
"https://www.ehip.eu/studieninformationen-anfordern/?alias=fernstudium-sportwissenschaft-ernaehrungswissenschaft&titel=B.A. Sport- und Ernährungswissenschaft","Nicht indexierbar","Canonicalised,noindex","","","","","https://www.ehip.eu/studieninformationen-anfordern/","","noindex,nofollow",""
"https://www.ehip.eu/fernstudium/bachelor/ernaehrungstherapie-fernstudium/","Indexierbar","","","","","","https://www.ehip.eu/fernstudium/bachelor/ernaehrungstherapie-fernstudium/","","index,follow",""
"https://www.ehip.eu/fernstudium/bachelor/betriebliches-gesundheitsmanagement-ernaehrung-fernstudium/","Nicht indexierbar","Canonicalised","","","","","https://www.ehip.eu/fernstudium/bachelor/betriebliches-gesundheitsmanagement-ernaehrung-studium/","","index,follow",""
"https://www.ehip.eu/fernstudium/bachelor/ernaehrungscoach-studium/","Indexierbar","","","","","","https://www.ehip.eu/fernstudium/bachelor/ernaehrungscoach-studium/","","index,follow",""
"https://www.ehip.eu/fernstudium/bachelor/bewegungstherapie-studium/","Indexierbar","","","","","","https://www.ehip.eu/fernstudium/bachelor/bewegungstherapie-studium/","","index,follow",""
"https://www.ehip.eu/fernstudium/bachelor/personal-training-studium/","Indexierbar","","","","","","https://www.ehip.eu/fernstudium/bachelor/personal-training-studium/","","index,follow",""
"https://www.ehip.eu/bwl-berufsbegleitend/","Indexierbar","","","","","","https://www.ehip.eu/bwl-berufsbegleitend/","","index,follow",""
"https://www.ehip.eu/bwl-studium/","Indexierbar","","","","","","https://www.ehip.eu/bwl-studium/","","index,follow",""
"https://www.ehip.eu/bwl-bachelor/","Indexierbar","","","","","","https://www.ehip.eu/bwl-bachelor/","","index,follow",""
"https://www.ehip.eu/studieninformationen-anfordern/?alias=bwl-fernstudium&titel=B.A. Betriebswirtschaftslehre","Nicht indexierbar","Canonicalised,noindex","","","","","https://www.ehip.eu/studieninformationen-anfordern/","","noindex,nofollow",""
"https://www.ehip.eu/bwl-schwerpunkt/","Indexierbar","","","","","","https://www.ehip.eu/bwl-schwerpunkt/","","index,follow",""
"https://www.ehip.eu/bwl-studium-berufe/","Indexierbar","","","","","","https://www.ehip.eu/bwl-studium-berufe/","","index,follow",""
"https://www.ehip.eu/studieren-mit-oesterreichischer-vorbildung/","Indexierbar","","","","","","","","index,follow",""
"https://www.ehip.eu/studieren-mit-auslaendischer-vorbildung/","Indexierbar","","","","","","https://www.ehip.eu/studieren-mit-auslaendischer-vorbildung/","","index,follow",""
"https://www.ehip.eu/studieren-mit-ausbildung/","Indexierbar","","","","","","https://www.ehip.eu/studieren-mit-ausbildung/","","index,follow",""
"https://www.ehip.eu/studieren-mit-abitur/","Indexierbar","","","","","","https://www.ehip.eu/studieren-mit-abitur/","","index,follow",""
"https://www.ehip.eu/studieninformationen-anfordern/?alias=e-learning-studium&titel=B.A. E-Learning-Management","Nicht indexierbar","Canonicalised,noindex","","","","","https://www.ehip.eu/studieninformationen-anfordern/","","noindex,nofollow",""
"https://www.ehip.eu/fernstudium/bachelor/technische-betriebswirtschaft-studium/","Indexierbar","","","","","","https://www.ehip.eu/fernstudium/bachelor/technische-betriebswirtschaft-studium/","","index,follow",""
"https://www.ehip.eu/fernstudium/bachelor/digitalisierung-studium/","Indexierbar","","","","","","https://www.ehip.eu/fernstudium/bachelor/digitalisierung-studium/","","index,follow",""
"https://www.ehip.eu/studieninformationen-anfordern/?alias=digital-marketing-studium&titel=B.A. Digital Marketing","Nicht indexierbar","Canonicalised,noindex","","","","","https://www.ehip.eu/studieninformationen-anfordern/","","noindex,nofollow",""
"https://www.ehip.eu/fernstudium/bachelor/fernstudium-human-resources/","Indexierbar","","","","","","https://www.ehip.eu/fernstudium/bachelor/fernstudium-human-resources/","","index,follow",""
"https://www.ehip.eu/fernstudium/bachelor/e-commerce-studium/","Indexierbar","","","","","","https://www.ehip.eu/fernstudium/bachelor/e-commerce-studium/","","index,follow",""
