"Adresse","Inhaltstyp","Status-Code","Status","Indexierbarkeit","Indexierbarkeitsstatus"
"https://www.delst.de/de/","text/html; charset=utf-8","200","OK","Indexierbar",""
"https://www.delst.de/de/stellenangebote/","text/html; charset=utf-8","200","OK","Indexierbar",""
"https://www.delst.de/de/fernstudium-gesundheitsmanagement/","text/html; charset=utf-8","200","OK","Indexierbar",""
"https://www.delst.de/de/news/neu-pruefungstraining-wirtschaftsbezogene-qualifikationen-ihk/","text/html; charset=utf-8","200","OK","Indexierbar",""
"https://www.delst.de/de/studieninfos/","text/html; charset=utf-8","200","OK","Indexierbar",""
"https://www.delst.de/de/kalender-bildungsberatung/","text/html; charset=utf-8","200","OK","Indexierbar",""
"https://www.delst.de/de/ueber-uns/","text/html; charset=utf-8","200","OK","Indexierbar",""
"https://www.delst.de/","text/html; charset=UTF-8","302","Found","Nicht indexierbar","Umgeleitet"
"https://www.delst.de/de/foerdermoeglichkeiten/","text/html; charset=utf-8","200","OK","Indexierbar",""
"https://www.delst.de/de/lehrgaenge-reiten/","text/html; charset=utf-8","200","OK","Indexierbar",""
"https://www.delst.de/de/ihk-weiterbildung/industriefachwirt-ihk-fernstudium/","text/html; charset=utf-8","200","OK","Indexierbar",""
"https://www.delst.de/de/weiterbildung-arbeitsamt/","text/html; charset=utf-8","200","OK","Indexierbar",""
"https://www.delst.de/de/rabattaktionen/think-outside-the-box/","text/html; charset=utf-8","200","OK","Nicht indexierbar","noindex"
"https://www.delst.de/de/rechnungswesen-online/","text/html; charset=utf-8","200","OK","Indexierbar",""
"https://www.delst.de/de/affiliate-partnerprogramm/","text/html; charset=utf-8","200","OK","Indexierbar",""
"https://www.delst.de/de/news/e-sports-manager-ihk-neuer-fernlehrgang/","text/html; charset=utf-8","200","OK","Indexierbar",""
"https://www.delst.de/de/kalender-videoberatung/","text/html; charset=utf-8","200","OK","Indexierbar",""
"https://www.delst.de/de/master-professional/","text/html; charset=utf-8","200","OK","Indexierbar",""
"https://www.delst.de/de/newsbeitraege/","text/html; charset=utf-8","200","OK","Indexierbar",""
"https://www.delst.de/de/lexikon/","text/html; charset=utf-8","200","OK","Nicht indexierbar","Canonicalised"
"https://www.delst.de/de/magazinbeitraege/","text/html; charset=utf-8","200","OK","Indexierbar",""
"https://www.delst.de/de/deutsches-elearning-studieninstitut/","text/html; charset=utf-8","200","OK","Indexierbar",""
"https://www.delst.de/de/faq/","text/html; charset=utf-8","200","OK","Indexierbar",""
"https://www.delst.de/de/wirtschaftsfachwirt/","text/html; charset=utf-8","200","OK","Indexierbar",""
"https://www.delst.de/de/digitalisierung-unternehmen-digitale-arbeitswelt/","text/html; charset=utf-8","200","OK","Indexierbar",""
"https://www.delst.de/de/bildungscoach/","text/html; charset=utf-8","200","OK","Indexierbar",""
"https://www.delst.de/de/online-campus/","text/html; charset=utf-8","200","OK","Indexierbar",""
"https://www.delst.de/de/fernstudium-hochschule/","text/html; charset=utf-8","200","OK","Indexierbar",""
"https://www.delst.de/de/weiterbildung-personalentwicklung-management/","text/html; charset=utf-8","200","OK","Indexierbar",""
"https://www.delst.de/de/datenschutzrichtlinien/","text/html; charset=utf-8","200","OK","Indexierbar",""
"https://www.delst.de/de/marketing-vertrieb-fernstudium/","text/html; charset=utf-8","200","OK","Indexierbar",""
"https://www.delst.de/de/handelsfachwirt/","text/html; charset=utf-8","200","OK","Indexierbar",""
"https://www.delst.de/de/ihk-weiterbildung/","text/html; charset=utf-8","200","OK","Indexierbar",""
"https://www.delst.de/de/delst-leitsaetze/","text/html; charset=utf-8","200","OK","Indexierbar",""
"https://www.delst.de/de/news/kennst-du-sven-arnusch/","text/html; charset=utf-8","200","OK","Indexierbar",""
"https://www.delst.de/de/ihk-weiterbildung/wirtschaftsfachwirt-fernstudium/","text/html; charset=utf-8","200","OK","Indexierbar",""
"https://www.delst.de/de/weiterbildung-fuer-mitarbeiter-b2b/","text/html; charset=utf-8","200","OK","Indexierbar",""
"https://www.delst.de/de/ausbildung-der-ausbilder-ada/","text/html; charset=utf-8","200","OK","Indexierbar",""
"https://www.delst.de/de/coaching-ausbildung/","text/html; charset=utf-8","200","OK","Indexierbar",""
"https://www.delst.de/de/wirtschaft-weiterbildung/","text/html; charset=utf-8","200","OK","Indexierbar",""
"https://www.delst.de/de/agb/","text/html; charset=utf-8","200","OK","Indexierbar",""
"https://www.delst.de/de/kontakt/","text/html; charset=utf-8","200","OK","Indexierbar",""
"https://www.delst.de/de/impressum/","text/html; charset=utf-8","200","OK","Indexierbar",""
"https://www.delst.de/de/ihk-weiterbildung/gepruefter-betriebswirt-ihk-fernstudium/","text/html; charset=utf-8","200","OK","Indexierbar",""
"https://www.delst.de/de/ihk-weiterbildung/handelsfachwirt-fernstudium/","text/html; charset=utf-8","200","OK","Indexierbar",""
"https://www.delst.de/de/e-learning-weiterbildung/","text/html; charset=utf-8","200","OK","Indexierbar",""
"https://www.delst.de/de/stellenangebote/mitarbeiter-massnahmenzertifizierungen-azav/","text/html; charset=utf-8","200","OK","Indexierbar",""
"https://www.delst.de/de/stellenangebote/beauftrager-fuer-azav-traeger-und-massnahmenzulassung/","text/html; charset=utf-8","200","OK","Indexierbar",""
"https://www.delst.de/de/stellenangebote/prozessmanager/","text/html; charset=utf-8","200","OK","Indexierbar",""
"https://www.delst.de/de/stellenangebote/markenbotschafter-social-media/","text/html; charset=utf-8","200","OK","Indexierbar",""
"https://www.delst.de/de/stellenangebote/bildungsmanager-bildungsbereich-kaufmaennische-berufe-ihk-lehrgaenge/","text/html; charset=utf-8","200","OK","Indexierbar",""
"https://www.delst.de/de/stellenangebote/studienberater-mit-schwerpunkt-vertrieb-b2c/","text/html; charset=utf-8","200","OK","Indexierbar",""
"https://www.delst.de/de/stellenangebote/bildungsmanager-bildungsbereich-wirtschaft-management/","text/html; charset=utf-8","200","OK","Indexierbar",""
"https://www.delst.de/de/stellenangebote/initiativbewerbung/","text/html; charset=utf-8","200","OK","Indexierbar",""
"https://www.delst.de/de/fernstudium-gesundheitsmanagement/ausdauertrainer-ausbildung/","text/html; charset=utf-8","200","OK","Indexierbar",""
"https://www.delst.de/de/fernstudium-gesundheitsmanagement/qualitaetsmanagement-gesundheitswesen-weiterbildung/","text/html; charset=utf-8","200","OK","Indexierbar",""
"https://www.delst.de/de/fernstudium-gesundheitsmanagement/spa-ausbildung/","text/html; charset=utf-8","200","OK","Indexierbar",""
"https://www.delst.de/de/fernstudium-gesundheitsmanagement/fernstudium-ernahrungsberater/","text/html; charset=utf-8","200","OK","Indexierbar",""
"https://www.delst.de/de/fernstudium-gesundheitsmanagement/fitnesstrainer-ausbildung/","text/html; charset=utf-8","200","OK","Indexierbar",""
"https://www.delst.de/de/fernstudium-gesundheitsmanagement/betrieblicher-gesundheitsmanager-fernstudium/","text/html; charset=utf-8","200","OK","Indexierbar",""
"https://www.delst.de/de/studienkonzept/","text/html; charset=utf-8","200","OK","Indexierbar",""
"https://www.delst.de/de/lernmethoden/","text/html; charset=utf-8","200","OK","Indexierbar",""
"https://www.delst.de/de/studienverlauf/","text/html; charset=utf-8","200","OK","Indexierbar",""
"https://www.delst.de/de/qualitaetssicherung/","text/html; charset=utf-8","200","OK","Indexierbar",""
"https://www.delst.de/de/ihk-weiterbildung/wirtschaftsbezogene-qualifikationen-pruefungsvorbereitung/","text/html; charset=utf-8","200","OK","Indexierbar",""
"https://www.delst.de/de/selbstlernphase/","text/html; charset=utf-8","200","OK","Indexierbar",""
"https://www.delst.de/de/lehrvideos/","text/html; charset=utf-8","200","OK","Indexierbar",""
"https://www.delst.de/de/webinare/","text/html; charset=utf-8","200","OK","Indexierbar",""
"https://www.delst.de/de/bildungspartner/","text/html; charset=utf-8","200","OK","Indexierbar",""
"https://www.delst.de/de/web-based-training/","text/html; charset=utf-8","200","OK","Indexierbar",""
"https://www.delst.de/de/delst-abschluesse/","text/html; charset=utf-8","200","OK","Indexierbar",""
"https://www.delst.de/de/kindergeld/","text/html; charset=utf-8","200","OK","Indexierbar",""
"https://www.delst.de/de/delst-foerderung/","text/html; charset=utf-8","200","OK","Indexierbar",""
"https://www.delst.de/de/steuern-sparen/","text/html; charset=utf-8","200","OK","Indexierbar",""
"https://www.delst.de/de/studieninfos/foerdermoeglichkeiten/qualifizierungschancengesetz/","text/html; charset=utf-8","200","OK","Indexierbar",""
"https://www.delst.de/de/kurzarbeit/","text/html; charset=utf-8","200","OK","Indexierbar",""
"https://www.delst.de/de/aufstiegs-bafoeg/","text/html; charset=utf-8","200","OK","Indexierbar",""
"https://www.delst.de/de/weitere-foerderprogramme/","text/html; charset=utf-8","200","OK","Indexierbar",""
"https://www.delst.de/de/bildungsgutschein/","text/html; charset=utf-8","200","OK","Indexierbar",""
"https://www.delst.de/de/zuschuss-der-bundeslaender/","text/html; charset=utf-8","200","OK","Indexierbar",""
"https://www.delst.de/de/lehrgaenge-reiten/trainer-c-reiten-trainerschein/","text/html; charset=UTF-8","301","Moved Permanently","Nicht indexierbar","Umgeleitet"
"https://www.delst.de/de/lehrgaenge-reiten/futtermittelberater-ausbildung-richtige-pferdefuetterung/","text/html; charset=utf-8","200","OK","Indexierbar",""
"https://www.delst.de/de/lehrgaenge-reiten/reitlehrerin-ausbildung/","text/html; charset=utf-8","200","OK","Indexierbar",""
"https://www.delst.de/de/lehrgaenge-reiten/reiten-c-lizenz/","text/html; charset=utf-8","200","OK","Indexierbar",""
"https://www.delst.de/de/ihk-weiterbildung/master-professional-betriebswirt/","text/html; charset=utf-8","200","OK","Indexierbar",""
"https://www.delst.de/de/studieninfos/foerdermoeglichkeiten/bildungsgutschein-azav/azav-fernstudiengaenge/gepruefter-betriebswirt-azav-bildungsgutschein/","text/html; charset=utf-8","200","OK","Nicht indexierbar","Canonicalised"
"https://www.delst.de/de/bundeswehr-weiterbildung/","text/html; charset=utf-8","200","OK","Indexierbar",""
"https://www.delst.de/de/bildungsgutschein-azav/","text/html; charset=UTF-8","301","Moved Permanently","Nicht indexierbar","Umgeleitet"
"https://www.delst.de/de/weiterbildung-arbeitsamt/ihk-industriefachwirt-weiterbildung-bildungsgutschein/","text/html; charset=utf-8","200","OK","Indexierbar",""
"https://www.delst.de/de/anmeldung/fernstudium/?product=industriefachwirt-ihk-fernstudium","text/html; charset=utf-8","200","OK","Nicht indexierbar","Canonicalised,noindex"
"https://www.delst.de/de/ihk-weiterbildung/wirtschaftsbezogene-qualifikationen-ihk/","text/html; charset=utf-8","200","OK","Indexierbar",""
"https://www.delst.de/de/weiterbildung-arbeitsamt/prozessmanager-digitale-transformation/","text/html; charset=utf-8","200","OK","Nicht indexierbar","noindex"
"https://www.delst.de/de/weiterbildung-arbeitsamt/gepruefter-betriebswirt/","text/html; charset=utf-8","200","OK","Nicht indexierbar","Canonicalised,noindex"
"https://www.delst.de/de/weiterbildung-arbeitsamt/online-marketing-manager/","text/html; charset=utf-8","200","OK","Nicht indexierbar","noindex"
"https://www.delst.de/de/weiterbildung-arbeitsamt/qualitaetsmanager/","text/html; charset=utf-8","200","OK","Nicht indexierbar","noindex"
"https://www.delst.de/de/weiterbildung-arbeitsamt/arbeiten-4-0/","text/html; charset=utf-8","200","OK","Nicht indexierbar","noindex"
"https://www.delst.de/de/weiterbildung-arbeitsamt/betriebliche-ausbildung/","text/html; charset=utf-8","200","OK","Nicht indexierbar","noindex"
"https://www.delst.de/de/weiterbildung-arbeitsamt/wissens-und-transfermanager-4-0/","text/html; charset=utf-8","200","OK","Nicht indexierbar","noindex"
"https://www.delst.de/de/weiterbildung-arbeitsamt/gepruefter-wirtschaftsfachwirt-ihk-inkl-ada-schein/","text/html; charset=utf-8","200","OK","Nicht indexierbar","Canonicalised,noindex"
"https://www.delst.de/de/weiterbildung-arbeitsamt/vorbereitung-externenpruefung-kauffrau-kaufmann-fuer-bueromanagement-ihk-bildungsgutschein/","text/html; charset=utf-8","200","OK","Nicht indexierbar","Canonicalised"
"https://www.delst.de/de/weiterbildung-arbeitsamt/datenschutzmanager/","text/html; charset=utf-8","200","OK","Nicht indexierbar","noindex"
"https://www.delst.de/de/weiterbildung-arbeitsamt/gepruefter-manager-im-gesundheits-und-sozialwesen-4-0/","text/html; charset=utf-8","200","OK","Nicht indexierbar","Canonicalised,noindex"
"https://www.delst.de/de/weiterbildung-arbeitsamt/gepruefter-technischer-betriebswirt/","text/html; charset=utf-8","200","OK","Nicht indexierbar","Canonicalised,noindex"
"https://www.delst.de/de/weiterbildung-arbeitsamt/digitaler-kommunikationscoach/","text/html; charset=utf-8","200","OK","Nicht indexierbar","noindex"
"https://www.delst.de/de/weiterbildung-arbeitsamt/gepruefter-technischer-manager-4-0/","text/html; charset=utf-8","200","OK","Nicht indexierbar","Canonicalised,noindex"
"https://www.delst.de/de/weiterbildung-arbeitsamt/gepruefter-technischer-betriebswirt-4-0/","text/html; charset=utf-8","200","OK","Nicht indexierbar","Canonicalised,noindex"
"https://www.delst.de/de/weiterbildung-arbeitsamt/mentaltrainer/","text/html; charset=utf-8","200","OK","Nicht indexierbar","Canonicalised,noindex"
"https://www.delst.de/de/weiterbildung-arbeitsamt/gepruefter-fachwirt-im-gesundheits-und-sozialwesen-ihk-inkl-ada-schein/","text/html; charset=utf-8","200","OK","Nicht indexierbar","Canonicalised,noindex"
"https://www.delst.de/de/weiterbildung-arbeitsamt/change-manager/","text/html; charset=utf-8","200","OK","Nicht indexierbar","Canonicalised,noindex"
"https://www.delst.de/de/weiterbildung-arbeitsamt/vorbereitung-externenpruefung-kaufmann-ecommerce-ihk/","text/html; charset=utf-8","200","OK","Nicht indexierbar","noindex"
"https://www.delst.de/de/weiterbildung-arbeitsamt/digital-sales/","text/html; charset=utf-8","200","OK","Nicht indexierbar","noindex"
"https://www.delst.de/de/weiterbildung-arbeitsamt/handelsfachwirt-fernstudium-azav-bildungsgutschein/","text/html; charset=utf-8","200","OK","Nicht indexierbar","Canonicalised"
"https://www.delst.de/de/weiterbildung-arbeitsamt/kaufmaennisches-wissen-online-azav-bildungsgutschein/","text/html; charset=utf-8","200","OK","Indexierbar",""
"https://www.delst.de/de/weiterbildung-arbeitsamt/digital-transformation-manager-bg/","text/html; charset=utf-8","200","OK","Nicht indexierbar","Canonicalised,noindex"
"https://www.delst.de/de/weiterbildung-arbeitsamt/gepruefter-wirtschaftsmanager-4-0/","text/html; charset=utf-8","200","OK","Nicht indexierbar","Canonicalised,noindex"
"https://www.delst.de/de/weiterbildung-arbeitsamt/digitalisierungsmanager/","text/html; charset=utf-8","200","OK","Nicht indexierbar","Canonicalised,noindex"
"https://www.delst.de/de/weiterbildung-arbeitsamt/vertriebsassistenz-4-0/","text/html; charset=utf-8","200","OK","Nicht indexierbar","noindex"
"https://www.delst.de/de/weiterbildung-arbeitsamt/gepruefter-wirtschaftsmanager/","text/html; charset=utf-8","200","OK","Nicht indexierbar","Canonicalised,noindex"
"https://www.delst.de/de/weiterbildung-arbeitsamt/personalmanager-4-0/","text/html; charset=utf-8","200","OK","Nicht indexierbar","noindex"
"https://www.delst.de/de/weiterbildung-arbeitsamt/gepruefter-betriebswirt-4-0/","text/html; charset=utf-8","200","OK","Nicht indexierbar","Canonicalised,noindex"
"https://www.delst.de/de/weiterbildung-arbeitsamt/ada-schein-azav-bildungsgutschein/","text/html; charset=utf-8","200","OK","Nicht indexierbar","Canonicalised"
"https://www.delst.de/de/weiterbildung-arbeitsamt/weiterbildung-fachwirt-im-sozial-und-gesundheitswesen-azav-bildungsgutschein/","text/html; charset=utf-8","200","OK","Indexierbar",""
"https://www.delst.de/de/weiterbildung-arbeitsamt/ihk-wirtschaftsfachwirt-weiterbildung-bildungsgutschein/","text/html; charset=utf-8","200","OK","Indexierbar",""
"https://www.delst.de/de/weiterbildung-arbeitsamt/technischer-fachwirt-weiterbildung-bildungsgutschein/","text/html; charset=utf-8","200","OK","Nicht indexierbar","Canonicalised"
"https://www.delst.de/de/weiterbildung-arbeitsamt/transformationsmanager-fuer-nachhaltigkeit/","text/html; charset=utf-8","200","OK","Nicht indexierbar","noindex"
"https://www.delst.de/de/weiterbildung-arbeitsamt/gepruefter-e-commerce-manager/","text/html; charset=utf-8","200","OK","Nicht indexierbar","Canonicalised,noindex"
"https://www.delst.de/de/weiterbildung-arbeitsamt/gepruefter-technischer-betriebswirt-ihk-inkl-ada-schein/","text/html; charset=utf-8","200","OK","Nicht indexierbar","Canonicalised,noindex"
"https://www.delst.de/de/weiterbildung-arbeitsamt/gepruefter-manager-im-gesundheits-und-sozialwesen/","text/html; charset=utf-8","200","OK","Nicht indexierbar","Canonicalised,noindex"
"https://www.delst.de/de/weiterbildung-arbeitsamt/qualitaetsmanager-4-0/","text/html; charset=utf-8","200","OK","Nicht indexierbar","noindex"
"https://www.delst.de/de/weiterbildung-arbeitsamt/social-media-manager-azav-bildungsgutschein/","text/html; charset=utf-8","200","OK","Nicht indexierbar","Canonicalised"
"https://www.delst.de/de/weiterbildung-arbeitsamt/gepruefter-technischer-manager/","text/html; charset=utf-8","200","OK","Nicht indexierbar","Canonicalised,noindex"
"https://www.delst.de/de/weiterbildung-arbeitsamt/gepruefter-buchhaltungsassistent/","text/html; charset=utf-8","200","OK","Nicht indexierbar","noindex"
"https://www.delst.de/de/weiterbildung-arbeitsamt/gepruefter-bueromanager-4-0/","text/html; charset=utf-8","200","OK","Nicht indexierbar","Canonicalised,noindex"
"https://www.delst.de/de/weiterbildung-arbeitsamt/gepruefter-industriemanager/","text/html; charset=utf-8","200","OK","Nicht indexierbar","Canonicalised,noindex"
"https://www.delst.de/de/weiterbildung-arbeitsamt/agiler-bueromanager/","text/html; charset=utf-8","200","OK","Nicht indexierbar","noindex"
"https://www.delst.de/de/weiterbildung-arbeitsamt/gepruefter-technischer-betriebswirt-ihk/","text/html; charset=utf-8","200","OK","Nicht indexierbar","Canonicalised,noindex"
"https://www.delst.de/de/weiterbildung-arbeitsamt/umschulung-kauffrau-fuer-bueromanagement/","text/html; charset=utf-8","200","OK","Indexierbar",""
"https://www.delst.de/de/weiterbildung-arbeitsamt/seo-manager-weiterbildung-azav-bildungsgutschein/","text/html; charset=utf-8","200","OK","Nicht indexierbar","Canonicalised"
"https://www.delst.de/de/weiterbildung-arbeitsamt/gepruefter-technischer-fachwirt-ihk-inkl-ada-schein/","text/html; charset=utf-8","200","OK","Nicht indexierbar","Canonicalised,noindex"
"https://www.delst.de/de/weiterbildung-arbeitsamt/kommunikationstraining-intensiv/","text/html; charset=utf-8","200","OK","Nicht indexierbar","noindex"
"https://www.delst.de/de/weiterbildung-arbeitsamt/kommunikationstrainer-ausbildung-bildungsgutschein/","text/html; charset=utf-8","200","OK","Indexierbar",""
"https://www.delst.de/files/downloads/anmeldeformulare/anmeldeformular-bildungsgutschein-delst-18.pdf","application/pdf","200","OK","Indexierbar",""
"https://www.delst.de/de/weiterbildung-arbeitsamt/agiler-projektmanager-4-0/","text/html; charset=utf-8","200","OK","Nicht indexierbar","noindex"
"https://www.delst.de/de/weiterbildung-arbeitsamt/finanz-und-marktanalyst/","text/html; charset=utf-8","200","OK","Nicht indexierbar","noindex"
"https://www.delst.de/de/weiterbildung-arbeitsamt/gepruefter-betriebswirt-ihk-cci-inkl-ada-schein/","text/html; charset=utf-8","200","OK","Nicht indexierbar","Canonicalised,noindex"
"https://www.delst.de/de/weiterbildung-arbeitsamt/datenschutzbeauftragter-weiterbildung-bildungsgutschein/","text/html; charset=utf-8","200","OK","Nicht indexierbar","noindex"
"https://www.delst.de/de/weiterbildung-arbeitsamt/gepruefter-handelsmanager/","text/html; charset=utf-8","200","OK","Nicht indexierbar","Canonicalised,noindex"
"https://www.delst.de/de/weiterbildung-arbeitsamt/weiterbildung-digitalisierung-azav-bildungsgutschein/","text/html; charset=utf-8","200","OK","Nicht indexierbar","Canonicalised"
"https://www.delst.de/de/weiterbildung-arbeitsamt/betriebliche-ausbildung-4-0/","text/html; charset=utf-8","200","OK","Nicht indexierbar","noindex"
"https://www.delst.de/de/weiterbildung-arbeitsamt/eventmanager/","text/html; charset=utf-8","200","OK","Nicht indexierbar","noindex"
"https://www.delst.de/de/weiterbildung-arbeitsamt/edv-informationstechnologie-kurs-azav-bildungsgutschein/","text/html; charset=utf-8","200","OK","Nicht indexierbar","Canonicalised"
"https://www.delst.de/de/weiterbildung-arbeitsamt/agiler-projektmanager/","text/html; charset=utf-8","200","OK","Nicht indexierbar","noindex"
"https://www.delst.de/de/weiterbildung-arbeitsamt/gepruefter-wirtschaftsassistent/","text/html; charset=utf-8","200","OK","Nicht indexierbar","noindex"
"https://www.delst.de/de/weiterbildung-arbeitsamt/personalmanager/","text/html; charset=utf-8","200","OK","Nicht indexierbar","noindex"
"https://www.delst.de/de/weiterbildung-arbeitsamt/projektmanager/","text/html; charset=utf-8","200","OK","Nicht indexierbar","noindex"
"https://www.delst.de/de/weiterbildung-arbeitsamt/gepruefter-bueromanager/","text/html; charset=utf-8","200","OK","Nicht indexierbar","Canonicalised,noindex"
"https://www.delst.de/de/weiterbildung-arbeitsamt/online-marketing-manager-4-0/","text/html; charset=utf-8","200","OK","Nicht indexierbar","noindex"
"https://www.delst.de/de/weiterbildung-arbeitsamt/agiler-qualitaets-und-prozessmanager/","text/html; charset=utf-8","200","OK","Nicht indexierbar","noindex"
"https://www.delst.de/de/weiterbildung-arbeitsamt/gepruefter-industriefachwirt-ihk-inkl-ada-schein/","text/html; charset=utf-8","200","OK","Nicht indexierbar","Canonicalised,noindex"
"https://www.delst.de/de/weiterbildung-arbeitsamt/wirtschaftsbezogene-qualifikationen/","text/html; charset=utf-8","200","OK","Nicht indexierbar","Canonicalised,noindex"
"https://www.delst.de/de/weiterbildung-arbeitsamt/gepruefter-bueroassistent/","text/html; charset=utf-8","200","OK","Nicht indexierbar","Canonicalised,noindex"
"https://www.delst.de/de/weiterbildung-arbeitsamt/umschulung-kaufmann-ecommerce-ihk/","text/html; charset=utf-8","200","OK","Nicht indexierbar","noindex"
"https://www.delst.de/de/rechnungswesen-online/rechnungswesen-kosten-und-leistungsrechnung-klr/","text/html; charset=utf-8","200","OK","Indexierbar",""
"https://www.delst.de/de/rechnungswesen-online/moderne-finanzbuchfuehrung-online-weiterbildung/","text/html; charset=utf-8","200","OK","Indexierbar",""
"https://www.delst.de/de/weiterbildung-arbeitsamt/gepruefter-betriebswirt-azav-bildungsgutschein/","text/html; charset=utf-8","200","OK","Nicht indexierbar","Canonicalised"
"https://www.delst.de/de/weiterbildung-arbeitsamt/gepruefter-industriemanager-4-0/","text/html; charset=utf-8","200","OK","Nicht indexierbar","Canonicalised,noindex"
"https://www.delst.de/de/weiterbildung-arbeitsamt/prozessmanager/","text/html; charset=utf-8","200","OK","Nicht indexierbar","Canonicalised,noindex"
"https://www.delst.de/de/rechnungswesen-online/controlling-weiterbildung/","text/html; charset=utf-8","200","OK","Indexierbar",""
"https://www.delst.de/de/rechnungswesen-online/ihk-rechnungswesen-verstehen/","text/html; charset=utf-8","200","OK","Indexierbar",""
"https://www.delst.de/de/betriebswirt-ihk-vollzeit/","text/html; charset=utf-8","200","OK","Indexierbar",""
"https://www.delst.de/de/ihk-weiterbildung/e-sports-manager-ihk/","text/html; charset=utf-8","200","OK","Indexierbar",""
"https://www.delst.de/de/betriebswirt-ihk-erfahrungen/","text/html; charset=utf-8","200","OK","Indexierbar",""
"https://www.delst.de/de/betriebswirt-ihk-sinnvoll/","text/html; charset=utf-8","200","OK","Indexierbar",""
"https://www.delst.de/de/betriebswirt-ihk-lernmaterial/","text/html; charset=utf-8","200","OK","Indexierbar",""
"https://www.delst.de/de/betriebswirt-ihk-gehalt/","text/html; charset=utf-8","200","OK","Indexierbar",""
"https://www.delst.de/de/betriebswirt-ihk-anerkennung/","text/html; charset=utf-8","200","OK","Indexierbar",""
"https://www.delst.de/de/news/aktualisierung-pruefungsordnung-gepruefter-betriebswirt/","text/html; charset=utf-8","200","OK","Indexierbar",""
"https://www.delst.de/de/news/informationsveranstaltung-unseres-partners-ehip/","text/html; charset=utf-8","200","OK","Indexierbar",""
"https://www.delst.de/de/news/ehip-unser-neuer-bildungspartner/","text/html; charset=utf-8","200","OK","Indexierbar",""
"https://www.delst.de/de/news/100-foerderung-ueber-bildungsgutschein/","text/html; charset=utf-8","200","OK","Indexierbar",""
"https://www.delst.de/de/news/delst-instagram/","text/html; charset=utf-8","200","OK","Indexierbar",""
"https://www.delst.de/de/news/seo-sea-manager-ausbildung-jetzt-buchbar/","text/html; charset=utf-8","200","OK","Indexierbar",""
"https://www.delst.de/de/news/kennst-du-schon-markus-edenharder/","text/html; charset=utf-8","200","OK","Indexierbar",""
"https://www.delst.de/de/ihk-weiterbildung/technischer-betriebswirt-fernstudium/","text/html; charset=utf-8","200","OK","Indexierbar",""
"https://www.delst.de/de/news/kennen-sie-andrea-haertlein/","text/html; charset=utf-8","200","OK","Indexierbar",""
"https://www.delst.de/de/news/fernstudientag-2024/","text/html; charset=utf-8","200","OK","Indexierbar",""
"https://www.delst.de/de/news/wir-sind-top-anbieter-2023/","text/html; charset=utf-8","200","OK","Indexierbar",""
"https://www.delst.de/de/news/kennst-du-philipp-raithel/","text/html; charset=utf-8","200","OK","Indexierbar",""
"https://www.delst.de/de/news/kennst-du-stefan-hieronimus/","text/html; charset=utf-8","200","OK","Indexierbar",""
"https://www.delst.de/de/news/neue-oeffnungszeiten/","text/html; charset=utf-8","200","OK","Indexierbar",""
"https://www.delst.de/de/news/adventskalender/","text/html; charset=utf-8","200","OK","Indexierbar",""
"https://www.delst.de/de/news/neue-berufliche-weiterbildung-kommunikation-verbessern/","text/html; charset=utf-8","200","OK","Indexierbar",""
"https://www.delst.de/de/news/kennst-du-dr-lisa-marholt/","text/html; charset=utf-8","200","OK","Indexierbar",""
"https://www.delst.de/de/news/happy-new-year-2021/","text/html; charset=utf-8","200","OK","Indexierbar",""
"https://www.delst.de/de/news/auszeichnung-exzellenter-anbieter-2024/","text/html; charset=utf-8","200","OK","Indexierbar",""
"https://www.delst.de/de/news/tutorenvorstellung-carsten-kulka/","text/html; charset=utf-8","200","OK","Indexierbar",""
"https://www.delst.de/de/news/kennen-sie-aron-labonte/","text/html; charset=utf-8","200","OK","Indexierbar",""
"https://www.delst.de/de/ihk-weiterbildung/technischer-fachwirt-fernstudium/","text/html; charset=utf-8","200","OK","Indexierbar",""
"https://www.delst.de/de/news/kennst-du-julia-jorcke/","text/html; charset=utf-8","200","OK","Indexierbar",""
"https://www.delst.de/de/news/scrum-lehrgaenge-buchbar/","text/html; charset=utf-8","200","OK","Indexierbar",""
"https://www.delst.de/de/news/kennen-sie-ralf-schemmert/","text/html; charset=utf-8","200","OK","Indexierbar",""
"https://www.delst.de/de/news/kennst-du-tom-telschow/","text/html; charset=utf-8","200","OK","Indexierbar",""
"https://www.delst.de/de/news/bueroassistenz-jetzt-buchbar/","text/html; charset=utf-8","200","OK","Indexierbar",""
"https://www.delst.de/de/news/kennst-du-ela-naeffgen/","text/html; charset=utf-8","200","OK","Indexierbar",""
"https://www.delst.de/de/news/englische-ihk-abschluesse/","text/html; charset=utf-8","200","OK","Indexierbar",""
"https://www.delst.de/de/news/elearning-digitales-lernen-die-moderne-und-flexible-form-der-weiterbildung/","text/html; charset=utf-8","200","OK","Indexierbar",""
"https://www.delst.de/de/news/kennst-du-thomas-wiessner/","text/html; charset=utf-8","200","OK","Indexierbar",""
"https://www.delst.de/de/news/delst-besuchen-auf-der-messe-jobkarrieretage2022/","text/html; charset=utf-8","200","OK","Indexierbar",""
"https://www.delst.de/de/news/betrieblicher-gesundheitsmanager-jetzt-buchbar/","text/html; charset=utf-8","200","OK","Indexierbar",""
"https://www.delst.de/de/news/top-institut-2021-fernstudiumcheck/","text/html; charset=utf-8","200","OK","Indexierbar",""
"https://www.delst.de/de/news/kennst-du-benjamin-lindner/","text/html; charset=utf-8","200","OK","Indexierbar",""
"https://www.delst.de/de/news/wbt-modernes-lernen/","text/html; charset=utf-8","200","OK","Indexierbar",""
"https://www.delst.de/de/news/kennst-du-alexander-neumann/","text/html; charset=utf-8","200","OK","Indexierbar",""
"https://www.delst.de/de/news/kennst-du-ebru-nal/","text/html; charset=utf-8","200","OK","Indexierbar",""
"https://www.delst.de/de/news/wir-wuenschen-ihnen-ein-glueckliches-gesundes-und-erfolgreiches-neue-jahr/","text/html; charset=utf-8","200","OK","Indexierbar",""
"https://www.delst.de/de/news/kennst-du-marion-freddy-kraemer/","text/html; charset=utf-8","200","OK","Indexierbar",""
"https://www.delst.de/de/news/neuer-fernkurs-ernaehrung-im-natural-bodybuilding/","text/html; charset=utf-8","200","OK","Indexierbar",""
"https://www.delst.de/de/news/gepruefter-technischer-betriebswirt-jetzt-buchbar/","text/html; charset=utf-8","200","OK","Indexierbar",""
"https://www.delst.de/de/news/top-institut-2022-fernstudiumcheck/","text/html; charset=utf-8","200","OK","Indexierbar",""
"https://www.delst.de/de/news/kennst-du-sonja-theile-ochel/","text/html; charset=utf-8","200","OK","Indexierbar",""
"https://www.delst.de/de/news/kennst-du-rene-gregorczyk/","text/html; charset=utf-8","200","OK","Indexierbar",""
"https://www.delst.de/de/news/kennst-du-dieter-kaiser/","text/html; charset=utf-8","200","OK","Indexierbar",""
"https://www.delst.de/de/news/delst-bewerten-und-gewinnen/","text/html; charset=utf-8","200","OK","Indexierbar",""
"https://www.delst.de/de/news/neue-delst-website-online/","text/html; charset=utf-8","200","OK","Indexierbar",""
"https://www.delst.de/de/news/workout-fuer-den-arbeitsplatz/","text/html; charset=utf-8","200","OK","Indexierbar",""
"https://www.delst.de/de/news/kennst-du-schon-marina-schemmert/","text/html; charset=utf-8","200","OK","Indexierbar",""
"https://www.delst.de/de/news/studium-im-alter-ihre-chance-der-weiterbildung-ohne-abitur/","text/html; charset=utf-8","200","OK","Indexierbar",""
"https://www.delst.de/de/news/kennst-du-schon-laura-koch/","text/html; charset=utf-8","200","OK","Indexierbar",""
"https://www.delst.de/de/news/kennst-du-schon-andreas-gloeckl/","text/html; charset=utf-8","200","OK","Indexierbar",""
"https://www.delst.de/de/news/kaufmann-frau-im-e-commerce-jetzt-buchbar/","text/html; charset=utf-8","200","OK","Indexierbar",""
"https://www.delst.de/de/news/selbstaendig-als-mobiler-reitlehrer/","text/html; charset=utf-8","200","OK","Indexierbar",""
"https://www.delst.de/de/news/kennst-du-jennifer-safran/","text/html; charset=utf-8","200","OK","Indexierbar",""
"https://www.delst.de/de/lexikon/u/","text/html; charset=utf-8","200","OK","Nicht indexierbar","Canonicalised"
"https://www.delst.de/de/lexikon/abs-asset-back-securities/","text/html; charset=utf-8","200","OK","Indexierbar",""
"https://www.delst.de/de/lexikon/q/","text/html; charset=utf-8","200","OK","Nicht indexierbar","Canonicalised"
"https://www.delst.de/de/lexikon/abwicklungsvertrag/","text/html; charset=utf-8","200","OK","Indexierbar",""
"https://www.delst.de/de/lexikon/m/","text/html; charset=utf-8","200","OK","Nicht indexierbar","Canonicalised"
"https://www.delst.de/de/lexikon/abzahlungsdarlehen/","text/html; charset=utf-8","200","OK","Indexierbar",""
"https://www.delst.de/de/lexikon/i/","text/html; charset=utf-8","200","OK","Nicht indexierbar","Canonicalised"
"https://www.delst.de/de/lexikon/d/","text/html; charset=utf-8","200","OK","Nicht indexierbar","Canonicalised"
"https://www.delst.de/de/lexikon/abstraktionsprinzip/","text/html; charset=utf-8","200","OK","Indexierbar",""
"https://www.delst.de/de/lexikon/abschreibungen/","text/html; charset=utf-8","200","OK","Indexierbar",""
"https://www.delst.de/de/lexikon/abweichung-varianz/","text/html; charset=utf-8","200","OK","Indexierbar",""
"https://www.delst.de/de/lexikon/abc-analyse/","text/html; charset=utf-8","200","OK","Indexierbar",""
"https://www.delst.de/de/lexikon/absatzpotenzial/","text/html; charset=utf-8","200","OK","Indexierbar",""
"https://www.delst.de/de/lexikon/abmaß/","text/html; charset=utf-8","200","OK","Indexierbar",""
"https://www.delst.de/de/lexikon/absatzmittler/","text/html; charset=utf-8","200","OK","Indexierbar",""
"https://www.delst.de/de/lexikon/adrenalinausschuettung/","text/html; charset=utf-8","200","OK","Indexierbar",""
"https://www.delst.de/de/lexikon/abstraktes-modell/","text/html; charset=utf-8","200","OK","Indexierbar",""
"https://www.delst.de/de/lexikon/ablauforganisation/","text/html; charset=utf-8","200","OK","Indexierbar",""
"https://www.delst.de/de/lexikon/after-sales-service/","text/html; charset=utf-8","200","OK","Indexierbar",""
"https://www.delst.de/de/lexikon/affiliate-link/","text/html; charset=utf-8","200","OK","Indexierbar",""
"https://www.delst.de/de/lexikon/y/","text/html; charset=utf-8","200","OK","Nicht indexierbar","Canonicalised"
"https://www.delst.de/de/lexikon/aerogen/","text/html; charset=utf-8","200","OK","Indexierbar",""
"https://www.delst.de/de/lexikon/ad-extension/","text/html; charset=utf-8","200","OK","Indexierbar",""
"https://www.delst.de/de/lexikon/account/","text/html; charset=utf-8","200","OK","Indexierbar",""
"https://www.delst.de/de/lexikon/abszisse/","text/html; charset=utf-8","200","OK","Indexierbar",""
"https://www.delst.de/de/digitalisierung-unternehmen-digitale-arbeitswelt/sea-seo-manager-online-fernstudium/","text/html; charset=utf-8","200","OK","Indexierbar",""
"https://www.delst.de/de/lexikon/t/","text/html; charset=utf-8","200","OK","Nicht indexierbar","Canonicalised"
"https://www.delst.de/de/lexikon/absprungrate/","text/html; charset=utf-8","200","OK","Indexierbar",""
"https://www.delst.de/de/lexikon/p/","text/html; charset=utf-8","200","OK","Nicht indexierbar","Canonicalised"
"https://www.delst.de/de/lexikon/l/","text/html; charset=utf-8","200","OK","Nicht indexierbar","Canonicalised"
"https://www.delst.de/de/lexikon/above-the-line-massnahmen-atl/","text/html; charset=utf-8","200","OK","Indexierbar",""
"https://www.delst.de/de/lexikon/absatzvolumen/","text/html; charset=utf-8","200","OK","Indexierbar",""
"https://www.delst.de/de/lexikon/h/","text/html; charset=utf-8","200","OK","Nicht indexierbar","Canonicalised"
"https://www.delst.de/de/lexikon/advanced-planning-and-scheduling-aps/","text/html; charset=utf-8","200","OK","Indexierbar",""
"https://www.delst.de/de/lexikon/affinitätsschätzen/","text/html; charset=utf-8","200","OK","Indexierbar",""
"https://www.delst.de/de/lexikon/abgeaenderte-annahme/","text/html; charset=utf-8","200","OK","Indexierbar",""
"https://www.delst.de/de/lexikon/abstraktionsniveau/","text/html; charset=utf-8","200","OK","Indexierbar",""
"https://www.delst.de/de/lexikon/c/","text/html; charset=utf-8","200","OK","Nicht indexierbar","Canonicalised"
"https://www.delst.de/de/lexikon/adsense/","text/html; charset=utf-8","200","OK","Indexierbar",""
"https://www.delst.de/de/lexikon/affility-marketing/","text/html; charset=utf-8","200","OK","Indexierbar",""
"https://www.delst.de/de/lexikon/affiliate/","text/html; charset=utf-8","200","OK","Indexierbar",""
"https://www.delst.de/de/lexikon/absoluter-marktanteil/","text/html; charset=utf-8","200","OK","Indexierbar",""
"https://www.delst.de/de/lexikon/x/","text/html; charset=utf-8","200","OK","Nicht indexierbar","Canonicalised"
"https://www.delst.de/de/lexikon/adcell/","text/html; charset=utf-8","200","OK","Indexierbar",""
"https://www.delst.de/de/lexikon/a-b-test/","text/html; charset=utf-8","200","OK","Indexierbar",""
"https://www.delst.de/de/lexikon/affektiv/","text/html; charset=utf-8","200","OK","Indexierbar",""
"https://www.delst.de/de/lexikon/administrativ/","text/html; charset=utf-8","200","OK","Indexierbar",""
"https://www.delst.de/de/lexikon/s/","text/html; charset=utf-8","200","OK","Nicht indexierbar","Canonicalised"
"https://www.delst.de/de/lexikon/absatzhelfer/","text/html; charset=utf-8","200","OK","Indexierbar",""
"https://www.delst.de/de/lexikon/o/","text/html; charset=utf-8","200","OK","Nicht indexierbar","Canonicalised"
"https://www.delst.de/de/lexikon/k/","text/html; charset=utf-8","200","OK","Nicht indexierbar","Canonicalised"
"https://www.delst.de/de/lexikon/affinität/","text/html; charset=utf-8","200","OK","Indexierbar",""
"https://www.delst.de/de/lexikon/g/","text/html; charset=utf-8","200","OK","Nicht indexierbar","Canonicalised"
"https://www.delst.de/de/lexikon/f/","text/html; charset=utf-8","200","OK","Nicht indexierbar","Canonicalised"
"https://www.delst.de/de/lexikon/abgaben/","text/html; charset=utf-8","200","OK","Indexierbar",""
"https://www.delst.de/de/lexikon/advanced-persistent-threats/","text/html; charset=utf-8","200","OK","Indexierbar",""
"https://www.delst.de/de/lexikon/affinity/","text/html; charset=utf-8","200","OK","Indexierbar",""
"https://www.delst.de/de/lexikon/absolutheitsprinzip/","text/html; charset=utf-8","200","OK","Indexierbar",""
"https://www.delst.de/de/lexikon/abgabeordnung-ao/","text/html; charset=utf-8","200","OK","Indexierbar",""
"https://www.delst.de/de/lexikon/b/","text/html; charset=utf-8","200","OK","Nicht indexierbar","Canonicalised"
"https://www.delst.de/de/lexikon/ablauf-einer-gewerbeanmeldung/","text/html; charset=utf-8","200","OK","Indexierbar",""
"https://www.delst.de/de/lexikon/w/","text/html; charset=utf-8","200","OK","Nicht indexierbar","Canonicalised"
"https://www.delst.de/de/lexikon/v/","text/html; charset=utf-8","200","OK","Nicht indexierbar","Canonicalised"
"https://www.delst.de/de/lexikon/absatzkanaele/","text/html; charset=utf-8","200","OK","Indexierbar",""
"https://www.delst.de/de/lexikon/adware/","text/html; charset=utf-8","200","OK","Indexierbar",""
"https://www.delst.de/de/lexikon/r/","text/html; charset=utf-8","200","OK","Nicht indexierbar","Canonicalised"
"https://www.delst.de/de/lexikon/n/","text/html; charset=utf-8","200","OK","Nicht indexierbar","Canonicalised"
"https://www.delst.de/de/lexikon/aeuv/","text/html; charset=utf-8","200","OK","Indexierbar",""
"https://www.delst.de/de/lexikon/adaption/","text/html; charset=utf-8","200","OK","Indexierbar",""
"https://www.delst.de/de/lexikon/j/","text/html; charset=utf-8","200","OK","Nicht indexierbar","Canonicalised"
"https://www.delst.de/de/lexikon/e/","text/html; charset=utf-8","200","OK","Nicht indexierbar","Canonicalised"
"https://www.delst.de/de/lexikon/active-sourcing/","text/html; charset=utf-8","200","OK","Indexierbar",""
"https://www.delst.de/de/lexikon/a/","text/html; charset=utf-8","200","OK","Nicht indexierbar","Canonicalised"
"https://www.delst.de/de/lexikon/abschreibungsmethoden/","text/html; charset=utf-8","200","OK","Indexierbar",""
"https://www.delst.de/de/lexikon/z/","text/html; charset=utf-8","200","OK","Nicht indexierbar","Canonicalised"
"https://www.delst.de/de/lexikon/absatzwerbung/","text/html; charset=utf-8","200","OK","Indexierbar",""
"https://www.delst.de/de/news/tierheilpraktikerin-wird-futtermittelberaterin/","text/html; charset=utf-8","200","OK","Indexierbar",""
"https://www.delst.de/de/news/e-learning-projektmanager-buchbar/","text/html; charset=utf-8","200","OK","Indexierbar",""
"https://www.delst.de/de/news/kennst-du-antje-lehmann-benz/","text/html; charset=utf-8","200","OK","Indexierbar",""
"https://www.delst.de/de/news/kennst-du-alexander-toigo/","text/html; charset=utf-8","200","OK","Indexierbar",""
"https://www.delst.de/de/news/fernstudium-vs-praesenzstudium-welche-form-bevorzugen-arbeitgeber/","text/html; charset=utf-8","200","OK","Indexierbar",""
"https://www.delst.de/de/news/traumjob-betriebswirt/","text/html; charset=utf-8","200","OK","Indexierbar",""
"https://www.delst.de/de/news/erfolgsgeschichten-das-delst-sucht-eure-story/","text/html; charset=utf-8","200","OK","Indexierbar",""
"https://www.delst.de/de/news/e-commerce-manager-jetzt-buchbar/","text/html; charset=utf-8","200","OK","Indexierbar",""
"https://www.delst.de/de/news/kennst-du-sandra-leist/","text/html; charset=utf-8","200","OK","Indexierbar",""
"https://www.delst.de/de/news/ausbildung-der-ausbilder-anpassung-an-die-moderne-arbeitswelt/","text/html; charset=utf-8","200","OK","Indexierbar",""
"https://www.delst.de/de/news/fernstudientag-2023/","text/html; charset=utf-8","200","OK","Indexierbar",""
"https://www.delst.de/de/news/leidenschaft-fuer-pferde/","text/html; charset=utf-8","200","OK","Indexierbar",""
