"Adresse","Häufigkeit","Meta Keywords 1","Länge der Meta Keywords 1","Indexierbarkeit","Indexierbarkeitsstatus"
"https://www.delst.de/de/","1","","0","Indexierbar",""
"https://www.delst.de/de/stellenangebote/","1","","0","Indexierbar",""
"https://www.delst.de/de/fernstudium-gesundheitsmanagement/","1","","0","Indexierbar",""
"https://www.delst.de/de/news/neu-pruefungstraining-wirtschaftsbezogene-qualifikationen-ihk/","1","","0","Indexierbar",""
"https://www.delst.de/de/studieninfos/","1","","0","Indexierbar",""
"https://www.delst.de/de/kalender-bildungsberatung/","1","","0","Indexierbar",""
"https://www.delst.de/de/ueber-uns/","1","","0","Indexierbar",""
"https://www.delst.de/de/foerdermoeglichkeiten/","1","","0","Indexierbar",""
"https://www.delst.de/de/lehrgaenge-reiten/","1","","0","Indexierbar",""
"https://www.delst.de/de/ihk-weiterbildung/industriefachwirt-ihk-fernstudium/","1","","0","Indexierbar",""
"https://www.delst.de/de/weiterbildung-arbeitsamt/","1","","0","Indexierbar",""
"https://www.delst.de/de/rabattaktionen/think-outside-the-box/","1","","0","Nicht indexierbar","noindex"
"https://www.delst.de/de/rechnungswesen-online/","1","","0","Indexierbar",""
"https://www.delst.de/de/affiliate-partnerprogramm/","1","","0","Indexierbar",""
"https://www.delst.de/de/news/e-sports-manager-ihk-neuer-fernlehrgang/","1","","0","Indexierbar",""
"https://www.delst.de/de/kalender-videoberatung/","1","","0","Indexierbar",""
"https://www.delst.de/de/master-professional/","1","","0","Indexierbar",""
"https://www.delst.de/de/newsbeitraege/","1","","0","Indexierbar",""
"https://www.delst.de/de/lexikon/","1","","0","Nicht indexierbar","Canonicalised"
"https://www.delst.de/de/magazinbeitraege/","1","","0","Indexierbar",""
"https://www.delst.de/de/deutsches-elearning-studieninstitut/","1","","0","Indexierbar",""
"https://www.delst.de/de/faq/","1","","0","Indexierbar",""
"https://www.delst.de/de/wirtschaftsfachwirt/","1","","0","Indexierbar",""
"https://www.delst.de/de/digitalisierung-unternehmen-digitale-arbeitswelt/","1","","0","Indexierbar",""
"https://www.delst.de/de/bildungscoach/","1","","0","Indexierbar",""
"https://www.delst.de/de/online-campus/","1","","0","Indexierbar",""
"https://www.delst.de/de/fernstudium-hochschule/","1","","0","Indexierbar",""
"https://www.delst.de/de/weiterbildung-personalentwicklung-management/","1","","0","Indexierbar",""
"https://www.delst.de/de/datenschutzrichtlinien/","1","","0","Indexierbar",""
"https://www.delst.de/de/marketing-vertrieb-fernstudium/","1","","0","Indexierbar",""
"https://www.delst.de/de/handelsfachwirt/","1","","0","Indexierbar",""
"https://www.delst.de/de/ihk-weiterbildung/","1","","0","Indexierbar",""
"https://www.delst.de/de/delst-leitsaetze/","1","","0","Indexierbar",""
"https://www.delst.de/de/news/kennst-du-sven-arnusch/","1","","0","Indexierbar",""
"https://www.delst.de/de/ihk-weiterbildung/wirtschaftsfachwirt-fernstudium/","1","","0","Indexierbar",""
"https://www.delst.de/de/weiterbildung-fuer-mitarbeiter-b2b/","1","","0","Indexierbar",""
"https://www.delst.de/de/ausbildung-der-ausbilder-ada/","1","","0","Indexierbar",""
"https://www.delst.de/de/coaching-ausbildung/","1","","0","Indexierbar",""
"https://www.delst.de/de/wirtschaft-weiterbildung/","1","","0","Indexierbar",""
"https://www.delst.de/de/agb/","1","","0","Indexierbar",""
"https://www.delst.de/de/kontakt/","1","","0","Indexierbar",""
"https://www.delst.de/de/impressum/","1","","0","Indexierbar",""
"https://www.delst.de/de/ihk-weiterbildung/gepruefter-betriebswirt-ihk-fernstudium/","1","","0","Indexierbar",""
"https://www.delst.de/de/ihk-weiterbildung/handelsfachwirt-fernstudium/","1","","0","Indexierbar",""
"https://www.delst.de/de/e-learning-weiterbildung/","1","","0","Indexierbar",""
"https://www.delst.de/de/stellenangebote/mitarbeiter-massnahmenzertifizierungen-azav/","1","","0","Indexierbar",""
"https://www.delst.de/de/stellenangebote/beauftrager-fuer-azav-traeger-und-massnahmenzulassung/","1","","0","Indexierbar",""
"https://www.delst.de/de/stellenangebote/prozessmanager/","1","","0","Indexierbar",""
"https://www.delst.de/de/stellenangebote/markenbotschafter-social-media/","1","","0","Indexierbar",""
"https://www.delst.de/de/stellenangebote/bildungsmanager-bildungsbereich-kaufmaennische-berufe-ihk-lehrgaenge/","1","","0","Indexierbar",""
"https://www.delst.de/de/stellenangebote/studienberater-mit-schwerpunkt-vertrieb-b2c/","1","","0","Indexierbar",""
"https://www.delst.de/de/stellenangebote/bildungsmanager-bildungsbereich-wirtschaft-management/","1","","0","Indexierbar",""
"https://www.delst.de/de/stellenangebote/initiativbewerbung/","1","","0","Indexierbar",""
"https://www.delst.de/de/fernstudium-gesundheitsmanagement/ausdauertrainer-ausbildung/","1","","0","Indexierbar",""
"https://www.delst.de/de/fernstudium-gesundheitsmanagement/qualitaetsmanagement-gesundheitswesen-weiterbildung/","1","","0","Indexierbar",""
"https://www.delst.de/de/fernstudium-gesundheitsmanagement/spa-ausbildung/","1","","0","Indexierbar",""
"https://www.delst.de/de/fernstudium-gesundheitsmanagement/fernstudium-ernahrungsberater/","1","","0","Indexierbar",""
"https://www.delst.de/de/fernstudium-gesundheitsmanagement/fitnesstrainer-ausbildung/","1","","0","Indexierbar",""
"https://www.delst.de/de/fernstudium-gesundheitsmanagement/betrieblicher-gesundheitsmanager-fernstudium/","1","","0","Indexierbar",""
"https://www.delst.de/de/studienkonzept/","1","","0","Indexierbar",""
"https://www.delst.de/de/lernmethoden/","1","","0","Indexierbar",""
"https://www.delst.de/de/studienverlauf/","1","","0","Indexierbar",""
"https://www.delst.de/de/qualitaetssicherung/","1","","0","Indexierbar",""
"https://www.delst.de/de/ihk-weiterbildung/wirtschaftsbezogene-qualifikationen-pruefungsvorbereitung/","1","","0","Indexierbar",""
"https://www.delst.de/de/selbstlernphase/","1","","0","Indexierbar",""
"https://www.delst.de/de/lehrvideos/","1","","0","Indexierbar",""
"https://www.delst.de/de/webinare/","1","","0","Indexierbar",""
"https://www.delst.de/de/bildungspartner/","1","","0","Indexierbar",""
"https://www.delst.de/de/web-based-training/","1","","0","Indexierbar",""
"https://www.delst.de/de/delst-abschluesse/","1","","0","Indexierbar",""
"https://www.delst.de/de/kindergeld/","1","","0","Indexierbar",""
"https://www.delst.de/de/delst-foerderung/","1","","0","Indexierbar",""
"https://www.delst.de/de/steuern-sparen/","1","","0","Indexierbar",""
"https://www.delst.de/de/studieninfos/foerdermoeglichkeiten/qualifizierungschancengesetz/","1","","0","Indexierbar",""
"https://www.delst.de/de/kurzarbeit/","1","","0","Indexierbar",""
"https://www.delst.de/de/aufstiegs-bafoeg/","1","","0","Indexierbar",""
"https://www.delst.de/de/weitere-foerderprogramme/","1","","0","Indexierbar",""
"https://www.delst.de/de/bildungsgutschein/","1","","0","Indexierbar",""
"https://www.delst.de/de/zuschuss-der-bundeslaender/","1","","0","Indexierbar",""
"https://www.delst.de/de/lehrgaenge-reiten/futtermittelberater-ausbildung-richtige-pferdefuetterung/","1","","0","Indexierbar",""
"https://www.delst.de/de/lehrgaenge-reiten/reitlehrerin-ausbildung/","1","","0","Indexierbar",""
"https://www.delst.de/de/lehrgaenge-reiten/reiten-c-lizenz/","1","","0","Indexierbar",""
"https://www.delst.de/de/ihk-weiterbildung/master-professional-betriebswirt/","1","","0","Indexierbar",""
"https://www.delst.de/de/studieninfos/foerdermoeglichkeiten/bildungsgutschein-azav/azav-fernstudiengaenge/gepruefter-betriebswirt-azav-bildungsgutschein/","1","","0","Nicht indexierbar","Canonicalised"
"https://www.delst.de/de/bundeswehr-weiterbildung/","1","","0","Indexierbar",""
"https://www.delst.de/de/weiterbildung-arbeitsamt/ihk-industriefachwirt-weiterbildung-bildungsgutschein/","1","","0","Indexierbar",""
"https://www.delst.de/de/anmeldung/fernstudium/?product=industriefachwirt-ihk-fernstudium","1","","0","Nicht indexierbar","Canonicalised,noindex"
"https://www.delst.de/de/ihk-weiterbildung/wirtschaftsbezogene-qualifikationen-ihk/","1","","0","Indexierbar",""
"https://www.delst.de/de/weiterbildung-arbeitsamt/prozessmanager-digitale-transformation/","1","","0","Nicht indexierbar","noindex"
"https://www.delst.de/de/weiterbildung-arbeitsamt/gepruefter-betriebswirt/","1","","0","Nicht indexierbar","Canonicalised,noindex"
"https://www.delst.de/de/weiterbildung-arbeitsamt/online-marketing-manager/","1","","0","Nicht indexierbar","noindex"
"https://www.delst.de/de/weiterbildung-arbeitsamt/qualitaetsmanager/","1","","0","Nicht indexierbar","noindex"
"https://www.delst.de/de/weiterbildung-arbeitsamt/arbeiten-4-0/","1","","0","Nicht indexierbar","noindex"
"https://www.delst.de/de/weiterbildung-arbeitsamt/betriebliche-ausbildung/","1","","0","Nicht indexierbar","noindex"
"https://www.delst.de/de/weiterbildung-arbeitsamt/wissens-und-transfermanager-4-0/","1","","0","Nicht indexierbar","noindex"
"https://www.delst.de/de/weiterbildung-arbeitsamt/gepruefter-wirtschaftsfachwirt-ihk-inkl-ada-schein/","1","","0","Nicht indexierbar","Canonicalised,noindex"
"https://www.delst.de/de/weiterbildung-arbeitsamt/vorbereitung-externenpruefung-kauffrau-kaufmann-fuer-bueromanagement-ihk-bildungsgutschein/","1","","0","Nicht indexierbar","Canonicalised"
"https://www.delst.de/de/weiterbildung-arbeitsamt/datenschutzmanager/","1","","0","Nicht indexierbar","noindex"
"https://www.delst.de/de/weiterbildung-arbeitsamt/gepruefter-manager-im-gesundheits-und-sozialwesen-4-0/","1","","0","Nicht indexierbar","Canonicalised,noindex"
"https://www.delst.de/de/weiterbildung-arbeitsamt/gepruefter-technischer-betriebswirt/","1","","0","Nicht indexierbar","Canonicalised,noindex"
"https://www.delst.de/de/weiterbildung-arbeitsamt/digitaler-kommunikationscoach/","1","","0","Nicht indexierbar","noindex"
"https://www.delst.de/de/weiterbildung-arbeitsamt/gepruefter-technischer-manager-4-0/","1","","0","Nicht indexierbar","Canonicalised,noindex"
"https://www.delst.de/de/weiterbildung-arbeitsamt/gepruefter-technischer-betriebswirt-4-0/","1","","0","Nicht indexierbar","Canonicalised,noindex"
"https://www.delst.de/de/weiterbildung-arbeitsamt/mentaltrainer/","1","","0","Nicht indexierbar","Canonicalised,noindex"
"https://www.delst.de/de/weiterbildung-arbeitsamt/gepruefter-fachwirt-im-gesundheits-und-sozialwesen-ihk-inkl-ada-schein/","1","","0","Nicht indexierbar","Canonicalised,noindex"
"https://www.delst.de/de/weiterbildung-arbeitsamt/change-manager/","1","","0","Nicht indexierbar","Canonicalised,noindex"
"https://www.delst.de/de/weiterbildung-arbeitsamt/vorbereitung-externenpruefung-kaufmann-ecommerce-ihk/","1","","0","Nicht indexierbar","noindex"
"https://www.delst.de/de/weiterbildung-arbeitsamt/digital-sales/","1","","0","Nicht indexierbar","noindex"
"https://www.delst.de/de/weiterbildung-arbeitsamt/handelsfachwirt-fernstudium-azav-bildungsgutschein/","1","","0","Nicht indexierbar","Canonicalised"
"https://www.delst.de/de/weiterbildung-arbeitsamt/kaufmaennisches-wissen-online-azav-bildungsgutschein/","1","","0","Indexierbar",""
"https://www.delst.de/de/weiterbildung-arbeitsamt/digital-transformation-manager-bg/","1","","0","Nicht indexierbar","Canonicalised,noindex"
"https://www.delst.de/de/weiterbildung-arbeitsamt/gepruefter-wirtschaftsmanager-4-0/","1","","0","Nicht indexierbar","Canonicalised,noindex"
"https://www.delst.de/de/weiterbildung-arbeitsamt/digitalisierungsmanager/","1","","0","Nicht indexierbar","Canonicalised,noindex"
"https://www.delst.de/de/weiterbildung-arbeitsamt/vertriebsassistenz-4-0/","1","","0","Nicht indexierbar","noindex"
"https://www.delst.de/de/weiterbildung-arbeitsamt/gepruefter-wirtschaftsmanager/","1","","0","Nicht indexierbar","Canonicalised,noindex"
"https://www.delst.de/de/weiterbildung-arbeitsamt/personalmanager-4-0/","1","","0","Nicht indexierbar","noindex"
"https://www.delst.de/de/weiterbildung-arbeitsamt/gepruefter-betriebswirt-4-0/","1","","0","Nicht indexierbar","Canonicalised,noindex"
"https://www.delst.de/de/weiterbildung-arbeitsamt/ada-schein-azav-bildungsgutschein/","1","","0","Nicht indexierbar","Canonicalised"
"https://www.delst.de/de/weiterbildung-arbeitsamt/weiterbildung-fachwirt-im-sozial-und-gesundheitswesen-azav-bildungsgutschein/","1","","0","Indexierbar",""
"https://www.delst.de/de/weiterbildung-arbeitsamt/ihk-wirtschaftsfachwirt-weiterbildung-bildungsgutschein/","1","","0","Indexierbar",""
"https://www.delst.de/de/weiterbildung-arbeitsamt/technischer-fachwirt-weiterbildung-bildungsgutschein/","1","","0","Nicht indexierbar","Canonicalised"
"https://www.delst.de/de/weiterbildung-arbeitsamt/transformationsmanager-fuer-nachhaltigkeit/","1","","0","Nicht indexierbar","noindex"
"https://www.delst.de/de/weiterbildung-arbeitsamt/gepruefter-e-commerce-manager/","1","","0","Nicht indexierbar","Canonicalised,noindex"
"https://www.delst.de/de/weiterbildung-arbeitsamt/gepruefter-technischer-betriebswirt-ihk-inkl-ada-schein/","1","","0","Nicht indexierbar","Canonicalised,noindex"
"https://www.delst.de/de/weiterbildung-arbeitsamt/gepruefter-manager-im-gesundheits-und-sozialwesen/","1","","0","Nicht indexierbar","Canonicalised,noindex"
"https://www.delst.de/de/weiterbildung-arbeitsamt/qualitaetsmanager-4-0/","1","","0","Nicht indexierbar","noindex"
"https://www.delst.de/de/weiterbildung-arbeitsamt/social-media-manager-azav-bildungsgutschein/","1","","0","Nicht indexierbar","Canonicalised"
"https://www.delst.de/de/weiterbildung-arbeitsamt/gepruefter-technischer-manager/","1","","0","Nicht indexierbar","Canonicalised,noindex"
"https://www.delst.de/de/weiterbildung-arbeitsamt/gepruefter-buchhaltungsassistent/","1","","0","Nicht indexierbar","noindex"
"https://www.delst.de/de/weiterbildung-arbeitsamt/gepruefter-bueromanager-4-0/","1","","0","Nicht indexierbar","Canonicalised,noindex"
"https://www.delst.de/de/weiterbildung-arbeitsamt/gepruefter-industriemanager/","1","","0","Nicht indexierbar","Canonicalised,noindex"
"https://www.delst.de/de/weiterbildung-arbeitsamt/agiler-bueromanager/","1","","0","Nicht indexierbar","noindex"
"https://www.delst.de/de/weiterbildung-arbeitsamt/gepruefter-technischer-betriebswirt-ihk/","1","","0","Nicht indexierbar","Canonicalised,noindex"
"https://www.delst.de/de/weiterbildung-arbeitsamt/umschulung-kauffrau-fuer-bueromanagement/","1","","0","Indexierbar",""
"https://www.delst.de/de/weiterbildung-arbeitsamt/seo-manager-weiterbildung-azav-bildungsgutschein/","1","","0","Nicht indexierbar","Canonicalised"
"https://www.delst.de/de/weiterbildung-arbeitsamt/gepruefter-technischer-fachwirt-ihk-inkl-ada-schein/","1","","0","Nicht indexierbar","Canonicalised,noindex"
"https://www.delst.de/de/weiterbildung-arbeitsamt/kommunikationstraining-intensiv/","1","","0","Nicht indexierbar","noindex"
"https://www.delst.de/de/weiterbildung-arbeitsamt/kommunikationstrainer-ausbildung-bildungsgutschein/","1","","0","Indexierbar",""
"https://www.delst.de/de/weiterbildung-arbeitsamt/agiler-projektmanager-4-0/","1","","0","Nicht indexierbar","noindex"
"https://www.delst.de/de/weiterbildung-arbeitsamt/finanz-und-marktanalyst/","1","","0","Nicht indexierbar","noindex"
"https://www.delst.de/de/weiterbildung-arbeitsamt/gepruefter-betriebswirt-ihk-cci-inkl-ada-schein/","1","","0","Nicht indexierbar","Canonicalised,noindex"
"https://www.delst.de/de/weiterbildung-arbeitsamt/datenschutzbeauftragter-weiterbildung-bildungsgutschein/","1","","0","Nicht indexierbar","noindex"
"https://www.delst.de/de/weiterbildung-arbeitsamt/gepruefter-handelsmanager/","1","","0","Nicht indexierbar","Canonicalised,noindex"
"https://www.delst.de/de/weiterbildung-arbeitsamt/weiterbildung-digitalisierung-azav-bildungsgutschein/","1","","0","Nicht indexierbar","Canonicalised"
"https://www.delst.de/de/weiterbildung-arbeitsamt/betriebliche-ausbildung-4-0/","1","","0","Nicht indexierbar","noindex"
"https://www.delst.de/de/weiterbildung-arbeitsamt/eventmanager/","1","","0","Nicht indexierbar","noindex"
"https://www.delst.de/de/weiterbildung-arbeitsamt/edv-informationstechnologie-kurs-azav-bildungsgutschein/","1","","0","Nicht indexierbar","Canonicalised"
"https://www.delst.de/de/weiterbildung-arbeitsamt/agiler-projektmanager/","1","","0","Nicht indexierbar","noindex"
"https://www.delst.de/de/weiterbildung-arbeitsamt/gepruefter-wirtschaftsassistent/","1","","0","Nicht indexierbar","noindex"
"https://www.delst.de/de/weiterbildung-arbeitsamt/personalmanager/","1","","0","Nicht indexierbar","noindex"
"https://www.delst.de/de/weiterbildung-arbeitsamt/projektmanager/","1","","0","Nicht indexierbar","noindex"
"https://www.delst.de/de/weiterbildung-arbeitsamt/gepruefter-bueromanager/","1","","0","Nicht indexierbar","Canonicalised,noindex"
"https://www.delst.de/de/weiterbildung-arbeitsamt/online-marketing-manager-4-0/","1","","0","Nicht indexierbar","noindex"
"https://www.delst.de/de/weiterbildung-arbeitsamt/agiler-qualitaets-und-prozessmanager/","1","","0","Nicht indexierbar","noindex"
"https://www.delst.de/de/weiterbildung-arbeitsamt/gepruefter-industriefachwirt-ihk-inkl-ada-schein/","1","","0","Nicht indexierbar","Canonicalised,noindex"
"https://www.delst.de/de/weiterbildung-arbeitsamt/wirtschaftsbezogene-qualifikationen/","1","","0","Nicht indexierbar","Canonicalised,noindex"
"https://www.delst.de/de/weiterbildung-arbeitsamt/gepruefter-bueroassistent/","1","","0","Nicht indexierbar","Canonicalised,noindex"
"https://www.delst.de/de/weiterbildung-arbeitsamt/umschulung-kaufmann-ecommerce-ihk/","1","","0","Nicht indexierbar","noindex"
"https://www.delst.de/de/rechnungswesen-online/rechnungswesen-kosten-und-leistungsrechnung-klr/","1","","0","Indexierbar",""
"https://www.delst.de/de/rechnungswesen-online/moderne-finanzbuchfuehrung-online-weiterbildung/","1","","0","Indexierbar",""
"https://www.delst.de/de/weiterbildung-arbeitsamt/gepruefter-betriebswirt-azav-bildungsgutschein/","1","","0","Nicht indexierbar","Canonicalised"
"https://www.delst.de/de/weiterbildung-arbeitsamt/gepruefter-industriemanager-4-0/","1","","0","Nicht indexierbar","Canonicalised,noindex"
"https://www.delst.de/de/weiterbildung-arbeitsamt/prozessmanager/","1","","0","Nicht indexierbar","Canonicalised,noindex"
"https://www.delst.de/de/rechnungswesen-online/controlling-weiterbildung/","1","","0","Indexierbar",""
"https://www.delst.de/de/rechnungswesen-online/ihk-rechnungswesen-verstehen/","1","","0","Indexierbar",""
"https://www.delst.de/de/betriebswirt-ihk-vollzeit/","1","","0","Indexierbar",""
"https://www.delst.de/de/ihk-weiterbildung/e-sports-manager-ihk/","1","","0","Indexierbar",""
"https://www.delst.de/de/betriebswirt-ihk-erfahrungen/","1","","0","Indexierbar",""
"https://www.delst.de/de/betriebswirt-ihk-sinnvoll/","1","","0","Indexierbar",""
"https://www.delst.de/de/betriebswirt-ihk-lernmaterial/","1","","0","Indexierbar",""
"https://www.delst.de/de/betriebswirt-ihk-gehalt/","1","","0","Indexierbar",""
"https://www.delst.de/de/betriebswirt-ihk-anerkennung/","1","","0","Indexierbar",""
"https://www.delst.de/de/news/aktualisierung-pruefungsordnung-gepruefter-betriebswirt/","1","","0","Indexierbar",""
"https://www.delst.de/de/news/informationsveranstaltung-unseres-partners-ehip/","1","","0","Indexierbar",""
"https://www.delst.de/de/news/ehip-unser-neuer-bildungspartner/","1","","0","Indexierbar",""
"https://www.delst.de/de/news/100-foerderung-ueber-bildungsgutschein/","1","","0","Indexierbar",""
"https://www.delst.de/de/news/delst-instagram/","1","","0","Indexierbar",""
"https://www.delst.de/de/news/seo-sea-manager-ausbildung-jetzt-buchbar/","1","","0","Indexierbar",""
"https://www.delst.de/de/news/kennst-du-schon-markus-edenharder/","1","","0","Indexierbar",""
"https://www.delst.de/de/ihk-weiterbildung/technischer-betriebswirt-fernstudium/","1","","0","Indexierbar",""
"https://www.delst.de/de/news/kennen-sie-andrea-haertlein/","1","","0","Indexierbar",""
"https://www.delst.de/de/news/fernstudientag-2024/","1","","0","Indexierbar",""
"https://www.delst.de/de/news/wir-sind-top-anbieter-2023/","1","","0","Indexierbar",""
"https://www.delst.de/de/news/kennst-du-philipp-raithel/","1","","0","Indexierbar",""
"https://www.delst.de/de/news/kennst-du-stefan-hieronimus/","1","","0","Indexierbar",""
"https://www.delst.de/de/news/neue-oeffnungszeiten/","1","","0","Indexierbar",""
"https://www.delst.de/de/news/adventskalender/","1","","0","Indexierbar",""
"https://www.delst.de/de/news/neue-berufliche-weiterbildung-kommunikation-verbessern/","1","","0","Indexierbar",""
"https://www.delst.de/de/news/kennst-du-dr-lisa-marholt/","1","","0","Indexierbar",""
"https://www.delst.de/de/news/happy-new-year-2021/","1","","0","Indexierbar",""
"https://www.delst.de/de/news/auszeichnung-exzellenter-anbieter-2024/","1","","0","Indexierbar",""
"https://www.delst.de/de/news/tutorenvorstellung-carsten-kulka/","1","","0","Indexierbar",""
"https://www.delst.de/de/news/kennen-sie-aron-labonte/","1","","0","Indexierbar",""
"https://www.delst.de/de/ihk-weiterbildung/technischer-fachwirt-fernstudium/","1","","0","Indexierbar",""
"https://www.delst.de/de/news/kennst-du-julia-jorcke/","1","","0","Indexierbar",""
"https://www.delst.de/de/news/scrum-lehrgaenge-buchbar/","1","","0","Indexierbar",""
"https://www.delst.de/de/news/kennen-sie-ralf-schemmert/","1","","0","Indexierbar",""
"https://www.delst.de/de/news/kennst-du-tom-telschow/","1","","0","Indexierbar",""
"https://www.delst.de/de/news/bueroassistenz-jetzt-buchbar/","1","","0","Indexierbar",""
"https://www.delst.de/de/news/kennst-du-ela-naeffgen/","1","","0","Indexierbar",""
"https://www.delst.de/de/news/englische-ihk-abschluesse/","1","","0","Indexierbar",""
"https://www.delst.de/de/news/elearning-digitales-lernen-die-moderne-und-flexible-form-der-weiterbildung/","1","","0","Indexierbar",""
"https://www.delst.de/de/news/kennst-du-thomas-wiessner/","1","","0","Indexierbar",""
"https://www.delst.de/de/news/delst-besuchen-auf-der-messe-jobkarrieretage2022/","1","","0","Indexierbar",""
"https://www.delst.de/de/news/betrieblicher-gesundheitsmanager-jetzt-buchbar/","1","","0","Indexierbar",""
"https://www.delst.de/de/news/top-institut-2021-fernstudiumcheck/","1","","0","Indexierbar",""
"https://www.delst.de/de/news/kennst-du-benjamin-lindner/","1","","0","Indexierbar",""
"https://www.delst.de/de/news/wbt-modernes-lernen/","1","","0","Indexierbar",""
"https://www.delst.de/de/news/kennst-du-alexander-neumann/","1","","0","Indexierbar",""
"https://www.delst.de/de/news/kennst-du-ebru-nal/","1","","0","Indexierbar",""
"https://www.delst.de/de/news/wir-wuenschen-ihnen-ein-glueckliches-gesundes-und-erfolgreiches-neue-jahr/","1","","0","Indexierbar",""
"https://www.delst.de/de/news/kennst-du-marion-freddy-kraemer/","1","","0","Indexierbar",""
"https://www.delst.de/de/news/neuer-fernkurs-ernaehrung-im-natural-bodybuilding/","1","","0","Indexierbar",""
"https://www.delst.de/de/news/gepruefter-technischer-betriebswirt-jetzt-buchbar/","1","","0","Indexierbar",""
"https://www.delst.de/de/news/top-institut-2022-fernstudiumcheck/","1","","0","Indexierbar",""
"https://www.delst.de/de/news/kennst-du-sonja-theile-ochel/","1","","0","Indexierbar",""
"https://www.delst.de/de/news/kennst-du-rene-gregorczyk/","1","","0","Indexierbar",""
"https://www.delst.de/de/news/kennst-du-dieter-kaiser/","1","","0","Indexierbar",""
"https://www.delst.de/de/news/delst-bewerten-und-gewinnen/","1","","0","Indexierbar",""
"https://www.delst.de/de/news/neue-delst-website-online/","1","","0","Indexierbar",""
"https://www.delst.de/de/news/workout-fuer-den-arbeitsplatz/","1","","0","Indexierbar",""
"https://www.delst.de/de/news/kennst-du-schon-marina-schemmert/","1","","0","Indexierbar",""
"https://www.delst.de/de/news/studium-im-alter-ihre-chance-der-weiterbildung-ohne-abitur/","1","","0","Indexierbar",""
"https://www.delst.de/de/news/kennst-du-schon-laura-koch/","1","","0","Indexierbar",""
"https://www.delst.de/de/news/kennst-du-schon-andreas-gloeckl/","1","","0","Indexierbar",""
"https://www.delst.de/de/news/kaufmann-frau-im-e-commerce-jetzt-buchbar/","1","","0","Indexierbar",""
"https://www.delst.de/de/news/selbstaendig-als-mobiler-reitlehrer/","1","","0","Indexierbar",""
"https://www.delst.de/de/news/kennst-du-jennifer-safran/","1","","0","Indexierbar",""
"https://www.delst.de/de/lexikon/u/","1","","0","Nicht indexierbar","Canonicalised"
"https://www.delst.de/de/lexikon/abs-asset-back-securities/","1","","0","Indexierbar",""
"https://www.delst.de/de/lexikon/q/","1","","0","Nicht indexierbar","Canonicalised"
"https://www.delst.de/de/lexikon/abwicklungsvertrag/","1","","0","Indexierbar",""
"https://www.delst.de/de/lexikon/m/","1","","0","Nicht indexierbar","Canonicalised"
"https://www.delst.de/de/lexikon/abzahlungsdarlehen/","1","","0","Indexierbar",""
"https://www.delst.de/de/lexikon/i/","1","","0","Nicht indexierbar","Canonicalised"
"https://www.delst.de/de/lexikon/d/","1","","0","Nicht indexierbar","Canonicalised"
"https://www.delst.de/de/lexikon/abstraktionsprinzip/","1","","0","Indexierbar",""
"https://www.delst.de/de/lexikon/abschreibungen/","1","","0","Indexierbar",""
"https://www.delst.de/de/lexikon/abweichung-varianz/","1","","0","Indexierbar",""
"https://www.delst.de/de/lexikon/abc-analyse/","1","","0","Indexierbar",""
"https://www.delst.de/de/lexikon/absatzpotenzial/","1","","0","Indexierbar",""
"https://www.delst.de/de/lexikon/abmaß/","1","","0","Indexierbar",""
"https://www.delst.de/de/lexikon/absatzmittler/","1","","0","Indexierbar",""
"https://www.delst.de/de/lexikon/adrenalinausschuettung/","1","","0","Indexierbar",""
"https://www.delst.de/de/lexikon/abstraktes-modell/","1","","0","Indexierbar",""
"https://www.delst.de/de/lexikon/ablauforganisation/","1","","0","Indexierbar",""
"https://www.delst.de/de/lexikon/after-sales-service/","1","","0","Indexierbar",""
"https://www.delst.de/de/lexikon/affiliate-link/","1","","0","Indexierbar",""
"https://www.delst.de/de/lexikon/y/","1","","0","Nicht indexierbar","Canonicalised"
"https://www.delst.de/de/lexikon/aerogen/","1","","0","Indexierbar",""
"https://www.delst.de/de/lexikon/ad-extension/","1","","0","Indexierbar",""
"https://www.delst.de/de/lexikon/account/","1","","0","Indexierbar",""
"https://www.delst.de/de/lexikon/abszisse/","1","","0","Indexierbar",""
"https://www.delst.de/de/digitalisierung-unternehmen-digitale-arbeitswelt/sea-seo-manager-online-fernstudium/","1","","0","Indexierbar",""
"https://www.delst.de/de/lexikon/t/","1","","0","Nicht indexierbar","Canonicalised"
"https://www.delst.de/de/lexikon/absprungrate/","1","","0","Indexierbar",""
"https://www.delst.de/de/lexikon/p/","1","","0","Nicht indexierbar","Canonicalised"
"https://www.delst.de/de/lexikon/l/","1","","0","Nicht indexierbar","Canonicalised"
"https://www.delst.de/de/lexikon/above-the-line-massnahmen-atl/","1","","0","Indexierbar",""
"https://www.delst.de/de/lexikon/absatzvolumen/","1","","0","Indexierbar",""
"https://www.delst.de/de/lexikon/h/","1","","0","Nicht indexierbar","Canonicalised"
"https://www.delst.de/de/lexikon/advanced-planning-and-scheduling-aps/","1","","0","Indexierbar",""
"https://www.delst.de/de/lexikon/affinitätsschätzen/","1","","0","Indexierbar",""
"https://www.delst.de/de/lexikon/abgeaenderte-annahme/","1","","0","Indexierbar",""
"https://www.delst.de/de/lexikon/abstraktionsniveau/","1","","0","Indexierbar",""
"https://www.delst.de/de/lexikon/c/","1","","0","Nicht indexierbar","Canonicalised"
"https://www.delst.de/de/lexikon/adsense/","1","","0","Indexierbar",""
"https://www.delst.de/de/lexikon/affility-marketing/","1","","0","Indexierbar",""
"https://www.delst.de/de/lexikon/affiliate/","1","","0","Indexierbar",""
"https://www.delst.de/de/lexikon/absoluter-marktanteil/","1","","0","Indexierbar",""
"https://www.delst.de/de/lexikon/x/","1","","0","Nicht indexierbar","Canonicalised"
"https://www.delst.de/de/lexikon/adcell/","1","","0","Indexierbar",""
"https://www.delst.de/de/lexikon/a-b-test/","1","","0","Indexierbar",""
"https://www.delst.de/de/lexikon/affektiv/","1","","0","Indexierbar",""
"https://www.delst.de/de/lexikon/administrativ/","1","","0","Indexierbar",""
"https://www.delst.de/de/lexikon/s/","1","","0","Nicht indexierbar","Canonicalised"
"https://www.delst.de/de/lexikon/absatzhelfer/","1","","0","Indexierbar",""
"https://www.delst.de/de/lexikon/o/","1","","0","Nicht indexierbar","Canonicalised"
"https://www.delst.de/de/lexikon/k/","1","","0","Nicht indexierbar","Canonicalised"
"https://www.delst.de/de/lexikon/affinität/","1","","0","Indexierbar",""
"https://www.delst.de/de/lexikon/g/","1","","0","Nicht indexierbar","Canonicalised"
"https://www.delst.de/de/lexikon/f/","1","","0","Nicht indexierbar","Canonicalised"
"https://www.delst.de/de/lexikon/abgaben/","1","","0","Indexierbar",""
"https://www.delst.de/de/lexikon/advanced-persistent-threats/","1","","0","Indexierbar",""
"https://www.delst.de/de/lexikon/affinity/","1","","0","Indexierbar",""
"https://www.delst.de/de/lexikon/absolutheitsprinzip/","1","","0","Indexierbar",""
"https://www.delst.de/de/lexikon/abgabeordnung-ao/","1","","0","Indexierbar",""
"https://www.delst.de/de/lexikon/b/","1","","0","Nicht indexierbar","Canonicalised"
"https://www.delst.de/de/lexikon/ablauf-einer-gewerbeanmeldung/","1","","0","Indexierbar",""
"https://www.delst.de/de/lexikon/w/","1","","0","Nicht indexierbar","Canonicalised"
"https://www.delst.de/de/lexikon/v/","1","","0","Nicht indexierbar","Canonicalised"
"https://www.delst.de/de/lexikon/absatzkanaele/","1","","0","Indexierbar",""
"https://www.delst.de/de/lexikon/adware/","1","","0","Indexierbar",""
"https://www.delst.de/de/lexikon/r/","1","","0","Nicht indexierbar","Canonicalised"
"https://www.delst.de/de/lexikon/n/","1","","0","Nicht indexierbar","Canonicalised"
"https://www.delst.de/de/lexikon/aeuv/","1","","0","Indexierbar",""
"https://www.delst.de/de/lexikon/adaption/","1","","0","Indexierbar",""
"https://www.delst.de/de/lexikon/j/","1","","0","Nicht indexierbar","Canonicalised"
"https://www.delst.de/de/lexikon/e/","1","","0","Nicht indexierbar","Canonicalised"
"https://www.delst.de/de/lexikon/active-sourcing/","1","","0","Indexierbar",""
"https://www.delst.de/de/lexikon/a/","1","","0","Nicht indexierbar","Canonicalised"
"https://www.delst.de/de/lexikon/abschreibungsmethoden/","1","","0","Indexierbar",""
"https://www.delst.de/de/lexikon/z/","1","","0","Nicht indexierbar","Canonicalised"
"https://www.delst.de/de/lexikon/absatzwerbung/","1","","0","Indexierbar",""
"https://www.delst.de/de/news/tierheilpraktikerin-wird-futtermittelberaterin/","1","","0","Indexierbar",""
"https://www.delst.de/de/news/e-learning-projektmanager-buchbar/","1","","0","Indexierbar",""
"https://www.delst.de/de/news/kennst-du-antje-lehmann-benz/","1","","0","Indexierbar",""
"https://www.delst.de/de/news/kennst-du-alexander-toigo/","1","","0","Indexierbar",""
"https://www.delst.de/de/news/fernstudium-vs-praesenzstudium-welche-form-bevorzugen-arbeitgeber/","1","","0","Indexierbar",""
"https://www.delst.de/de/news/traumjob-betriebswirt/","1","","0","Indexierbar",""
"https://www.delst.de/de/news/erfolgsgeschichten-das-delst-sucht-eure-story/","1","","0","Indexierbar",""
"https://www.delst.de/de/news/e-commerce-manager-jetzt-buchbar/","1","","0","Indexierbar",""
"https://www.delst.de/de/news/kennst-du-sandra-leist/","1","","0","Indexierbar",""
"https://www.delst.de/de/news/ausbildung-der-ausbilder-anpassung-an-die-moderne-arbeitswelt/","1","","0","Indexierbar",""
"https://www.delst.de/de/news/fernstudientag-2023/","1","","0","Indexierbar",""
"https://www.delst.de/de/news/leidenschaft-fuer-pferde/","1","","0","Indexierbar",""
