"Adresse","Inhaltstyp","Status-Code","Status","HTTP-Version","Indexierbarkeit","Indexierbarkeitsstatus","Canonical-Linkelement 1","Meta Robots 1","X-Robots-Tag 1"
"https://www.delst.de/de/","text/html; charset=utf-8","200","OK","1.1","Indexierbar","","https://www.delst.de/de/","index,follow",""
"https://www.delst.de/assets/jquery-ui/js/jquery-ui.min.js?v=1.13.2","application/javascript","200","OK","1.1","Indexierbar","","","",""
"https://www.delst.de/files/theme/cc/certification/pxa_bf_pos_small.png","image/png","200","OK","1.1","Indexierbar","","","",""
"https://www.delst.de/files/theme/js/menu.js?v=ab3a30ff","application/javascript","200","OK","1.1","Indexierbar","","","",""
"https://www.delst.de/files/shariff-3.2.1/shariff.min.js","application/javascript","200","OK","1.1","Indexierbar","","","",""
"https://www.delst.de/de/stellenangebote/","text/html; charset=utf-8","200","OK","1.1","Indexierbar","","https://www.delst.de/de/stellenangebote/","index,follow",""
"https://www.delst.de/files/theme/js/custom.js?v=ab3a30ff","application/javascript","200","OK","1.1","Indexierbar","","","",""
"https://www.delst.de/files/theme/js/debug.js?v=ab3a30ff","application/javascript","200","OK","1.1","Indexierbar","","","",""
"https://www.delst.de/files/theme/js/viewport.js?v=ab3a30ff","application/javascript","200","OK","1.1","Indexierbar","","","",""
"https://www.delst.de/de/fernstudium-gesundheitsmanagement/","text/html; charset=utf-8","200","OK","1.1","Indexierbar","","https://www.delst.de/de/fernstudium-gesundheitsmanagement/","",""
"https://www.delst.de/files/theme/cc/certification/logo-academyofsports-400.webp","image/webp","200","OK","1.1","Indexierbar","","","",""
"https://www.delst.de/de/news/neu-pruefungstraining-wirtschaftsbezogene-qualifikationen-ihk/","text/html; charset=utf-8","200","OK","1.1","Indexierbar","","","index,follow",""
"https://www.delst.de/de/studieninfos/","text/html; charset=utf-8","200","OK","1.1","Indexierbar","","https://www.delst.de/de/studieninfos/","index,follow",""
"https://www.delst.de/assets/images/2/top-fernschule-2023-delst-0f956adb.webp","image/webp","200","OK","1.1","Indexierbar","","","",""
"https://www.delst.de/de/kalender-bildungsberatung/","text/html; charset=utf-8","200","OK","1.1","Indexierbar","","https://www.delst.de/de/kalender-bildungsberatung/","index,follow",""
"https://www.delst.de/files/theme/js/default.js?v=6d00c5b4","application/javascript","200","OK","1.1","Indexierbar","","","",""
"https://www.delst.de/files/contents/logos/logo_delst_rgb.svg","image/svg+xml","200","OK","1.1","Indexierbar","","","",""
"https://www.delst.de/files/theme/js/slider.js?v=7df17f07","application/javascript","200","OK","1.1","Indexierbar","","","",""
"https://www.delst.de/files/theme/js/scrolling.js?v=ab3a30ff","application/javascript","200","OK","1.1","Indexierbar","","","",""
"https://www.delst.de/de/ueber-uns/","text/html; charset=utf-8","200","OK","1.1","Indexierbar","","https://www.delst.de/de/ueber-uns/","index,follow",""
"https://www.delst.de/","text/html; charset=UTF-8","302","Found","1.1","Nicht indexierbar","Umgeleitet","","",""
"https://www.delst.de/files/zertifizierungen/awards/fsd-siegel-2024.png","image/png","200","OK","1.1","Indexierbar","","","",""
"https://www.delst.de/files/theme/assets/velocity.min.js?v=ab3a30ff","application/javascript","200","OK","1.1","Indexierbar","","","",""
"https://www.delst.de/de/foerdermoeglichkeiten/","text/html; charset=utf-8","200","OK","1.1","Indexierbar","","https://www.delst.de/de/foerdermoeglichkeiten/","index,follow",""
"https://www.delst.de/de/lehrgaenge-reiten/","text/html; charset=utf-8","200","OK","1.1","Indexierbar","","https://www.delst.de/de/lehrgaenge-reiten/","",""
"https://www.delst.de/de/ihk-weiterbildung/industriefachwirt-ihk-fernstudium/","text/html; charset=utf-8","200","OK","1.1","Indexierbar","","https://www.delst.de/de/ihk-weiterbildung/industriefachwirt-ihk-fernstudium/","index,follow",""
"https://www.delst.de/files/theme/js/attributes.js?v=ab3a30ff","application/javascript","200","OK","1.1","Indexierbar","","","",""
"https://www.delst.de/de/weiterbildung-arbeitsamt/","text/html; charset=utf-8","200","OK","1.1","Indexierbar","","https://www.delst.de/de/weiterbildung-arbeitsamt/","",""
"https://www.delst.de/files/theme/assets/jquery.matchHeight-min.js?v=ab3a30ff","application/javascript","200","OK","1.1","Indexierbar","","","",""
"https://www.delst.de/files/theme/css/customize.min.css?v=35a53b48","text/css","200","OK","1.1","Indexierbar","","","",""
"https://www.delst.de/files/theme/cc/certification/DIHK-Bildungs-gGmbH-Logo.jpg","image/jpeg","200","OK","1.1","Indexierbar","","","",""
"https://www.delst.de/de/rabattaktionen/think-outside-the-box/","text/html; charset=utf-8","200","OK","1.1","Nicht indexierbar","noindex","","noindex,nofollow",""
"https://www.delst.de/files/theme/css/helper.min.css?v=4614f3c6","text/css","200","OK","1.1","Indexierbar","","","",""
"https://www.delst.de/de/rechnungswesen-online/","text/html; charset=utf-8","200","OK","1.1","Indexierbar","","https://www.delst.de/de/rechnungswesen-online/","",""
"https://www.delst.de/files/theme/js/stickyHeader.js?v=ab3a30ff","application/javascript","200","OK","1.1","Indexierbar","","","",""
"https://www.delst.de/files/theme/assets/modernizr.js?v=ab3a30ff","application/javascript","200","OK","1.1","Indexierbar","","","",""
"https://www.delst.de/de/affiliate-partnerprogramm/","text/html; charset=utf-8","200","OK","1.1","Indexierbar","","https://www.delst.de/de/affiliate-partnerprogramm/","index,follow",""
"https://www.delst.de/de/news/e-sports-manager-ihk-neuer-fernlehrgang/","text/html; charset=utf-8","200","OK","1.1","Indexierbar","","","index,follow",""
"https://www.delst.de/files/theme/assets/jquery.easytabs.min.js?v=ab3a30ff","application/javascript","200","OK","1.1","Indexierbar","","","",""
"https://www.delst.de/files/teaser/DeLSt/kontaktbanner.webp","image/webp","200","OK","1.1","Indexierbar","","","",""
"https://www.delst.de/files/theme/assets/owlCarousel/owl.carousel.min.js?v=ab3a30ff","application/javascript","200","OK","1.1","Indexierbar","","","",""
"https://www.delst.de/files/theme/assets/jquery.easing.1.3.js?v=ab3a30ff","application/javascript","200","OK","1.1","Indexierbar","","","",""
"https://www.delst.de/files/zertifizierungen/zfu-siegel-zugelassen-grau-startseite-Wiederhergestellt.png","image/png","200","OK","1.1","Indexierbar","","","",""
"https://www.delst.de/de/kalender-videoberatung/","text/html; charset=utf-8","200","OK","1.1","Indexierbar","","https://www.delst.de/de/kalender-videoberatung/","index,follow",""
"https://www.delst.de/files/theme/js/delst_jentis.js","application/javascript","200","OK","1.1","Indexierbar","","","",""
"https://www.delst.de/assets/images/c/fsd-siegel-2024-f2de0e60.png","image/png","200","OK","1.1","Indexierbar","","","",""
"https://www.delst.de/de/master-professional/","text/html; charset=utf-8","200","OK","1.1","Indexierbar","","https://www.delst.de/de/master-professional/","index,follow",""
"https://www.delst.de/de/newsbeitraege/","text/html; charset=utf-8","200","OK","1.1","Indexierbar","","https://www.delst.de/de/newsbeitraege/","index,follow",""
"https://www.delst.de/de/lexikon/","text/html; charset=utf-8","200","OK","1.1","Nicht indexierbar","Canonicalised","https://www.delst.de/de/lexikon/a-b-test/","index,follow",""
"https://www.delst.de/de/magazinbeitraege/","text/html; charset=utf-8","200","OK","1.1","Indexierbar","","https://www.delst.de/de/magazinbeitraege/","index,follow",""
"https://www.delst.de/de/deutsches-elearning-studieninstitut/","text/html; charset=utf-8","200","OK","1.1","Indexierbar","","https://www.delst.de/de/deutsches-elearning-studieninstitut/","index,follow",""
"https://www.delst.de/de/faq/","text/html; charset=utf-8","200","OK","1.1","Indexierbar","","https://www.delst.de/de/faq/","index,follow",""
"https://www.delst.de/files/theme/assets/jquery.browser.min.js?v=ab3a30ff","application/javascript","200","OK","1.1","Indexierbar","","","",""
"https://www.delst.de/de/wirtschaftsfachwirt/","text/html; charset=utf-8","200","OK","1.1","Indexierbar","","https://www.delst.de/de/wirtschaftsfachwirt/","index,follow",""
"https://www.delst.de/files/theme/css/farben.min.css?v=98fc4a00","text/css","200","OK","1.1","Indexierbar","","","",""
"https://www.delst.de/files/shariff-3.2.1/shariffcomplete.min.css?v=7978e33f","text/css","200","OK","1.1","Indexierbar","","","",""
"https://www.delst.de/de/digitalisierung-unternehmen-digitale-arbeitswelt/","text/html; charset=utf-8","200","OK","1.1","Indexierbar","","https://www.delst.de/de/digitalisierung-unternehmen-digitale-arbeitswelt/","",""
"https://www.delst.de/de/bildungscoach/","text/html; charset=utf-8","200","OK","1.1","Indexierbar","","https://www.delst.de/de/bildungscoach/","index,follow",""
"https://www.delst.de/files/theme/cc/certification/dekra.png","image/png","200","OK","1.1","Indexierbar","","","",""
"https://www.delst.de/files/theme/cc/certification/delst-top-anbieter-fortbildung24-breit.jpg","image/jpeg","200","OK","1.1","Indexierbar","","","",""
"https://www.delst.de/de/online-campus/","text/html; charset=utf-8","200","OK","1.1","Indexierbar","","https://www.delst.de/de/online-campus/","index,follow",""
"https://www.delst.de/files/theme/css/fonts.css","text/css","200","OK","1.1","Indexierbar","","","",""
"https://www.delst.de/files/theme/css/styles.min.css?v=99d14736","text/css","200","OK","1.1","Indexierbar","","","",""
"https://www.delst.de/de/fernstudium-hochschule/","text/html; charset=utf-8","200","OK","1.1","Indexierbar","","https://www.delst.de/de/fernstudium-hochschule/","",""
"https://www.delst.de/de/weiterbildung-personalentwicklung-management/","text/html; charset=utf-8","200","OK","1.1","Indexierbar","","https://www.delst.de/de/weiterbildung-personalentwicklung-management/","",""
"https://www.delst.de/files/theme/js/delst-custom.min.js?v=6a3167c9","application/javascript","200","OK","1.1","Indexierbar","","","",""
"https://www.delst.de/files/zertifizierungen/kursfinder-top-anbieter-2023.svg","image/svg+xml","200","OK","1.1","Indexierbar","","","",""
"https://www.delst.de/files/theme/img/delst_qr_code_logo.png","image/png","200","OK","1.1","Indexierbar","","","",""
"https://www.delst.de/assets/swipe/js/swipe.min.js","application/javascript","200","OK","1.1","Indexierbar","","","",""
"https://www.delst.de/files/icons/WhatsApp_Logo_1.png","image/png","200","OK","1.1","Indexierbar","","","",""
"https://www.delst.de/files/theme/css/ls_framework.min.css?v=5dec99fe","text/css","200","OK","1.1","Indexierbar","","","",""
"https://www.delst.de/assets/swipe/css/swipe.min.css?v=aeba4828","text/css","200","OK","1.1","Indexierbar","","","",""
"https://www.delst.de/de/datenschutzrichtlinien/","text/html; charset=utf-8","200","OK","1.1","Indexierbar","","https://www.delst.de/de/datenschutzrichtlinien/","index,follow",""
"https://www.delst.de/de/marketing-vertrieb-fernstudium/","text/html; charset=utf-8","200","OK","1.1","Indexierbar","","https://www.delst.de/de/marketing-vertrieb-fernstudium/","",""
"https://www.delst.de/de/handelsfachwirt/","text/html; charset=utf-8","200","OK","1.1","Indexierbar","","https://www.delst.de/de/handelsfachwirt/","index,follow",""
"https://www.delst.de/de/ihk-weiterbildung/","text/html; charset=utf-8","200","OK","1.1","Indexierbar","","https://www.delst.de/de/ihk-weiterbildung/","",""
"https://www.delst.de/assets/jquery/js/jquery.min.js?v=aeba4828","application/javascript","200","OK","1.1","Indexierbar","","","",""
"https://www.delst.de/de/delst-leitsaetze/","text/html; charset=utf-8","200","OK","1.1","Indexierbar","","https://www.delst.de/de/delst-leitsaetze/","index,follow",""
"https://www.delst.de/files/contents/logos/partner/logo-ehip-cmyk-ou.webp","image/webp","200","OK","1.1","Indexierbar","","","",""
"https://www.delst.de/de/news/kennst-du-sven-arnusch/","text/html; charset=utf-8","200","OK","1.1","Indexierbar","","https://www.delst.de/de/news/kennst-du-sven-arnusch/","index,follow",""
"https://www.delst.de/files/theme/js/readmore.js?v=ab3a30ff","application/javascript","200","OK","1.1","Indexierbar","","","",""
"https://www.delst.de/files/theme/css/bootstrap.min.css?v=209f3f2d","text/css","200","OK","1.1","Indexierbar","","","",""
"https://www.delst.de/de/ihk-weiterbildung/wirtschaftsfachwirt-fernstudium/","text/html; charset=utf-8","200","OK","1.1","Indexierbar","","https://www.delst.de/de/ihk-weiterbildung/wirtschaftsfachwirt-fernstudium/","index,follow",""
"https://www.delst.de/de/weiterbildung-fuer-mitarbeiter-b2b/","text/html; charset=utf-8","200","OK","1.1","Indexierbar","","https://www.delst.de/de/weiterbildung-fuer-mitarbeiter-b2b/","index,follow",""
"https://www.delst.de/de/ausbildung-der-ausbilder-ada/","text/html; charset=utf-8","200","OK","1.1","Indexierbar","","https://www.delst.de/de/ausbildung-der-ausbilder-ada/","index,follow",""
"https://www.delst.de/files/zertifizierungen/top-fernschule-2023-delst.png","image/png","200","OK","1.1","Indexierbar","","","",""
"https://www.delst.de/de/coaching-ausbildung/","text/html; charset=utf-8","200","OK","1.1","Indexierbar","","https://www.delst.de/de/coaching-ausbildung/","",""
"https://www.delst.de/de/wirtschaft-weiterbildung/","text/html; charset=utf-8","200","OK","1.1","Indexierbar","","https://www.delst.de/de/wirtschaft-weiterbildung/","",""
"https://www.delst.de/files/theme/js/tabs.js?v=ab3a30ff","application/javascript","200","OK","1.1","Indexierbar","","","",""
"https://www.delst.de/de/agb/","text/html; charset=utf-8","200","OK","1.1","Indexierbar","","https://www.delst.de/de/agb/","index,follow",""
"https://www.delst.de/de/kontakt/","text/html; charset=utf-8","200","OK","1.1","Indexierbar","","https://www.delst.de/de/kontakt/","index,follow",""
"https://www.delst.de/de/impressum/","text/html; charset=utf-8","200","OK","1.1","Indexierbar","","https://www.delst.de/de/impressum/","index,follow",""
"https://www.delst.de/files/zertifizierungen/kununu-arbeitgeber-bewertung-de-open-company-delst.jpg","image/jpeg","200","OK","1.1","Indexierbar","","","",""
"https://www.delst.de/de/ihk-weiterbildung/gepruefter-betriebswirt-ihk-fernstudium/","text/html; charset=utf-8","200","OK","1.1","Indexierbar","","https://www.delst.de/de/ihk-weiterbildung/gepruefter-betriebswirt-ihk-fernstudium/","index,follow",""
"https://www.delst.de/de/ihk-weiterbildung/handelsfachwirt-fernstudium/","text/html; charset=utf-8","200","OK","1.1","Indexierbar","","https://www.delst.de/de/ihk-weiterbildung/handelsfachwirt-fernstudium/","index,follow",""
"https://www.delst.de/de/e-learning-weiterbildung/","text/html; charset=utf-8","200","OK","1.1","Indexierbar","","https://www.delst.de/de/e-learning-weiterbildung/","",""
"https://www.delst.de/system/modules/ls_lsjs4c/pub/lsjs/core/appBinder/binder.php?output=js&pathToApp=_dup7_/files/theme/js/lsjs/app&includeCore=no&includeCoreModules=no","application/javascript","200","OK","1.1","Indexierbar","","","",""
"https://www.delst.de/files/zertifizierungen/awards/kununu-arbeitgeber-bewertung-de_top_company-delst.jpg","image/jpeg","200","OK","1.1","Indexierbar","","","",""
"https://www.delst.de/de/stellenangebote/mitarbeiter-massnahmenzertifizierungen-azav/","text/html; charset=utf-8","200","OK","1.1","Indexierbar","","https://www.delst.de/de/stellenangebote/mitarbeiter-massnahmenzertifizierungen-azav/","index,follow",""
"https://www.delst.de/system/modules/ls_lsjs4c/pub/lsjs/core/appBinder/binder.php?output=css&includeAppModules=no&includeApp=no&includeMasterStyleFiles=no","text/css;charset=UTF-8","200","OK","1.1","Indexierbar","","","",""
"https://www.delst.de/assets/css/ls_framework.min.css,styles.min.css,customize.min.css,shariffcom...-9d6ecd38.css","text/css","200","OK","1.1","Indexierbar","","","",""
"https://www.delst.de/system/modules/ls_lsjs4c/pub/lsjs/core/appBinder/binder.php?output=js&includeAppModules=no&includeApp=no","application/javascript","200","OK","1.1","Indexierbar","","","",""
"https://www.delst.de/de/stellenangebote/beauftrager-fuer-azav-traeger-und-massnahmenzulassung/","text/html; charset=utf-8","200","OK","1.1","Indexierbar","","https://www.delst.de/de/stellenangebote/beauftrager-fuer-azav-traeger-und-massnahmenzulassung/","index,follow",""
"https://www.delst.de/de/stellenangebote/prozessmanager/","text/html; charset=utf-8","200","OK","1.1","Indexierbar","","https://www.delst.de/de/stellenangebote/prozessmanager/","index,follow",""
"https://www.delst.de/system/modules/ls_lsjs4c/pub/lsjs/core/appBinder/binder.php?output=css&pathToApp=_dup7_/files/theme/js/lsjs/app&includeCore=no&includeCoreModules=no","text/css;charset=UTF-8","200","OK","1.1","Indexierbar","","","",""
"https://www.delst.de/de/stellenangebote/markenbotschafter-social-media/","text/html; charset=utf-8","200","OK","1.1","Indexierbar","","https://www.delst.de/de/stellenangebote/markenbotschafter-social-media/","index,follow",""
"https://www.delst.de/assets/js/jquery.min.js,mootools.min.js,jquery.browser.min.js,jquery.easin...-c0bcac34.js","application/javascript","200","OK","1.1","Indexierbar","","","",""
"https://www.delst.de/de/stellenangebote/bildungsmanager-bildungsbereich-kaufmaennische-berufe-ihk-lehrgaenge/","text/html; charset=utf-8","200","OK","1.1","Indexierbar","","https://www.delst.de/de/stellenangebote/bildungsmanager-bildungsbereich-kaufmaennische-berufe-ihk-lehrgaenge/","index,follow",""
"https://www.delst.de/files/contents/news/jobs-stellenangebote-stuttgart-delst.jpg","image/jpeg","200","OK","1.1","Indexierbar","","","",""
"https://www.delst.de/de/stellenangebote/studienberater-mit-schwerpunkt-vertrieb-b2c/","text/html; charset=utf-8","200","OK","1.1","Indexierbar","","https://www.delst.de/de/stellenangebote/studienberater-mit-schwerpunkt-vertrieb-b2c/","index,follow",""
"https://www.delst.de/de/stellenangebote/bildungsmanager-bildungsbereich-wirtschaft-management/","text/html; charset=utf-8","200","OK","1.1","Indexierbar","","https://www.delst.de/de/stellenangebote/bildungsmanager-bildungsbereich-wirtschaft-management/","index,follow",""
"https://www.delst.de/de/stellenangebote/initiativbewerbung/","text/html; charset=utf-8","200","OK","1.1","Indexierbar","","https://www.delst.de/de/stellenangebote/initiativbewerbung/","index,follow",""
"https://www.delst.de/de/fernstudium-gesundheitsmanagement/ausdauertrainer-ausbildung/","text/html; charset=utf-8","200","OK","1.1","Indexierbar","","https://www.delst.de/de/fernstudium-gesundheitsmanagement/ausdauertrainer-ausbildung/","index,follow",""
"https://www.delst.de/de/fernstudium-gesundheitsmanagement/qualitaetsmanagement-gesundheitswesen-weiterbildung/","text/html; charset=utf-8","200","OK","1.1","Indexierbar","","https://www.delst.de/de/fernstudium-gesundheitsmanagement/qualitaetsmanagement-gesundheitswesen-weiterbildung/","index,follow",""
"https://www.delst.de/files/keyvisual/bildungsbereiche/Fitness-%20und%20Gesundheitsmanagement/fernstudium-fitness-gesundheitsmanagement-delst.webp","image/webp","200","OK","1.1","Indexierbar","","","",""
"https://www.delst.de/de/fernstudium-gesundheitsmanagement/spa-ausbildung/","text/html; charset=utf-8","200","OK","1.1","Indexierbar","","https://www.delst.de/de/fernstudium-gesundheitsmanagement/spa-ausbildung/","index,follow",""
"https://www.delst.de/assets/js/jquery.min.js,jquery.browser.min.js,jquery.easing.1.3.js,moderni...-1d9da266.js","application/javascript","200","OK","1.1","Indexierbar","","","",""
"https://www.delst.de/de/fernstudium-gesundheitsmanagement/fernstudium-ernahrungsberater/","text/html; charset=utf-8","200","OK","1.1","Indexierbar","","https://www.delst.de/de/fernstudium-gesundheitsmanagement/fernstudium-ernahrungsberater/","index,follow",""
"https://www.delst.de/assets/images/4/pruefungstraining-wq-keyvisual-cfdc8094.webp","image/webp","200","OK","1.1","Indexierbar","","","",""
"https://www.delst.de/assets/images/5/studienkonzept-delst-de5ef93f.png","image/png","200","OK","1.1","Indexierbar","","","",""
"https://www.delst.de/de/fernstudium-gesundheitsmanagement/fitnesstrainer-ausbildung/","text/html; charset=utf-8","200","OK","1.1","Indexierbar","","https://www.delst.de/de/fernstudium-gesundheitsmanagement/fitnesstrainer-ausbildung/","index,follow",""
"https://www.delst.de/assets/images/5/lehrmethoden-lernmethoden-fernstudium-delst-40c8da4b.png","image/png","200","OK","1.1","Indexierbar","","","",""
"https://www.delst.de/files/teaser/DeLSt/online-campus.jpg","image/jpeg","200","OK","1.1","Indexierbar","","","",""
"https://www.delst.de/assets/images/b/foerdermoeglichkeiten-fernstudium-delst-930ceed9.jpg","image/jpeg","200","OK","1.1","Indexierbar","","","",""
"https://www.delst.de/de/fernstudium-gesundheitsmanagement/betrieblicher-gesundheitsmanager-fernstudium/","text/html; charset=utf-8","200","OK","1.1","Indexierbar","","https://www.delst.de/de/fernstudium-gesundheitsmanagement/betrieblicher-gesundheitsmanager-fernstudium/","index,follow",""
"https://www.delst.de/de/studienkonzept/","text/html; charset=utf-8","200","OK","1.1","Indexierbar","","https://www.delst.de/de/studienkonzept/","index,follow",""
"https://www.delst.de/assets/images/4/studienverlauf-ablauf-fernstudium-delst-90a7f454.png","image/png","200","OK","1.1","Indexierbar","","","",""
"https://www.delst.de/assets/images/5/qualitaetssicherung-fernstudium-delst-d686adf6.png","image/png","200","OK","1.1","Indexierbar","","","",""
"https://www.delst.de/de/lernmethoden/","text/html; charset=utf-8","200","OK","1.1","Indexierbar","","https://www.delst.de/de/lernmethoden/","index,follow",""
"https://www.delst.de/de/studienverlauf/","text/html; charset=utf-8","200","OK","1.1","Indexierbar","","https://www.delst.de/de/studienverlauf/","index,follow",""
"https://www.delst.de/de/qualitaetssicherung/","text/html; charset=utf-8","200","OK","1.1","Indexierbar","","https://www.delst.de/de/qualitaetssicherung/","index,follow",""
"https://www.delst.de/de/ihk-weiterbildung/wirtschaftsbezogene-qualifikationen-pruefungsvorbereitung/","text/html; charset=utf-8","200","OK","1.1","Indexierbar","","https://www.delst.de/de/ihk-weiterbildung/wirtschaftsbezogene-qualifikationen-pruefungsvorbereitung/","index,follow",""
"https://www.delst.de/assets/images/f/studienbetreuung-kontakt-81b1b1d6.jpg","image/jpeg","200","OK","1.1","Indexierbar","","","",""
"https://www.delst.de/de/selbstlernphase/","text/html; charset=utf-8","200","OK","1.1","Indexierbar","","https://www.delst.de/de/selbstlernphase/","index,follow",""
"https://www.delst.de/de/lehrvideos/","text/html; charset=utf-8","200","OK","1.1","Indexierbar","","https://www.delst.de/de/lehrvideos/","index,follow",""
"https://www.delst.de/assets/css/ls_framework.min.css,styles.min.css,customize.min.css,shariffcom...-0673cbd4.css","text/css","200","OK","1.1","Indexierbar","","","",""
"https://www.delst.de/de/webinare/","text/html; charset=utf-8","200","OK","1.1","Indexierbar","","https://www.delst.de/de/webinare/","index,follow",""
"https://www.delst.de/de/bildungspartner/","text/html; charset=utf-8","200","OK","1.1","Indexierbar","","https://www.delst.de/de/bildungspartner/","index,follow",""
"https://www.delst.de/de/web-based-training/","text/html; charset=utf-8","200","OK","1.1","Indexierbar","","https://www.delst.de/de/web-based-training/","index,follow",""
"https://www.delst.de/de/delst-abschluesse/","text/html; charset=utf-8","200","OK","1.1","Indexierbar","","https://www.delst.de/de/delst-abschluesse/","index,follow",""
"https://www.delst.de/de/kindergeld/","text/html; charset=utf-8","200","OK","1.1","Indexierbar","","https://www.delst.de/de/kindergeld/","index,follow",""
"https://www.delst.de/de/delst-foerderung/","text/html; charset=utf-8","200","OK","1.1","Indexierbar","","https://www.delst.de/de/delst-foerderung/","index,follow",""
"https://www.delst.de/de/steuern-sparen/","text/html; charset=utf-8","200","OK","1.1","Indexierbar","","https://www.delst.de/de/steuern-sparen/","index,follow",""
"https://www.delst.de/de/studieninfos/foerdermoeglichkeiten/qualifizierungschancengesetz/","text/html; charset=utf-8","200","OK","1.1","Indexierbar","","https://www.delst.de/de/studieninfos/foerdermoeglichkeiten/qualifizierungschancengesetz/","index,follow",""
"https://www.delst.de/de/kurzarbeit/","text/html; charset=utf-8","200","OK","1.1","Indexierbar","","https://www.delst.de/de/kurzarbeit/","index,follow",""
"https://www.delst.de/de/aufstiegs-bafoeg/","text/html; charset=utf-8","200","OK","1.1","Indexierbar","","https://www.delst.de/de/aufstiegs-bafoeg/","index,follow",""
"https://www.delst.de/de/weitere-foerderprogramme/","text/html; charset=utf-8","200","OK","1.1","Indexierbar","","https://www.delst.de/de/weitere-foerderprogramme/","index,follow",""
"https://www.delst.de/files/keyvisual/bildungsbereiche/Reiten/reitsport-weiterbildungen-delst.webp","image/webp","200","OK","1.1","Indexierbar","","","",""
"https://www.delst.de/de/bildungsgutschein/","text/html; charset=utf-8","200","OK","1.1","Indexierbar","","https://www.delst.de/de/bildungsgutschein/","index,follow",""
"https://www.delst.de/assets/images/f/reiten-ausbildung-delst-8674280f.jpg","image/jpeg","200","OK","1.1","Indexierbar","","","",""
"https://www.delst.de/assets/images/c/ausbildung-reiten-delst-de8b6059.jpg","image/jpeg","200","OK","1.1","Indexierbar","","","",""
"https://www.delst.de/de/zuschuss-der-bundeslaender/","text/html; charset=utf-8","200","OK","1.1","Indexierbar","","https://www.delst.de/de/zuschuss-der-bundeslaender/","index,follow",""
"https://www.delst.de/de/lehrgaenge-reiten/trainer-c-reiten-trainerschein/","text/html; charset=UTF-8","301","Moved Permanently","1.1","Nicht indexierbar","Umgeleitet","","",""
"https://www.delst.de/assets/images/b/lehrgang-reiten-delst-01765de8.jpg","image/jpeg","200","OK","1.1","Indexierbar","","","",""
"https://www.delst.de/assets/images/a/reiten-lehrgang-delst-7d5baf83.jpg","image/jpeg","200","OK","1.1","Indexierbar","","","",""
"https://www.delst.de/assets/images/3/fernstudium-kostenfreier-ada-schein-aevo-delst-cc2964a4.svg","image/svg+xml","200","OK","1.1","Indexierbar","","","",""
"https://www.delst.de/de/lehrgaenge-reiten/futtermittelberater-ausbildung-richtige-pferdefuetterung/","text/html; charset=utf-8","200","OK","1.1","Indexierbar","","https://www.delst.de/de/lehrgaenge-reiten/futtermittelberater-ausbildung-richtige-pferdefuetterung/","index,follow",""
"https://www.delst.de/de/lehrgaenge-reiten/reitlehrerin-ausbildung/","text/html; charset=utf-8","200","OK","1.1","Indexierbar","","https://www.delst.de/de/lehrgaenge-reiten/reitlehrerin-ausbildung/","index,follow",""
"https://www.delst.de/assets/images/c/azav-logo-foerdermoeglichkeiten-produktseiten-delst-62139e40.webp","image/webp","200","OK","1.1","Indexierbar","","","",""
"https://www.delst.de/de/lehrgaenge-reiten/reiten-c-lizenz/","text/html; charset=utf-8","200","OK","1.1","Indexierbar","","https://www.delst.de/de/lehrgaenge-reiten/reiten-c-lizenz/","index,follow",""
"https://www.delst.de/files/theme/cc/certification/ihk-siegel.svg","image/svg+xml","200","OK","1.1","Indexierbar","","","",""
"https://www.delst.de/assets/images/3/fernstudium-abschluss-delst-36260341.svg","image/svg+xml","200","OK","1.1","Indexierbar","","","",""
"https://www.delst.de/files/team/tutoren/carsten-kulka-tutor-delst.jpg","image/jpeg","200","OK","1.1","Indexierbar","","","",""
"https://www.delst.de/de/ihk-weiterbildung/master-professional-betriebswirt/","text/html; charset=utf-8","200","OK","1.1","Indexierbar","","https://www.delst.de/de/ihk-weiterbildung/master-professional-betriebswirt/","index,follow",""
"https://www.delst.de/assets/images/7/yt-thumbnail-industriefachwirt-d658ad42.png","image/png","200","OK","1.1","Indexierbar","","","",""
"https://www.delst.de/de/studieninfos/foerdermoeglichkeiten/bildungsgutschein-azav/azav-fernstudiengaenge/gepruefter-betriebswirt-azav-bildungsgutschein/","text/html; charset=utf-8","200","OK","1.1","Nicht indexierbar","Canonicalised","https://www.delst.de/de/ihk-weiterbildung/gepruefter-betriebswirt-ihk-fernstudium/","index,follow",""
"https://www.delst.de/de/bundeswehr-weiterbildung/","text/html; charset=utf-8","200","OK","1.1","Indexierbar","","https://www.delst.de/de/bundeswehr-weiterbildung/","index,follow",""
"https://www.delst.de/files/icons/delst-tutor-fachliche-lernbegleitung-150.png","image/png","200","OK","1.1","Indexierbar","","","",""
"https://www.delst.de/assets/images/1/fernstudium-flexibler-start-delst-8767a459.svg","image/svg+xml","200","OK","1.1","Indexierbar","","","",""
"https://www.delst.de/de/bildungsgutschein-azav/","text/html; charset=UTF-8","301","Moved Permanently","1.1","Nicht indexierbar","Umgeleitet","","",""
"https://www.delst.de/assets/images/a/thomas-wiessner-team-44e9f13d.webp","image/webp","200","OK","1.1","Indexierbar","","","",""
"https://www.delst.de/assets/images/e/fernstudium-keine-zusatzkosten-delst-ed44292e.svg","image/svg+xml","200","OK","1.1","Indexierbar","","","",""
"https://www.delst.de/files/theme/cc/certification/online-lernen.svg","image/svg+xml","200","OK","1.1","Indexierbar","","","",""
"https://www.delst.de/assets/images/e/think-outside-the-box-aktionsseite-aec9f028.webp","image/webp","200","OK","1.1","Indexierbar","","","",""
"https://www.delst.de/files/contents/logos/Foerderungen/foerderung-zuschuss-der-bundeslaender-delst.webp","image/webp","200","OK","1.1","Indexierbar","","","",""
"https://www.delst.de/assets/images/4/andreas-gloeckl-team-bba38e86.webp","image/webp","200","OK","1.1","Indexierbar","","","",""
"https://www.delst.de/assets/images/3/julia-jorcke-team-d5309526.webp","image/webp","200","OK","1.1","Indexierbar","","","",""
"https://www.delst.de/de/weiterbildung-arbeitsamt/ihk-industriefachwirt-weiterbildung-bildungsgutschein/","text/html; charset=utf-8","200","OK","1.1","Indexierbar","","https://www.delst.de/de/weiterbildung-arbeitsamt/ihk-industriefachwirt-weiterbildung-bildungsgutschein/","index,follow",""
"https://www.delst.de/files/contents/DeLSt/zertifikat-delst-zfu-neu.webp","image/webp","200","OK","1.1","Indexierbar","","","",""
"https://www.delst.de/files/theme/cc/certification/BiBB-Logo.svg","image/svg+xml","200","OK","1.1","Indexierbar","","","",""
"https://www.delst.de/de/anmeldung/fernstudium/?product=industriefachwirt-ihk-fernstudium","text/html; charset=utf-8","200","OK","1.1","Nicht indexierbar","Canonicalised,noindex","https://www.delst.de/de/anmeldung/fernstudium/","noindex,nofollow",""
"https://www.delst.de/assets/images/1/support-teilnehmerbetreuung-academyofsports-9e3caf99.svg","image/svg+xml","200","OK","1.1","Indexierbar","","","",""
"https://www.delst.de/files/team/dozenten/markus-edenharder-web.jpg","image/jpeg","200","OK","1.1","Indexierbar","","","",""
"https://www.delst.de/assets/images/f/berufsfoerderungsdienst-bfd-academy-of-sports-d550c9ed.webp","image/webp","200","OK","1.1","Indexierbar","","","",""
"https://www.delst.de/files/team/Kein-Bild-vorhanden.jpg","image/jpeg","200","OK","1.1","Indexierbar","","","",""
"https://www.delst.de/files/theme/cc/certification/ZFU-zugelassen-Logo.svg","image/svg+xml","200","OK","1.1","Indexierbar","","","",""
"https://www.delst.de/files/icons/delst-moderne-lehrmaterialien-ebook-150.png","image/png","200","OK","1.1","Indexierbar","","","",""
"https://www.delst.de/files/theme/cc/certification/AZAV-DeLSt.svg","image/svg+xml","200","OK","1.1","Indexierbar","","","",""
"https://www.delst.de/assets/images/8/fernstudium-ortsunabhaengig-lernen-delst-ee6d07a6.svg","image/svg+xml","200","OK","1.1","Indexierbar","","","",""
"https://www.delst.de/files/team/dozenten/ralf-schemmert-web.jpg","image/jpeg","200","OK","1.1","Indexierbar","","","",""
"https://www.delst.de/files/contents/logos/zertifizierungen/zfu-siegel-zugelassen-grau.svg","image/svg+xml","200","OK","1.1","Indexierbar","","","",""
"https://www.delst.de/assets/images/2/fernstudium-berufsbegleitend-vollzeit-teilzeit-delst-6c4a5816.svg","image/svg+xml","200","OK","1.1","Indexierbar","","","",""
"https://www.delst.de/assets/css/simple_columns_bb.css,ls_framework.min.css,styles.min.css,custom...-682d774b.css","text/css","200","OK","1.1","Indexierbar","","","",""
"https://www.delst.de/de/ihk-weiterbildung/wirtschaftsbezogene-qualifikationen-ihk/","text/html; charset=utf-8","200","OK","1.1","Indexierbar","","https://www.delst.de/de/ihk-weiterbildung/wirtschaftsbezogene-qualifikationen-ihk/","index,follow",""
"https://www.delst.de/files/contents/logos/Foerderungen/beispielrechnung-aufsteigsbafoeg-delst.webp","image/webp","200","OK","1.1","Indexierbar","","","",""
"https://www.delst.de/assets/images/0/naeffgen-ela-team-2ae26e7e.webp","image/webp","200","OK","1.1","Indexierbar","","","",""
"https://www.delst.de/assets/images/b/aufstiegs-bafoeg-foerderung-f07b97b5.webp","image/webp","200","OK","1.1","Indexierbar","","","",""
"https://www.delst.de/files/team/dozenten/studienbetreuung-delst-jpg.jpg","image/jpeg","200","OK","1.1","Indexierbar","","","",""
"https://www.delst.de/assets/images/1/fernstudium-foerdermoeglichkeiten-delst-6a06e565.svg","image/svg+xml","200","OK","1.1","Indexierbar","","","",""
"https://www.delst.de/files/icons/delst-online-ortsungbunden-absolvierbar-150.png","image/png","200","OK","1.1","Indexierbar","","","",""
"https://www.delst.de/files/team/tutoren/jennifer-koelsch-delst.jpg","image/jpeg","200","OK","1.1","Indexierbar","","","",""
"https://www.delst.de/files/zertifizierungen/fsd-siegel-2024.png","image/png","200","OK","1.1","Indexierbar","","","",""
"https://www.delst.de/files/theme/cc/certification/Dekra-Logo-gruen.svg","image/svg+xml","200","OK","1.1","Indexierbar","","","",""
"https://www.delst.de/files/theme/cc/certification/fernstudiumdirekt.png","image/png","200","OK","1.1","Indexierbar","","","",""
"https://www.delst.de/files/icons/AZAV/perspektiven.png","image/png","200","OK","1.1","Indexierbar","","","",""
"https://www.delst.de/de/weiterbildung-arbeitsamt/prozessmanager-digitale-transformation/","text/html; charset=utf-8","200","OK","1.1","Nicht indexierbar","noindex","https://www.delst.de/de/weiterbildung-arbeitsamt/prozessmanager-digitale-transformation/","noindex,nofollow",""
"https://www.delst.de/de/weiterbildung-arbeitsamt/gepruefter-betriebswirt/","text/html; charset=utf-8","200","OK","1.1","Nicht indexierbar","Canonicalised,noindex","https://www.delst.de/de/ihk-weiterbildung/gepruefter-betriebswirt-ihk-fernstudium/","noindex,nofollow",""
"https://www.delst.de/de/weiterbildung-arbeitsamt/online-marketing-manager/","text/html; charset=utf-8","200","OK","1.1","Nicht indexierbar","noindex","https://www.delst.de/de/weiterbildung-arbeitsamt/online-marketing-manager/","noindex,nofollow",""
"https://www.delst.de/de/weiterbildung-arbeitsamt/qualitaetsmanager/","text/html; charset=utf-8","200","OK","1.1","Nicht indexierbar","noindex","https://www.delst.de/de/weiterbildung-arbeitsamt/qualitaetsmanager/","noindex,nofollow",""
"https://www.delst.de/assets/images/9/schritte-03-v2-ea390348.png","image/png","200","OK","1.1","Indexierbar","","","",""
"https://www.delst.de/de/weiterbildung-arbeitsamt/arbeiten-4-0/","text/html; charset=utf-8","200","OK","1.1","Nicht indexierbar","noindex","https://www.delst.de/de/weiterbildung-arbeitsamt/arbeiten-4-0/","noindex,nofollow",""
"https://www.delst.de/de/weiterbildung-arbeitsamt/betriebliche-ausbildung/","text/html; charset=utf-8","200","OK","1.1","Nicht indexierbar","noindex","https://www.delst.de/de/weiterbildung-arbeitsamt/betriebliche-ausbildung/","noindex,nofollow",""
"https://www.delst.de/files/icons/AZAV/foerderung.png","image/png","200","OK","1.1","Indexierbar","","","",""
"https://www.delst.de/de/weiterbildung-arbeitsamt/wissens-und-transfermanager-4-0/","text/html; charset=utf-8","200","OK","1.1","Nicht indexierbar","noindex","https://www.delst.de/de/weiterbildung-arbeitsamt/wissens-und-transfermanager-4-0/","noindex,nofollow",""
"https://www.delst.de/de/weiterbildung-arbeitsamt/gepruefter-wirtschaftsfachwirt-ihk-inkl-ada-schein/","text/html; charset=utf-8","200","OK","1.1","Nicht indexierbar","Canonicalised,noindex","https://www.delst.de/de/weiterbildung-arbeitsamt/ihk-wirtschaftsfachwirt-weiterbildung-bildungsgutschein/","noindex,nofollow",""
"https://www.delst.de/de/weiterbildung-arbeitsamt/vorbereitung-externenpruefung-kauffrau-kaufmann-fuer-bueromanagement-ihk-bildungsgutschein/","text/html; charset=utf-8","200","OK","1.1","Nicht indexierbar","Canonicalised","https://www.delst.de/de/ihk-weiterbildung/vorbereitung-externenpruefung-kauffrau-kaufmann-fuer-bueromanagement-ihk/","index,follow",""
"https://www.delst.de/de/weiterbildung-arbeitsamt/datenschutzmanager/","text/html; charset=utf-8","200","OK","1.1","Nicht indexierbar","noindex","https://www.delst.de/de/weiterbildung-arbeitsamt/datenschutzmanager/","noindex,nofollow",""
"https://www.delst.de/de/weiterbildung-arbeitsamt/gepruefter-manager-im-gesundheits-und-sozialwesen-4-0/","text/html; charset=utf-8","200","OK","1.1","Nicht indexierbar","Canonicalised,noindex","https://www.delst.de/de/ihk-weiterbildung/fachwirt-gesundheits-und-sozialwesen-fernstudium/","noindex,nofollow",""
"https://www.delst.de/de/weiterbildung-arbeitsamt/gepruefter-technischer-betriebswirt/","text/html; charset=utf-8","200","OK","1.1","Nicht indexierbar","Canonicalised,noindex","https://www.delst.de/de/ihk-weiterbildung/technischer-betriebswirt-fernstudium/","noindex,nofollow",""
"https://www.delst.de/de/weiterbildung-arbeitsamt/digitaler-kommunikationscoach/","text/html; charset=utf-8","200","OK","1.1","Nicht indexierbar","noindex","https://www.delst.de/de/weiterbildung-arbeitsamt/digitaler-kommunikationscoach/","noindex,nofollow",""
"https://www.delst.de/de/weiterbildung-arbeitsamt/gepruefter-technischer-manager-4-0/","text/html; charset=utf-8","200","OK","1.1","Nicht indexierbar","Canonicalised,noindex","https://www.delst.de/de/ihk-weiterbildung/technischer-fachwirt-fernstudium/","noindex,nofollow",""
"https://www.delst.de/de/weiterbildung-arbeitsamt/gepruefter-technischer-betriebswirt-4-0/","text/html; charset=utf-8","200","OK","1.1","Nicht indexierbar","Canonicalised,noindex","https://www.delst.de/de/ihk-weiterbildung/technischer-betriebswirt-fernstudium/","noindex,nofollow",""
"https://www.delst.de/de/weiterbildung-arbeitsamt/mentaltrainer/","text/html; charset=utf-8","200","OK","1.1","Nicht indexierbar","Canonicalised,noindex","https://www.delst.de/de/coaching-ausbildung/mentaltrainer-ausbildung/","noindex,nofollow",""
"https://www.delst.de/de/weiterbildung-arbeitsamt/gepruefter-fachwirt-im-gesundheits-und-sozialwesen-ihk-inkl-ada-schein/","text/html; charset=utf-8","200","OK","1.1","Nicht indexierbar","Canonicalised,noindex","https://www.delst.de/de/weiterbildung-arbeitsamt/weiterbildung-fachwirt-im-sozial-und-gesundheitswesen-azav-bildungsgutschein/","noindex,nofollow",""
"https://www.delst.de/files/icons/AZAV/persoenlich.png","image/png","200","OK","1.1","Indexierbar","","","",""
"https://www.delst.de/de/weiterbildung-arbeitsamt/change-manager/","text/html; charset=utf-8","200","OK","1.1","Nicht indexierbar","Canonicalised,noindex","https://www.delst.de/de/digitalisierung-unternehmen-digitale-arbeitswelt/weiterbildung-digital-transformation-manager/","noindex,nofollow",""
"https://www.delst.de/de/weiterbildung-arbeitsamt/vorbereitung-externenpruefung-kaufmann-ecommerce-ihk/","text/html; charset=utf-8","200","OK","1.1","Nicht indexierbar","noindex","https://www.delst.de/de/weiterbildung-arbeitsamt/vorbereitung-externenpruefung-kaufmann-ecommerce-ihk/","noindex,nofollow",""
"https://www.delst.de/de/weiterbildung-arbeitsamt/digital-sales/","text/html; charset=utf-8","200","OK","1.1","Nicht indexierbar","noindex","https://www.delst.de/de/weiterbildung-arbeitsamt/digital-sales/","noindex,nofollow",""
"https://www.delst.de/de/weiterbildung-arbeitsamt/handelsfachwirt-fernstudium-azav-bildungsgutschein/","text/html; charset=utf-8","200","OK","1.1","Nicht indexierbar","Canonicalised","https://www.delst.de/de/ihk-weiterbildung/handelsfachwirt-fernstudium/","index,follow",""
"https://www.delst.de/de/weiterbildung-arbeitsamt/kaufmaennisches-wissen-online-azav-bildungsgutschein/","text/html; charset=utf-8","200","OK","1.1","Indexierbar","","https://www.delst.de/de/weiterbildung-arbeitsamt/kaufmaennisches-wissen-online-azav-bildungsgutschein/","index,follow",""
"https://www.delst.de/de/weiterbildung-arbeitsamt/digital-transformation-manager-bg/","text/html; charset=utf-8","200","OK","1.1","Nicht indexierbar","Canonicalised,noindex","https://www.delst.de/de/digitalisierung-unternehmen-digitale-arbeitswelt/weiterbildung-digital-transformation-manager/","noindex,nofollow",""
"https://www.delst.de/de/weiterbildung-arbeitsamt/gepruefter-wirtschaftsmanager-4-0/","text/html; charset=utf-8","200","OK","1.1","Nicht indexierbar","Canonicalised,noindex","https://www.delst.de/de/weiterbildung-arbeitsamt/ihk-wirtschaftsfachwirt-weiterbildung-bildungsgutschein/","noindex,nofollow",""
"https://www.delst.de/de/weiterbildung-arbeitsamt/digitalisierungsmanager/","text/html; charset=utf-8","200","OK","1.1","Nicht indexierbar","Canonicalised,noindex","https://www.delst.de/de/digitalisierung-unternehmen-digitale-arbeitswelt/weiterbildung-digital-transformation-manager/","noindex,nofollow",""
"https://www.delst.de/de/weiterbildung-arbeitsamt/vertriebsassistenz-4-0/","text/html; charset=utf-8","200","OK","1.1","Nicht indexierbar","noindex","https://www.delst.de/de/weiterbildung-arbeitsamt/vertriebsassistenz-4-0/","noindex,nofollow",""
"https://www.delst.de/de/weiterbildung-arbeitsamt/gepruefter-wirtschaftsmanager/","text/html; charset=utf-8","200","OK","1.1","Nicht indexierbar","Canonicalised,noindex","https://www.delst.de/de/weiterbildung-arbeitsamt/ihk-wirtschaftsfachwirt-weiterbildung-bildungsgutschein/","noindex,nofollow",""
"https://www.delst.de/de/weiterbildung-arbeitsamt/personalmanager-4-0/","text/html; charset=utf-8","200","OK","1.1","Nicht indexierbar","noindex","https://www.delst.de/de/weiterbildung-arbeitsamt/personalmanager-4-0/","noindex,nofollow",""
"https://www.delst.de/de/weiterbildung-arbeitsamt/gepruefter-betriebswirt-4-0/","text/html; charset=utf-8","200","OK","1.1","Nicht indexierbar","Canonicalised,noindex","https://www.delst.de/de/ihk-weiterbildung/gepruefter-betriebswirt-ihk-fernstudium/","noindex,nofollow",""
"https://www.delst.de/de/weiterbildung-arbeitsamt/ada-schein-azav-bildungsgutschein/","text/html; charset=utf-8","200","OK","1.1","Nicht indexierbar","Canonicalised","https://www.delst.de/de/ihk-weiterbildung/ada-schein-online/","index,follow",""
"https://www.delst.de/de/weiterbildung-arbeitsamt/weiterbildung-fachwirt-im-sozial-und-gesundheitswesen-azav-bildungsgutschein/","text/html; charset=utf-8","200","OK","1.1","Indexierbar","","https://www.delst.de/de/weiterbildung-arbeitsamt/weiterbildung-fachwirt-im-sozial-und-gesundheitswesen-azav-bildungsgutschein/","index,follow",""
"https://www.delst.de/de/weiterbildung-arbeitsamt/ihk-wirtschaftsfachwirt-weiterbildung-bildungsgutschein/","text/html; charset=utf-8","200","OK","1.1","Indexierbar","","https://www.delst.de/de/weiterbildung-arbeitsamt/ihk-wirtschaftsfachwirt-weiterbildung-bildungsgutschein/","index,follow",""
"https://www.delst.de/de/weiterbildung-arbeitsamt/technischer-fachwirt-weiterbildung-bildungsgutschein/","text/html; charset=utf-8","200","OK","1.1","Nicht indexierbar","Canonicalised","https://www.delst.de/de/ihk-weiterbildung/technischer-fachwirt-fernstudium/","index,follow",""
"https://www.delst.de/assets/images/a/schritte-05-v2-c09cac5a.png","image/png","200","OK","1.1","Indexierbar","","","",""
"https://www.delst.de/de/weiterbildung-arbeitsamt/transformationsmanager-fuer-nachhaltigkeit/","text/html; charset=utf-8","200","OK","1.1","Nicht indexierbar","noindex","https://www.delst.de/de/weiterbildung-arbeitsamt/transformationsmanager-fuer-nachhaltigkeit/","noindex,nofollow",""
"https://www.delst.de/de/weiterbildung-arbeitsamt/gepruefter-e-commerce-manager/","text/html; charset=utf-8","200","OK","1.1","Nicht indexierbar","Canonicalised,noindex","https://www.delst.de/de/digitalisierung-unternehmen-digitale-arbeitswelt/e-commerce-manager-fernstudium/","noindex,nofollow",""
"https://www.delst.de/de/weiterbildung-arbeitsamt/gepruefter-technischer-betriebswirt-ihk-inkl-ada-schein/","text/html; charset=utf-8","200","OK","1.1","Nicht indexierbar","Canonicalised,noindex","https://www.delst.de/de/ihk-weiterbildung/technischer-betriebswirt-fernstudium/","noindex,nofollow",""
"https://www.delst.de/assets/images/2/schritte-02-v2-66da8197.png","image/png","200","OK","1.1","Indexierbar","","","",""
"https://www.delst.de/de/weiterbildung-arbeitsamt/gepruefter-manager-im-gesundheits-und-sozialwesen/","text/html; charset=utf-8","200","OK","1.1","Nicht indexierbar","Canonicalised,noindex","https://www.delst.de/de/ihk-weiterbildung/fachwirt-gesundheits-und-sozialwesen-fernstudium/","noindex,nofollow",""
"https://www.delst.de/de/weiterbildung-arbeitsamt/qualitaetsmanager-4-0/","text/html; charset=utf-8","200","OK","1.1","Nicht indexierbar","noindex","https://www.delst.de/de/weiterbildung-arbeitsamt/qualitaetsmanager-4-0/","noindex,nofollow",""
"https://www.delst.de/de/weiterbildung-arbeitsamt/social-media-manager-azav-bildungsgutschein/","text/html; charset=utf-8","200","OK","1.1","Nicht indexierbar","Canonicalised","https://www.delst.de/de/massnahmen-azav-bildungsgutschein/social-media-manager-azav-bildungsgutschein/","index,follow",""
"https://www.delst.de/de/weiterbildung-arbeitsamt/gepruefter-technischer-manager/","text/html; charset=utf-8","200","OK","1.1","Nicht indexierbar","Canonicalised,noindex","https://www.delst.de/de/ihk-weiterbildung/technischer-fachwirt-fernstudium/","noindex,nofollow",""
"https://www.delst.de/de/weiterbildung-arbeitsamt/gepruefter-buchhaltungsassistent/","text/html; charset=utf-8","200","OK","1.1","Nicht indexierbar","noindex","https://www.delst.de/de/weiterbildung-arbeitsamt/gepruefter-buchhaltungsassistent/","noindex,nofollow",""
"https://www.delst.de/de/weiterbildung-arbeitsamt/gepruefter-bueromanager-4-0/","text/html; charset=utf-8","200","OK","1.1","Nicht indexierbar","Canonicalised,noindex","https://www.delst.de/de/wirtschaft-weiterbildung/bueroassistentin-ausbildung/","noindex,nofollow",""
"https://www.delst.de/de/weiterbildung-arbeitsamt/gepruefter-industriemanager/","text/html; charset=utf-8","200","OK","1.1","Nicht indexierbar","Canonicalised,noindex","https://www.delst.de/de/ihk-weiterbildung/industriefachwirt-ihk-fernstudium/","noindex,nofollow",""
"https://www.delst.de/de/weiterbildung-arbeitsamt/agiler-bueromanager/","text/html; charset=utf-8","200","OK","1.1","Nicht indexierbar","noindex","https://www.delst.de/de/weiterbildung-arbeitsamt/agiler-bueromanager/","noindex,nofollow",""
"https://www.delst.de/de/weiterbildung-arbeitsamt/gepruefter-technischer-betriebswirt-ihk/","text/html; charset=utf-8","200","OK","1.1","Nicht indexierbar","Canonicalised,noindex","https://www.delst.de/de/ihk-weiterbildung/technischer-betriebswirt-fernstudium/","noindex,nofollow",""
"https://www.delst.de/assets/images/6/schritte-01-v2-083c351d.png","image/png","200","OK","1.1","Indexierbar","","","",""
"https://www.delst.de/de/weiterbildung-arbeitsamt/umschulung-kauffrau-fuer-bueromanagement/","text/html; charset=utf-8","200","OK","1.1","Indexierbar","","https://www.delst.de/de/weiterbildung-arbeitsamt/umschulung-kauffrau-fuer-bueromanagement/","index,follow",""
"https://www.delst.de/de/weiterbildung-arbeitsamt/seo-manager-weiterbildung-azav-bildungsgutschein/","text/html; charset=utf-8","200","OK","1.1","Nicht indexierbar","Canonicalised","https://www.delst.de/de/digitalisierung-unternehmen-digitale-arbeitswelt/seo-manager-weiterbildung/","index,follow",""
"https://www.delst.de/de/weiterbildung-arbeitsamt/gepruefter-technischer-fachwirt-ihk-inkl-ada-schein/","text/html; charset=utf-8","200","OK","1.1","Nicht indexierbar","Canonicalised,noindex","https://www.delst.de/de/ihk-weiterbildung/technischer-fachwirt-fernstudium/","noindex,nofollow",""
"https://www.delst.de/de/weiterbildung-arbeitsamt/kommunikationstraining-intensiv/","text/html; charset=utf-8","200","OK","1.1","Nicht indexierbar","noindex","https://www.delst.de/de/weiterbildung-arbeitsamt/kommunikationstraining-intensiv/","noindex,nofollow",""
"https://www.delst.de/de/weiterbildung-arbeitsamt/kommunikationstrainer-ausbildung-bildungsgutschein/","text/html; charset=utf-8","200","OK","1.1","Indexierbar","","https://www.delst.de/de/weiterbildung-arbeitsamt/kommunikationstrainer-ausbildung-bildungsgutschein/","index,follow",""
"https://www.delst.de/files/downloads/anmeldeformulare/anmeldeformular-bildungsgutschein-delst-18.pdf","application/pdf","200","OK","1.1","Indexierbar","","","",""
"https://www.delst.de/de/weiterbildung-arbeitsamt/agiler-projektmanager-4-0/","text/html; charset=utf-8","200","OK","1.1","Nicht indexierbar","noindex","https://www.delst.de/de/weiterbildung-arbeitsamt/agiler-projektmanager-4-0/","noindex,nofollow",""
"https://www.delst.de/de/weiterbildung-arbeitsamt/finanz-und-marktanalyst/","text/html; charset=utf-8","200","OK","1.1","Nicht indexierbar","noindex","https://www.delst.de/de/weiterbildung-arbeitsamt/finanz-und-marktanalyst/","noindex,nofollow",""
"https://www.delst.de/de/weiterbildung-arbeitsamt/gepruefter-betriebswirt-ihk-cci-inkl-ada-schein/","text/html; charset=utf-8","200","OK","1.1","Nicht indexierbar","Canonicalised,noindex","https://www.delst.de/de/ihk-weiterbildung/gepruefter-betriebswirt-ihk-fernstudium/","noindex,nofollow",""
"https://www.delst.de/de/weiterbildung-arbeitsamt/datenschutzbeauftragter-weiterbildung-bildungsgutschein/","text/html; charset=utf-8","200","OK","1.1","Nicht indexierbar","noindex","https://www.delst.de/de/weiterbildung-arbeitsamt/datenschutzbeauftragter-weiterbildung-bildungsgutschein/","noindex,follow",""
"https://www.delst.de/de/weiterbildung-arbeitsamt/gepruefter-handelsmanager/","text/html; charset=utf-8","200","OK","1.1","Nicht indexierbar","Canonicalised,noindex","https://www.delst.de/de/ihk-weiterbildung/handelsfachwirt-fernstudium/","noindex,nofollow",""
"https://www.delst.de/de/weiterbildung-arbeitsamt/weiterbildung-digitalisierung-azav-bildungsgutschein/","text/html; charset=utf-8","200","OK","1.1","Nicht indexierbar","Canonicalised","https://www.delst.de/de/digitalisierung-unternehmen-digitale-arbeitswelt/weiterbildung-digitalisierung-fernstudium/","index,follow",""
"https://www.delst.de/de/weiterbildung-arbeitsamt/betriebliche-ausbildung-4-0/","text/html; charset=utf-8","200","OK","1.1","Nicht indexierbar","noindex","https://www.delst.de/de/weiterbildung-arbeitsamt/betriebliche-ausbildung-4-0/","noindex,nofollow",""
"https://www.delst.de/assets/images/4/bildungsmassmanhmen-mit-bildungsgutschein-delst-8c7b1e73.webp","image/webp","200","OK","1.1","Indexierbar","","","",""
"https://www.delst.de/de/weiterbildung-arbeitsamt/eventmanager/","text/html; charset=utf-8","200","OK","1.1","Nicht indexierbar","noindex","https://www.delst.de/de/weiterbildung-arbeitsamt/eventmanager/","noindex,nofollow",""
"https://www.delst.de/assets/images/b/schritte-04-v2-969ad7b2.png","image/png","200","OK","1.1","Indexierbar","","","",""
"https://www.delst.de/de/weiterbildung-arbeitsamt/edv-informationstechnologie-kurs-azav-bildungsgutschein/","text/html; charset=utf-8","200","OK","1.1","Nicht indexierbar","Canonicalised","https://www.delst.de/de/digitalisierung-unternehmen-digitale-arbeitswelt/edv-grundlagen-kurs/","index,follow",""
"https://www.delst.de/de/weiterbildung-arbeitsamt/agiler-projektmanager/","text/html; charset=utf-8","200","OK","1.1","Nicht indexierbar","noindex","https://www.delst.de/de/weiterbildung-arbeitsamt/agiler-projektmanager/","noindex,nofollow",""
"https://www.delst.de/de/weiterbildung-arbeitsamt/gepruefter-wirtschaftsassistent/","text/html; charset=utf-8","200","OK","1.1","Nicht indexierbar","noindex","https://www.delst.de/de/weiterbildung-arbeitsamt/gepruefter-wirtschaftsassistent/","noindex,nofollow",""
"https://www.delst.de/de/weiterbildung-arbeitsamt/personalmanager/","text/html; charset=utf-8","200","OK","1.1","Nicht indexierbar","noindex","https://www.delst.de/de/weiterbildung-arbeitsamt/personalmanager/","noindex,nofollow",""
"https://www.delst.de/de/weiterbildung-arbeitsamt/projektmanager/","text/html; charset=utf-8","200","OK","1.1","Nicht indexierbar","noindex","https://www.delst.de/de/weiterbildung-arbeitsamt/projektmanager/","noindex,nofollow",""
"https://www.delst.de/de/weiterbildung-arbeitsamt/gepruefter-bueromanager/","text/html; charset=utf-8","200","OK","1.1","Nicht indexierbar","Canonicalised,noindex","https://www.delst.de/de/wirtschaft-weiterbildung/bueroassistentin-ausbildung/","noindex,nofollow",""
"https://www.delst.de/de/weiterbildung-arbeitsamt/online-marketing-manager-4-0/","text/html; charset=utf-8","200","OK","1.1","Nicht indexierbar","noindex","https://www.delst.de/de/weiterbildung-arbeitsamt/online-marketing-manager-4-0/","noindex,nofollow",""
"https://www.delst.de/de/weiterbildung-arbeitsamt/agiler-qualitaets-und-prozessmanager/","text/html; charset=utf-8","200","OK","1.1","Nicht indexierbar","noindex","https://www.delst.de/de/weiterbildung-arbeitsamt/agiler-qualitaets-und-prozessmanager/","noindex,nofollow",""
"https://www.delst.de/de/weiterbildung-arbeitsamt/gepruefter-industriefachwirt-ihk-inkl-ada-schein/","text/html; charset=utf-8","200","OK","1.1","Nicht indexierbar","Canonicalised,noindex","https://www.delst.de/de/weiterbildung-arbeitsamt/ihk-industriefachwirt-weiterbildung-bildungsgutschein/","noindex,nofollow",""
"https://www.delst.de/de/weiterbildung-arbeitsamt/wirtschaftsbezogene-qualifikationen/","text/html; charset=utf-8","200","OK","1.1","Nicht indexierbar","Canonicalised,noindex","https://www.delst.de/de/ihk-weiterbildung/wirtschaftsbezogene-qualifikationen-ihk/","noindex,nofollow",""
"https://www.delst.de/de/weiterbildung-arbeitsamt/gepruefter-bueroassistent/","text/html; charset=utf-8","200","OK","1.1","Nicht indexierbar","Canonicalised,noindex","https://www.delst.de/de/wirtschaft-weiterbildung/bueroassistentin-ausbildung/","noindex,nofollow",""
"https://www.delst.de/files/icons/Lineal%20Style/web-based-training-wbt-academyofsports.svg","image/svg+xml","200","OK","1.1","Indexierbar","","","",""
"https://www.delst.de/files/icons/Lineal%20Style/fernstudium-abschluss-delst.svg","image/svg+xml","200","OK","1.1","Indexierbar","","","",""
"https://www.delst.de/files/icons/Lineal%20Style/fernstudium-ortsunabhaengig-lernen-delst.svg","image/svg+xml","200","OK","1.1","Indexierbar","","","",""
"https://www.delst.de/de/weiterbildung-arbeitsamt/umschulung-kaufmann-ecommerce-ihk/","text/html; charset=utf-8","200","OK","1.1","Nicht indexierbar","noindex","https://www.delst.de/de/weiterbildung-arbeitsamt/umschulung-kaufmann-ecommerce-ihk/","noindex,nofollow",""
"https://www.delst.de/assets/images/2/fsd-siegel-2024-cc207987.png","image/png","200","OK","1.1","Indexierbar","","","",""
"https://www.delst.de/files/contents/Landing-Pages/think-outside-the-box-aktionsseite.webp","image/webp","200","OK","1.1","Indexierbar","","","",""
"https://www.delst.de/assets/images/0/delst-top-anbieter-fortbildung24-breit-2e1ce745.jpg","image/jpeg","200","OK","1.1","Indexierbar","","","",""
"https://www.delst.de/assets/images/1/icon-zitat-434d105e.svg","image/svg+xml","200","OK","1.1","Indexierbar","","","",""
"https://www.delst.de/files/icons/Lineal%20Style/flexibel.svg","image/svg+xml","200","OK","1.1","Indexierbar","","","",""
"https://www.delst.de/assets/images/f/top-fernschule-2023-delst-d3863d04.webp","image/webp","200","OK","1.1","Indexierbar","","","",""
"https://www.delst.de/assets/images/7/think-outside-the-box-aktionsseite-zusatz-eebb3b77.webp","image/webp","200","OK","1.1","Indexierbar","","","",""
"https://www.delst.de/de/rechnungswesen-online/rechnungswesen-kosten-und-leistungsrechnung-klr/","text/html; charset=utf-8","200","OK","1.1","Indexierbar","","https://www.delst.de/de/rechnungswesen-online/rechnungswesen-kosten-und-leistungsrechnung-klr/","index,follow",""
"https://www.delst.de/files/keyvisual/bildungsbereiche/Rechnungswesen/weiterbildung-rechnungswesen-online-delst.webp","image/webp","200","OK","1.1","Indexierbar","","","",""
"https://www.delst.de/de/rechnungswesen-online/moderne-finanzbuchfuehrung-online-weiterbildung/","text/html; charset=utf-8","200","OK","1.1","Indexierbar","","https://www.delst.de/de/rechnungswesen-online/moderne-finanzbuchfuehrung-online-weiterbildung/","index,follow",""
"https://www.delst.de/de/weiterbildung-arbeitsamt/gepruefter-betriebswirt-azav-bildungsgutschein/","text/html; charset=utf-8","200","OK","1.1","Nicht indexierbar","Canonicalised","https://www.delst.de/de/ihk-weiterbildung/gepruefter-betriebswirt-ihk-fernstudium/","index,follow",""
"https://www.delst.de/assets/images/2/carola-roessler-ac4b3c30.webp","image/webp","200","OK","1.1","Indexierbar","","","",""
"https://www.delst.de/files/teaser/service/affiliate-werden-delst-partnerprogramm.jpg","image/jpeg","200","OK","1.1","Indexierbar","","","",""
"https://www.delst.de/de/weiterbildung-arbeitsamt/gepruefter-industriemanager-4-0/","text/html; charset=utf-8","200","OK","1.1","Nicht indexierbar","Canonicalised,noindex","https://www.delst.de/de/ihk-weiterbildung/industriefachwirt-ihk-fernstudium/","noindex,nofollow",""
"https://www.delst.de/de/weiterbildung-arbeitsamt/prozessmanager/","text/html; charset=utf-8","200","OK","1.1","Nicht indexierbar","Canonicalised,noindex","https://www.delst.de/de/digitalisierung-unternehmen-digitale-arbeitswelt/weiterbildung-digital-transformation-manager/","noindex,nofollow",""
"https://www.delst.de/assets/images/a/e-sports-manager-ihk-0b76c57d.webp","image/webp","200","OK","1.1","Indexierbar","","","",""
"https://www.delst.de/de/rechnungswesen-online/controlling-weiterbildung/","text/html; charset=utf-8","200","OK","1.1","Indexierbar","","https://www.delst.de/de/rechnungswesen-online/controlling-weiterbildung/","index,follow",""
"https://www.delst.de/de/rechnungswesen-online/ihk-rechnungswesen-verstehen/","text/html; charset=utf-8","200","OK","1.1","Indexierbar","","https://www.delst.de/de/rechnungswesen-online/ihk-rechnungswesen-verstehen/","index,follow",""
"https://www.delst.de/files/team/verwaltung/delst-gruppenbild-2022-komplett.webp","image/webp","200","OK","1.1","Indexierbar","","","",""
"https://www.delst.de/de/betriebswirt-ihk-vollzeit/","text/html; charset=utf-8","200","OK","1.1","Indexierbar","","https://www.delst.de/de/betriebswirt-ihk-vollzeit/","index,follow",""
"https://www.delst.de/files/contents/Landing-Pages/pruefungsinhalte-ihk-delst.webp","image/webp","200","OK","1.1","Indexierbar","","","",""
"https://www.delst.de/de/ihk-weiterbildung/e-sports-manager-ihk/","text/html; charset=utf-8","200","OK","1.1","Indexierbar","","https://www.delst.de/de/ihk-weiterbildung/e-sports-manager-ihk/","index,follow",""
"https://www.delst.de/de/betriebswirt-ihk-erfahrungen/","text/html; charset=utf-8","200","OK","1.1","Indexierbar","","https://www.delst.de/de/betriebswirt-ihk-erfahrungen/","index,follow",""
"https://www.delst.de/files/contents/news/dqr-stufenmodell-2016-betriebswirt-ihk-delst.jpg","image/jpeg","200","OK","1.1","Indexierbar","","","",""
"https://www.delst.de/de/betriebswirt-ihk-sinnvoll/","text/html; charset=utf-8","200","OK","1.1","Indexierbar","","https://www.delst.de/de/betriebswirt-ihk-sinnvoll/","index,follow",""
"https://www.delst.de/de/betriebswirt-ihk-lernmaterial/","text/html; charset=utf-8","200","OK","1.1","Indexierbar","","https://www.delst.de/de/betriebswirt-ihk-lernmaterial/","index,follow",""
"https://www.delst.de/de/betriebswirt-ihk-gehalt/","text/html; charset=utf-8","200","OK","1.1","Indexierbar","","https://www.delst.de/de/betriebswirt-ihk-gehalt/","index,follow",""
"https://www.delst.de/de/betriebswirt-ihk-anerkennung/","text/html; charset=utf-8","200","OK","1.1","Indexierbar","","https://www.delst.de/de/betriebswirt-ihk-anerkennung/","index,follow",""
"https://www.delst.de/de/news/aktualisierung-pruefungsordnung-gepruefter-betriebswirt/","text/html; charset=utf-8","200","OK","1.1","Indexierbar","","","index,follow",""
"https://www.delst.de/de/news/informationsveranstaltung-unseres-partners-ehip/","text/html; charset=utf-8","200","OK","1.1","Indexierbar","","","index,follow",""
"https://www.delst.de/de/news/ehip-unser-neuer-bildungspartner/","text/html; charset=utf-8","200","OK","1.1","Indexierbar","","","index,follow",""
"https://www.delst.de/de/news/100-foerderung-ueber-bildungsgutschein/","text/html; charset=utf-8","200","OK","1.1","Indexierbar","","https://www.delst.de/de/news/100-foerderung-ueber-bildungsgutschein/","index,follow",""
"https://www.delst.de/de/news/delst-instagram/","text/html; charset=utf-8","200","OK","1.1","Indexierbar","","","index,follow",""
"https://www.delst.de/de/news/seo-sea-manager-ausbildung-jetzt-buchbar/","text/html; charset=utf-8","200","OK","1.1","Indexierbar","","https://www.delst.de/de/news/seo-sea-manager-ausbildung-jetzt-buchbar/","index,follow",""
"https://www.delst.de/de/news/kennst-du-schon-markus-edenharder/","text/html; charset=utf-8","200","OK","1.1","Indexierbar","","","index,follow",""
"https://www.delst.de/de/ihk-weiterbildung/technischer-betriebswirt-fernstudium/","text/html; charset=utf-8","200","OK","1.1","Indexierbar","","https://www.delst.de/de/ihk-weiterbildung/technischer-betriebswirt-fernstudium/","index,follow",""
"https://www.delst.de/de/news/kennen-sie-andrea-haertlein/","text/html; charset=utf-8","200","OK","1.1","Indexierbar","","https://www.delst.de/de/news/kennen-sie-andrea-haertlein/","index,follow",""
"https://www.delst.de/de/news/fernstudientag-2024/","text/html; charset=utf-8","200","OK","1.1","Indexierbar","","","index,follow",""
"https://www.delst.de/de/news/wir-sind-top-anbieter-2023/","text/html; charset=utf-8","200","OK","1.1","Indexierbar","","","index,follow",""
"https://www.delst.de/de/news/kennst-du-philipp-raithel/","text/html; charset=utf-8","200","OK","1.1","Indexierbar","","https://www.delst.de/de/news/kennst-du-philipp-raithel/","index,follow",""
"https://www.delst.de/de/news/kennst-du-stefan-hieronimus/","text/html; charset=utf-8","200","OK","1.1","Indexierbar","","https://www.delst.de/de/news/kennst-du-stefan-hieronimus/","index,follow",""
"https://www.delst.de/de/news/neue-oeffnungszeiten/","text/html; charset=utf-8","200","OK","1.1","Indexierbar","","https://www.delst.de/de/news/neue-oeffnungszeiten/","index,follow",""
"https://www.delst.de/de/news/adventskalender/","text/html; charset=utf-8","200","OK","1.1","Indexierbar","","https://www.delst.de/de/news/adventskalender/","index,follow",""
"https://www.delst.de/de/news/neue-berufliche-weiterbildung-kommunikation-verbessern/","text/html; charset=utf-8","200","OK","1.1","Indexierbar","","https://www.delst.de/de/news/neue-berufliche-weiterbildung-kommunikation-verbessern/","index,follow",""
"https://www.delst.de/de/news/kennst-du-dr-lisa-marholt/","text/html; charset=utf-8","200","OK","1.1","Indexierbar","","https://www.delst.de/de/news/kennst-du-dr-lisa-marholt/","index,follow",""
"https://www.delst.de/de/news/happy-new-year-2021/","text/html; charset=utf-8","200","OK","1.1","Indexierbar","","https://www.delst.de/de/news/happy-new-year-2021/","index,follow",""
"https://www.delst.de/de/news/auszeichnung-exzellenter-anbieter-2024/","text/html; charset=utf-8","200","OK","1.1","Indexierbar","","","index,follow",""
"https://www.delst.de/de/news/tutorenvorstellung-carsten-kulka/","text/html; charset=utf-8","200","OK","1.1","Indexierbar","","https://www.delst.de/de/news/tutorenvorstellung-carsten-kulka/","index,follow",""
"https://www.delst.de/de/news/kennen-sie-aron-labonte/","text/html; charset=utf-8","200","OK","1.1","Indexierbar","","https://www.delst.de/de/news/kennen-sie-aron-labonte/","index,follow",""
"https://www.delst.de/de/ihk-weiterbildung/technischer-fachwirt-fernstudium/","text/html; charset=utf-8","200","OK","1.1","Indexierbar","","https://www.delst.de/de/ihk-weiterbildung/technischer-fachwirt-fernstudium/","index,follow",""
"https://www.delst.de/de/news/kennst-du-julia-jorcke/","text/html; charset=utf-8","200","OK","1.1","Indexierbar","","https://www.delst.de/de/news/kennst-du-julia-jorcke/","index,follow",""
"https://www.delst.de/de/news/scrum-lehrgaenge-buchbar/","text/html; charset=utf-8","200","OK","1.1","Indexierbar","","","index,follow",""
"https://www.delst.de/de/news/kennen-sie-ralf-schemmert/","text/html; charset=utf-8","200","OK","1.1","Indexierbar","","https://www.delst.de/de/news/kennen-sie-ralf-schemmert/","index,follow",""
"https://www.delst.de/de/news/kennst-du-tom-telschow/","text/html; charset=utf-8","200","OK","1.1","Indexierbar","","https://www.delst.de/de/news/kennst-du-tom-telschow/","index,follow",""
"https://www.delst.de/de/news/bueroassistenz-jetzt-buchbar/","text/html; charset=utf-8","200","OK","1.1","Indexierbar","","","index,follow",""
"https://www.delst.de/de/news/kennst-du-ela-naeffgen/","text/html; charset=utf-8","200","OK","1.1","Indexierbar","","https://www.delst.de/de/news/kennst-du-ela-naeffgen/","index,follow",""
"https://www.delst.de/de/news/englische-ihk-abschluesse/","text/html; charset=utf-8","200","OK","1.1","Indexierbar","","","index,follow",""
"https://www.delst.de/de/news/elearning-digitales-lernen-die-moderne-und-flexible-form-der-weiterbildung/","text/html; charset=utf-8","200","OK","1.1","Indexierbar","","https://www.delst.de/de/news/elearning-digitales-lernen-die-moderne-und-flexible-form-der-weiterbildung/","index,follow",""
"https://www.delst.de/de/news/kennst-du-thomas-wiessner/","text/html; charset=utf-8","200","OK","1.1","Indexierbar","","https://www.delst.de/de/news/kennst-du-thomas-wiessner/","index,follow",""
"https://www.delst.de/de/news/delst-besuchen-auf-der-messe-jobkarrieretage2022/","text/html; charset=utf-8","200","OK","1.1","Indexierbar","","https://www.delst.de/de/news/delst-besuchen-auf-der-messe-jobkarrieretage2022/","index,follow",""
"https://www.delst.de/de/news/betrieblicher-gesundheitsmanager-jetzt-buchbar/","text/html; charset=utf-8","200","OK","1.1","Indexierbar","","https://www.delst.de/de/news/betrieblicher-gesundheitsmanager-jetzt-buchbar/","index,follow",""
"https://www.delst.de/de/news/top-institut-2021-fernstudiumcheck/","text/html; charset=utf-8","200","OK","1.1","Indexierbar","","","index,follow",""
"https://www.delst.de/de/news/kennst-du-benjamin-lindner/","text/html; charset=utf-8","200","OK","1.1","Indexierbar","","https://www.delst.de/de/news/kennst-du-benjamin-lindner/","index,follow",""
"https://www.delst.de/de/news/wbt-modernes-lernen/","text/html; charset=utf-8","200","OK","1.1","Indexierbar","","https://www.delst.de/de/news/wbt-modernes-lernen/","index,follow",""
"https://www.delst.de/de/news/kennst-du-alexander-neumann/","text/html; charset=utf-8","200","OK","1.1","Indexierbar","","https://www.delst.de/de/news/kennst-du-alexander-neumann/","index,follow",""
"https://www.delst.de/de/news/kennst-du-ebru-nal/","text/html; charset=utf-8","200","OK","1.1","Indexierbar","","https://www.delst.de/de/news/kennst-du-ebru-nal/","index,follow",""
"https://www.delst.de/de/news/wir-wuenschen-ihnen-ein-glueckliches-gesundes-und-erfolgreiches-neue-jahr/","text/html; charset=utf-8","200","OK","1.1","Indexierbar","","https://www.delst.de/de/news/wir-wuenschen-ihnen-ein-glueckliches-gesundes-und-erfolgreiches-neue-jahr/","index,follow",""
"https://www.delst.de/de/news/kennst-du-marion-freddy-kraemer/","text/html; charset=utf-8","200","OK","1.1","Indexierbar","","https://www.delst.de/de/news/kennst-du-marion-freddy-kraemer/","index,follow",""
"https://www.delst.de/de/news/neuer-fernkurs-ernaehrung-im-natural-bodybuilding/","text/html; charset=utf-8","200","OK","1.1","Indexierbar","","","index,follow",""
"https://www.delst.de/de/news/gepruefter-technischer-betriebswirt-jetzt-buchbar/","text/html; charset=utf-8","200","OK","1.1","Indexierbar","","","index,follow",""
"https://www.delst.de/de/news/top-institut-2022-fernstudiumcheck/","text/html; charset=utf-8","200","OK","1.1","Indexierbar","","","index,follow",""
"https://www.delst.de/de/news/kennst-du-sonja-theile-ochel/","text/html; charset=utf-8","200","OK","1.1","Indexierbar","","https://www.delst.de/de/news/kennst-du-sonja-theile-ochel/","index,follow",""
"https://www.delst.de/de/news/kennst-du-rene-gregorczyk/","text/html; charset=utf-8","200","OK","1.1","Indexierbar","","https://www.delst.de/de/news/kennst-du-rene-gregorczyk/","index,follow",""
"https://www.delst.de/de/news/kennst-du-dieter-kaiser/","text/html; charset=utf-8","200","OK","1.1","Indexierbar","","https://www.delst.de/de/news/kennst-du-dieter-kaiser/","index,follow",""
"https://www.delst.de/de/news/delst-bewerten-und-gewinnen/","text/html; charset=utf-8","200","OK","1.1","Indexierbar","","https://www.delst.de/de/news/delst-bewerten-und-gewinnen/","index,follow",""
"https://www.delst.de/de/news/neue-delst-website-online/","text/html; charset=utf-8","200","OK","1.1","Indexierbar","","https://www.delst.de/de/news/neue-delst-website-online/","index,follow",""
"https://www.delst.de/de/news/workout-fuer-den-arbeitsplatz/","text/html; charset=utf-8","200","OK","1.1","Indexierbar","","","index,follow",""
"https://www.delst.de/de/news/kennst-du-schon-marina-schemmert/","text/html; charset=utf-8","200","OK","1.1","Indexierbar","","","index,follow",""
"https://www.delst.de/de/news/studium-im-alter-ihre-chance-der-weiterbildung-ohne-abitur/","text/html; charset=utf-8","200","OK","1.1","Indexierbar","","https://www.delst.de/de/news/studium-im-alter-ihre-chance-der-weiterbildung-ohne-abitur/","index,follow",""
"https://www.delst.de/de/news/kennst-du-schon-laura-koch/","text/html; charset=utf-8","200","OK","1.1","Indexierbar","","","index,follow",""
"https://www.delst.de/de/news/kennst-du-schon-andreas-gloeckl/","text/html; charset=utf-8","200","OK","1.1","Indexierbar","","","index,follow",""
"https://www.delst.de/de/news/kaufmann-frau-im-e-commerce-jetzt-buchbar/","text/html; charset=utf-8","200","OK","1.1","Indexierbar","","","index,follow",""
"https://www.delst.de/de/news/selbstaendig-als-mobiler-reitlehrer/","text/html; charset=utf-8","200","OK","1.1","Indexierbar","","","index,follow",""
"https://www.delst.de/de/news/kennst-du-jennifer-safran/","text/html; charset=utf-8","200","OK","1.1","Indexierbar","","https://www.delst.de/de/news/kennst-du-jennifer-safran/","index,follow",""
"https://www.delst.de/de/lexikon/u/","text/html; charset=utf-8","200","OK","1.1","Nicht indexierbar","Canonicalised","https://www.delst.de/de/lexikon/ueberbetriebliche-ausbildung/","index,follow",""
"https://www.delst.de/de/lexikon/abs-asset-back-securities/","text/html; charset=utf-8","200","OK","1.1","Indexierbar","","https://www.delst.de/de/lexikon/abs-asset-back-securities/","index,follow",""
"https://www.delst.de/de/lexikon/q/","text/html; charset=utf-8","200","OK","1.1","Nicht indexierbar","Canonicalised","https://www.delst.de/de/lexikon/q-sort/","index,follow",""
"https://www.delst.de/de/lexikon/abwicklungsvertrag/","text/html; charset=utf-8","200","OK","1.1","Indexierbar","","https://www.delst.de/de/lexikon/abwicklungsvertrag/","index,follow",""
"https://www.delst.de/de/lexikon/m/","text/html; charset=utf-8","200","OK","1.1","Nicht indexierbar","Canonicalised","https://www.delst.de/de/lexikon/ma/","index,follow",""
"https://www.delst.de/de/lexikon/abzahlungsdarlehen/","text/html; charset=utf-8","200","OK","1.1","Indexierbar","","https://www.delst.de/de/lexikon/abzahlungsdarlehen/","index,follow",""
"https://www.delst.de/de/lexikon/i/","text/html; charset=utf-8","200","OK","1.1","Nicht indexierbar","Canonicalised","https://www.delst.de/de/lexikon/iaf/","index,follow",""
"https://www.delst.de/de/lexikon/d/","text/html; charset=utf-8","200","OK","1.1","Nicht indexierbar","Canonicalised","https://www.delst.de/de/lexikon/dachmarke/","index,follow",""
"https://www.delst.de/de/lexikon/abstraktionsprinzip/","text/html; charset=utf-8","200","OK","1.1","Indexierbar","","https://www.delst.de/de/lexikon/abstraktionsprinzip/","index,follow",""
"https://www.delst.de/de/lexikon/abschreibungen/","text/html; charset=utf-8","200","OK","1.1","Indexierbar","","https://www.delst.de/de/lexikon/abschreibungen/","index,follow",""
"https://www.delst.de/de/lexikon/abweichung-varianz/","text/html; charset=utf-8","200","OK","1.1","Indexierbar","","https://www.delst.de/de/lexikon/abweichung-varianz/","index,follow",""
"https://www.delst.de/de/lexikon/abc-analyse/","text/html; charset=utf-8","200","OK","1.1","Indexierbar","","https://www.delst.de/de/lexikon/abc-analyse/","index,follow",""
"https://www.delst.de/de/lexikon/absatzpotenzial/","text/html; charset=utf-8","200","OK","1.1","Indexierbar","","https://www.delst.de/de/lexikon/absatzpotenzial/","index,follow",""
"https://www.delst.de/de/lexikon/abmaß/","text/html; charset=utf-8","200","OK","1.1","Indexierbar","","https://www.delst.de/de/lexikon/abmaß/","index,follow",""
"https://www.delst.de/de/lexikon/absatzmittler/","text/html; charset=utf-8","200","OK","1.1","Indexierbar","","https://www.delst.de/de/lexikon/absatzmittler/","index,follow",""
"https://www.delst.de/de/lexikon/adrenalinausschuettung/","text/html; charset=utf-8","200","OK","1.1","Indexierbar","","https://www.delst.de/de/lexikon/adrenalinausschuettung/","index,follow",""
"https://www.delst.de/de/lexikon/abstraktes-modell/","text/html; charset=utf-8","200","OK","1.1","Indexierbar","","https://www.delst.de/de/lexikon/abstraktes-modell/","index,follow",""
"https://www.delst.de/de/lexikon/ablauforganisation/","text/html; charset=utf-8","200","OK","1.1","Indexierbar","","https://www.delst.de/de/lexikon/ablauforganisation/","index,follow",""
"https://www.delst.de/de/lexikon/after-sales-service/","text/html; charset=utf-8","200","OK","1.1","Indexierbar","","https://www.delst.de/de/lexikon/after-sales-service/","index,follow",""
"https://www.delst.de/de/lexikon/affiliate-link/","text/html; charset=utf-8","200","OK","1.1","Indexierbar","","https://www.delst.de/de/lexikon/affiliate-link/","index,follow",""
"https://www.delst.de/de/lexikon/y/","text/html; charset=utf-8","200","OK","1.1","Nicht indexierbar","Canonicalised","https://www.delst.de/de/lexikon/y-cim-modell/","index,follow",""
"https://www.delst.de/de/lexikon/aerogen/","text/html; charset=utf-8","200","OK","1.1","Indexierbar","","https://www.delst.de/de/lexikon/aerogen/","index,follow",""
"https://www.delst.de/de/lexikon/ad-extension/","text/html; charset=utf-8","200","OK","1.1","Indexierbar","","https://www.delst.de/de/lexikon/ad-extension/","index,follow",""
"https://www.delst.de/de/lexikon/account/","text/html; charset=utf-8","200","OK","1.1","Indexierbar","","https://www.delst.de/de/lexikon/account/","index,follow",""
"https://www.delst.de/de/lexikon/abszisse/","text/html; charset=utf-8","200","OK","1.1","Indexierbar","","https://www.delst.de/de/lexikon/abszisse/","index,follow",""
"https://www.delst.de/de/digitalisierung-unternehmen-digitale-arbeitswelt/sea-seo-manager-online-fernstudium/","text/html; charset=utf-8","200","OK","1.1","Indexierbar","","https://www.delst.de/de/digitalisierung-unternehmen-digitale-arbeitswelt/sea-seo-manager-online-fernstudium/","index,follow",""
"https://www.delst.de/de/lexikon/t/","text/html; charset=utf-8","200","OK","1.1","Nicht indexierbar","Canonicalised","https://www.delst.de/de/lexikon/t-shirt-größen/","index,follow",""
"https://www.delst.de/de/lexikon/absprungrate/","text/html; charset=utf-8","200","OK","1.1","Indexierbar","","https://www.delst.de/de/lexikon/absprungrate/","index,follow",""
"https://www.delst.de/de/lexikon/p/","text/html; charset=utf-8","200","OK","1.1","Nicht indexierbar","Canonicalised","https://www.delst.de/de/lexikon/pacta-sunt-servanda/","index,follow",""
"https://www.delst.de/de/lexikon/l/","text/html; charset=utf-8","200","OK","1.1","Nicht indexierbar","Canonicalised","https://www.delst.de/de/lexikon/lafferkurve/","index,follow",""
"https://www.delst.de/de/lexikon/above-the-line-massnahmen-atl/","text/html; charset=utf-8","200","OK","1.1","Indexierbar","","https://www.delst.de/de/lexikon/above-the-line-massnahmen-atl/","index,follow",""
"https://www.delst.de/de/lexikon/absatzvolumen/","text/html; charset=utf-8","200","OK","1.1","Indexierbar","","https://www.delst.de/de/lexikon/absatzvolumen/","index,follow",""
"https://www.delst.de/de/lexikon/h/","text/html; charset=utf-8","200","OK","1.1","Nicht indexierbar","Canonicalised","https://www.delst.de/de/lexikon/haccp/","index,follow",""
"https://www.delst.de/de/lexikon/advanced-planning-and-scheduling-aps/","text/html; charset=utf-8","200","OK","1.1","Indexierbar","","https://www.delst.de/de/lexikon/advanced-planning-and-scheduling-aps/","index,follow",""
"https://www.delst.de/de/lexikon/affinitätsschätzen/","text/html; charset=utf-8","200","OK","1.1","Indexierbar","","https://www.delst.de/de/lexikon/affinitätsschätzen/","index,follow",""
"https://www.delst.de/de/lexikon/abgeaenderte-annahme/","text/html; charset=utf-8","200","OK","1.1","Indexierbar","","https://www.delst.de/de/lexikon/abgeaenderte-annahme/","index,follow",""
"https://www.delst.de/de/lexikon/abstraktionsniveau/","text/html; charset=utf-8","200","OK","1.1","Indexierbar","","https://www.delst.de/de/lexikon/abstraktionsniveau/","index,follow",""
"https://www.delst.de/de/lexikon/c/","text/html; charset=utf-8","200","OK","1.1","Nicht indexierbar","Canonicalised","https://www.delst.de/de/lexikon/c2c/","index,follow",""
"https://www.delst.de/de/lexikon/adsense/","text/html; charset=utf-8","200","OK","1.1","Indexierbar","","https://www.delst.de/de/lexikon/adsense/","index,follow",""
"https://www.delst.de/de/lexikon/affility-marketing/","text/html; charset=utf-8","200","OK","1.1","Indexierbar","","https://www.delst.de/de/lexikon/affility-marketing/","index,follow",""
"https://www.delst.de/de/lexikon/affiliate/","text/html; charset=utf-8","200","OK","1.1","Indexierbar","","https://www.delst.de/de/lexikon/affiliate/","index,follow",""
"https://www.delst.de/de/lexikon/absoluter-marktanteil/","text/html; charset=utf-8","200","OK","1.1","Indexierbar","","https://www.delst.de/de/lexikon/absoluter-marktanteil/","index,follow",""
"https://www.delst.de/de/lexikon/x/","text/html; charset=utf-8","200","OK","1.1","Nicht indexierbar","Canonicalised","https://www.delst.de/de/lexikon/xing-headhunter/","index,follow",""
"https://www.delst.de/de/lexikon/adcell/","text/html; charset=utf-8","200","OK","1.1","Indexierbar","","https://www.delst.de/de/lexikon/adcell/","index,follow",""
"https://www.delst.de/de/lexikon/a-b-test/","text/html; charset=utf-8","200","OK","1.1","Indexierbar","","https://www.delst.de/de/lexikon/a-b-test/","index,follow",""
"https://www.delst.de/de/lexikon/affektiv/","text/html; charset=utf-8","200","OK","1.1","Indexierbar","","https://www.delst.de/de/lexikon/affektiv/","index,follow",""
"https://www.delst.de/de/lexikon/administrativ/","text/html; charset=utf-8","200","OK","1.1","Indexierbar","","https://www.delst.de/de/lexikon/administrativ/","index,follow",""
"https://www.delst.de/de/lexikon/s/","text/html; charset=utf-8","200","OK","1.1","Nicht indexierbar","Canonicalised","https://www.delst.de/de/lexikon/s-o-r-modelle-des-kaeuferverhaltens/","index,follow",""
"https://www.delst.de/de/lexikon/absatzhelfer/","text/html; charset=utf-8","200","OK","1.1","Indexierbar","","https://www.delst.de/de/lexikon/absatzhelfer/","index,follow",""
"https://www.delst.de/de/lexikon/o/","text/html; charset=utf-8","200","OK","1.1","Nicht indexierbar","Canonicalised","https://www.delst.de/de/lexikon/oberste-leitung/","index,follow",""
"https://www.delst.de/de/lexikon/k/","text/html; charset=utf-8","200","OK","1.1","Nicht indexierbar","Canonicalised","https://www.delst.de/de/lexikon/kaizen/","index,follow",""
"https://www.delst.de/de/lexikon/affinität/","text/html; charset=utf-8","200","OK","1.1","Indexierbar","","https://www.delst.de/de/lexikon/affinität/","index,follow",""
"https://www.delst.de/de/lexikon/g/","text/html; charset=utf-8","200","OK","1.1","Nicht indexierbar","Canonicalised","https://www.delst.de/de/lexikon/gamification/","index,follow",""
"https://www.delst.de/de/lexikon/f/","text/html; charset=utf-8","200","OK","1.1","Nicht indexierbar","Canonicalised","https://www.delst.de/de/lexikon/f-b/","index,follow",""
"https://www.delst.de/de/lexikon/abgaben/","text/html; charset=utf-8","200","OK","1.1","Indexierbar","","https://www.delst.de/de/lexikon/abgaben/","index,follow",""
"https://www.delst.de/de/lexikon/advanced-persistent-threats/","text/html; charset=utf-8","200","OK","1.1","Indexierbar","","https://www.delst.de/de/lexikon/advanced-persistent-threats/","index,follow",""
"https://www.delst.de/de/lexikon/affinity/","text/html; charset=utf-8","200","OK","1.1","Indexierbar","","https://www.delst.de/de/lexikon/affinity/","index,follow",""
"https://www.delst.de/de/lexikon/absolutheitsprinzip/","text/html; charset=utf-8","200","OK","1.1","Indexierbar","","https://www.delst.de/de/lexikon/absolutheitsprinzip/","index,follow",""
"https://www.delst.de/de/lexikon/abgabeordnung-ao/","text/html; charset=utf-8","200","OK","1.1","Indexierbar","","https://www.delst.de/de/lexikon/abgabeordnung-ao/","index,follow",""
"https://www.delst.de/de/lexikon/b/","text/html; charset=utf-8","200","OK","1.1","Nicht indexierbar","Canonicalised","https://www.delst.de/de/lexikon/b2b/","index,follow",""
"https://www.delst.de/de/lexikon/ablauf-einer-gewerbeanmeldung/","text/html; charset=utf-8","200","OK","1.1","Indexierbar","","https://www.delst.de/de/lexikon/ablauf-einer-gewerbeanmeldung/","index,follow",""
"https://www.delst.de/de/lexikon/w/","text/html; charset=utf-8","200","OK","1.1","Nicht indexierbar","Canonicalised","https://www.delst.de/de/lexikon/wachstumstheorie/","index,follow",""
"https://www.delst.de/de/lexikon/v/","text/html; charset=utf-8","200","OK","1.1","Nicht indexierbar","Canonicalised","https://www.delst.de/de/lexikon/vakanz/","index,follow",""
"https://www.delst.de/de/lexikon/absatzkanaele/","text/html; charset=utf-8","200","OK","1.1","Indexierbar","","https://www.delst.de/de/lexikon/absatzkanaele/","index,follow",""
"https://www.delst.de/de/lexikon/adware/","text/html; charset=utf-8","200","OK","1.1","Indexierbar","","https://www.delst.de/de/lexikon/adware/","index,follow",""
"https://www.delst.de/de/lexikon/r/","text/html; charset=utf-8","200","OK","1.1","Nicht indexierbar","Canonicalised","https://www.delst.de/de/lexikon/rabattstaffel/","index,follow",""
"https://www.delst.de/de/lexikon/n/","text/html; charset=utf-8","200","OK","1.1","Nicht indexierbar","Canonicalised","https://www.delst.de/de/lexikon/nachfrage/","index,follow",""
"https://www.delst.de/de/lexikon/aeuv/","text/html; charset=utf-8","200","OK","1.1","Indexierbar","","https://www.delst.de/de/lexikon/aeuv/","index,follow",""
"https://www.delst.de/de/lexikon/adaption/","text/html; charset=utf-8","200","OK","1.1","Indexierbar","","https://www.delst.de/de/lexikon/adaption/","index,follow",""
"https://www.delst.de/de/lexikon/j/","text/html; charset=utf-8","200","OK","1.1","Nicht indexierbar","Canonicalised","https://www.delst.de/de/lexikon/jahresabschluss/","index,follow",""
"https://www.delst.de/de/lexikon/e/","text/html; charset=utf-8","200","OK","1.1","Nicht indexierbar","Canonicalised","https://www.delst.de/de/lexikon/e-business/","index,follow",""
"https://www.delst.de/de/lexikon/active-sourcing/","text/html; charset=utf-8","200","OK","1.1","Indexierbar","","https://www.delst.de/de/lexikon/active-sourcing/","index,follow",""
"https://www.delst.de/de/lexikon/a/","text/html; charset=utf-8","200","OK","1.1","Nicht indexierbar","Canonicalised","https://www.delst.de/de/lexikon/a-b-test/","index,follow",""
"https://www.delst.de/de/lexikon/abschreibungsmethoden/","text/html; charset=utf-8","200","OK","1.1","Indexierbar","","https://www.delst.de/de/lexikon/abschreibungsmethoden/","index,follow",""
"https://www.delst.de/de/lexikon/z/","text/html; charset=utf-8","200","OK","1.1","Nicht indexierbar","Canonicalised","https://www.delst.de/de/lexikon/zahlungsbilanz/","index,follow",""
"https://www.delst.de/de/lexikon/absatzwerbung/","text/html; charset=utf-8","200","OK","1.1","Indexierbar","","https://www.delst.de/de/lexikon/absatzwerbung/","index,follow",""
"https://www.delst.de/de/news/tierheilpraktikerin-wird-futtermittelberaterin/","text/html; charset=utf-8","200","OK","1.1","Indexierbar","","","index,follow",""
"https://www.delst.de/de/news/e-learning-projektmanager-buchbar/","text/html; charset=utf-8","200","OK","1.1","Indexierbar","","https://www.delst.de/de/news/e-learning-projektmanager-buchbar/","index,follow",""
"https://www.delst.de/de/news/kennst-du-antje-lehmann-benz/","text/html; charset=utf-8","200","OK","1.1","Indexierbar","","https://www.delst.de/de/news/kennst-du-antje-lehmann-benz/","index,follow",""
"https://www.delst.de/de/news/kennst-du-alexander-toigo/","text/html; charset=utf-8","200","OK","1.1","Indexierbar","","https://www.delst.de/de/news/kennst-du-alexander-toigo/","index,follow",""
"https://www.delst.de/de/news/fernstudium-vs-praesenzstudium-welche-form-bevorzugen-arbeitgeber/","text/html; charset=utf-8","200","OK","1.1","Indexierbar","","https://www.delst.de/de/news/fernstudium-vs-praesenzstudium-welche-form-bevorzugen-arbeitgeber/","index,follow",""
"https://www.delst.de/de/news/traumjob-betriebswirt/","text/html; charset=utf-8","200","OK","1.1","Indexierbar","","","index,follow",""
"https://www.delst.de/de/news/erfolgsgeschichten-das-delst-sucht-eure-story/","text/html; charset=utf-8","200","OK","1.1","Indexierbar","","https://www.delst.de/de/news/erfolgsgeschichten-das-delst-sucht-eure-story/","index,follow",""
"https://www.delst.de/de/news/e-commerce-manager-jetzt-buchbar/","text/html; charset=utf-8","200","OK","1.1","Indexierbar","","https://www.delst.de/de/news/e-commerce-manager-jetzt-buchbar/","index,follow",""
"https://www.delst.de/de/news/kennst-du-sandra-leist/","text/html; charset=utf-8","200","OK","1.1","Indexierbar","","https://www.delst.de/de/news/kennst-du-sandra-leist/","index,follow",""
"https://www.delst.de/de/news/ausbildung-der-ausbilder-anpassung-an-die-moderne-arbeitswelt/","text/html; charset=utf-8","200","OK","1.1","Indexierbar","","","index,follow",""
"https://www.delst.de/de/news/fernstudientag-2023/","text/html; charset=utf-8","200","OK","1.1","Indexierbar","","","index,follow",""
"https://www.delst.de/de/news/leidenschaft-fuer-pferde/","text/html; charset=utf-8","200","OK","1.1","Indexierbar","","","index,follow",""
