"Adresse","Fehler insgesamt","Warnungen insgesamt","Rich-Result-Fehler","Rich-Result-Warnungen","Rich-Result-Funktionen","Funktion-1","Typen insgesamt","Einzigartige Typen","Typ 1","Indexierbarkeit","Indexierbarkeitsstatus"
"https://www.delst.de/de/","0","0","0","0","0","","0","0","","Indexierbar",""
"https://www.delst.de/de/stellenangebote/","0","0","0","0","0","","0","0","","Indexierbar",""
"https://www.delst.de/de/fernstudium-gesundheitsmanagement/","0","0","0","0","0","","0","0","","Indexierbar",""
"https://www.delst.de/de/news/neu-pruefungstraining-wirtschaftsbezogene-qualifikationen-ihk/","0","0","0","0","0","","0","0","","Indexierbar",""
"https://www.delst.de/de/studieninfos/","0","0","0","0","0","","0","0","","Indexierbar",""
"https://www.delst.de/de/kalender-bildungsberatung/","0","0","0","0","0","","0","0","","Indexierbar",""
"https://www.delst.de/de/ueber-uns/","0","0","0","0","0","","0","0","","Indexierbar",""
"https://www.delst.de/de/foerdermoeglichkeiten/","0","0","0","0","0","","0","0","","Indexierbar",""
"https://www.delst.de/de/lehrgaenge-reiten/","0","0","0","0","0","","0","0","","Indexierbar",""
"https://www.delst.de/de/ihk-weiterbildung/industriefachwirt-ihk-fernstudium/","0","0","0","0","0","","0","0","","Indexierbar",""
"https://www.delst.de/de/weiterbildung-arbeitsamt/","0","0","0","0","0","","0","0","","Indexierbar",""
"https://www.delst.de/de/rabattaktionen/think-outside-the-box/","0","0","0","0","0","","0","0","","Nicht indexierbar","noindex"
"https://www.delst.de/de/rechnungswesen-online/","0","0","0","0","0","","0","0","","Indexierbar",""
"https://www.delst.de/de/affiliate-partnerprogramm/","0","0","0","0","0","","0","0","","Indexierbar",""
"https://www.delst.de/de/news/e-sports-manager-ihk-neuer-fernlehrgang/","0","0","0","0","0","","0","0","","Indexierbar",""
"https://www.delst.de/de/kalender-videoberatung/","0","0","0","0","0","","0","0","","Indexierbar",""
"https://www.delst.de/de/master-professional/","0","0","0","0","0","","0","0","","Indexierbar",""
"https://www.delst.de/de/newsbeitraege/","0","0","0","0","0","","0","0","","Indexierbar",""
"https://www.delst.de/de/lexikon/","0","0","0","0","0","","0","0","","Nicht indexierbar","Canonicalised"
"https://www.delst.de/de/magazinbeitraege/","0","0","0","0","0","","0","0","","Indexierbar",""
"https://www.delst.de/de/deutsches-elearning-studieninstitut/","0","0","0","0","0","","0","0","","Indexierbar",""
"https://www.delst.de/de/faq/","0","0","0","0","0","","0","0","","Indexierbar",""
"https://www.delst.de/de/wirtschaftsfachwirt/","0","0","0","0","0","","0","0","","Indexierbar",""
"https://www.delst.de/de/digitalisierung-unternehmen-digitale-arbeitswelt/","0","0","0","0","0","","0","0","","Indexierbar",""
"https://www.delst.de/de/bildungscoach/","0","0","0","0","0","","0","0","","Indexierbar",""
"https://www.delst.de/de/online-campus/","0","0","0","0","0","","0","0","","Indexierbar",""
"https://www.delst.de/de/fernstudium-hochschule/","0","0","0","0","0","","0","0","","Indexierbar",""
"https://www.delst.de/de/weiterbildung-personalentwicklung-management/","0","0","0","0","0","","0","0","","Indexierbar",""
"https://www.delst.de/de/datenschutzrichtlinien/","0","0","0","0","0","","0","0","","Indexierbar",""
"https://www.delst.de/de/marketing-vertrieb-fernstudium/","0","0","0","0","0","","0","0","","Indexierbar",""
"https://www.delst.de/de/handelsfachwirt/","0","0","0","0","0","","0","0","","Indexierbar",""
"https://www.delst.de/de/ihk-weiterbildung/","0","0","0","0","0","","0","0","","Indexierbar",""
"https://www.delst.de/de/delst-leitsaetze/","0","0","0","0","0","","0","0","","Indexierbar",""
"https://www.delst.de/de/news/kennst-du-sven-arnusch/","0","0","0","0","0","","0","0","","Indexierbar",""
"https://www.delst.de/de/ihk-weiterbildung/wirtschaftsfachwirt-fernstudium/","0","0","0","0","0","","0","0","","Indexierbar",""
"https://www.delst.de/de/weiterbildung-fuer-mitarbeiter-b2b/","0","0","0","0","0","","0","0","","Indexierbar",""
"https://www.delst.de/de/ausbildung-der-ausbilder-ada/","0","0","0","0","0","","0","0","","Indexierbar",""
"https://www.delst.de/de/coaching-ausbildung/","0","0","0","0","0","","0","0","","Indexierbar",""
"https://www.delst.de/de/wirtschaft-weiterbildung/","0","0","0","0","0","","0","0","","Indexierbar",""
"https://www.delst.de/de/agb/","0","0","0","0","0","","0","0","","Indexierbar",""
"https://www.delst.de/de/kontakt/","0","0","0","0","0","","0","0","","Indexierbar",""
"https://www.delst.de/de/impressum/","0","0","0","0","0","","0","0","","Indexierbar",""
"https://www.delst.de/de/ihk-weiterbildung/gepruefter-betriebswirt-ihk-fernstudium/","0","0","0","0","0","","0","0","","Indexierbar",""
"https://www.delst.de/de/ihk-weiterbildung/handelsfachwirt-fernstudium/","0","0","0","0","0","","0","0","","Indexierbar",""
"https://www.delst.de/de/e-learning-weiterbildung/","0","0","0","0","0","","0","0","","Indexierbar",""
"https://www.delst.de/de/stellenangebote/mitarbeiter-massnahmenzertifizierungen-azav/","0","0","0","0","0","","0","0","","Indexierbar",""
"https://www.delst.de/de/stellenangebote/beauftrager-fuer-azav-traeger-und-massnahmenzulassung/","0","0","0","0","0","","0","0","","Indexierbar",""
"https://www.delst.de/de/stellenangebote/prozessmanager/","0","0","0","0","0","","0","0","","Indexierbar",""
"https://www.delst.de/de/stellenangebote/markenbotschafter-social-media/","0","0","0","0","0","","0","0","","Indexierbar",""
"https://www.delst.de/de/stellenangebote/bildungsmanager-bildungsbereich-kaufmaennische-berufe-ihk-lehrgaenge/","0","0","0","0","0","","0","0","","Indexierbar",""
"https://www.delst.de/de/stellenangebote/studienberater-mit-schwerpunkt-vertrieb-b2c/","0","0","0","0","0","","0","0","","Indexierbar",""
"https://www.delst.de/de/stellenangebote/bildungsmanager-bildungsbereich-wirtschaft-management/","0","0","0","0","0","","0","0","","Indexierbar",""
"https://www.delst.de/de/stellenangebote/initiativbewerbung/","0","0","0","0","0","","0","0","","Indexierbar",""
"https://www.delst.de/de/fernstudium-gesundheitsmanagement/ausdauertrainer-ausbildung/","0","0","0","0","0","","0","0","","Indexierbar",""
"https://www.delst.de/de/fernstudium-gesundheitsmanagement/qualitaetsmanagement-gesundheitswesen-weiterbildung/","0","0","0","0","0","","0","0","","Indexierbar",""
"https://www.delst.de/de/fernstudium-gesundheitsmanagement/spa-ausbildung/","0","0","0","0","0","","0","0","","Indexierbar",""
"https://www.delst.de/de/fernstudium-gesundheitsmanagement/fernstudium-ernahrungsberater/","0","0","0","0","0","","0","0","","Indexierbar",""
"https://www.delst.de/de/fernstudium-gesundheitsmanagement/fitnesstrainer-ausbildung/","0","0","0","0","0","","0","0","","Indexierbar",""
"https://www.delst.de/de/fernstudium-gesundheitsmanagement/betrieblicher-gesundheitsmanager-fernstudium/","0","0","0","0","0","","0","0","","Indexierbar",""
"https://www.delst.de/de/studienkonzept/","0","0","0","0","0","","0","0","","Indexierbar",""
"https://www.delst.de/de/lernmethoden/","0","0","0","0","0","","0","0","","Indexierbar",""
"https://www.delst.de/de/studienverlauf/","0","0","0","0","0","","0","0","","Indexierbar",""
"https://www.delst.de/de/qualitaetssicherung/","0","0","0","0","0","","0","0","","Indexierbar",""
"https://www.delst.de/de/ihk-weiterbildung/wirtschaftsbezogene-qualifikationen-pruefungsvorbereitung/","0","0","0","0","0","","0","0","","Indexierbar",""
"https://www.delst.de/de/selbstlernphase/","0","0","0","0","0","","0","0","","Indexierbar",""
"https://www.delst.de/de/lehrvideos/","0","0","0","0","0","","0","0","","Indexierbar",""
"https://www.delst.de/de/webinare/","0","0","0","0","0","","0","0","","Indexierbar",""
"https://www.delst.de/de/bildungspartner/","0","0","0","0","0","","0","0","","Indexierbar",""
"https://www.delst.de/de/web-based-training/","0","0","0","0","0","","0","0","","Indexierbar",""
"https://www.delst.de/de/delst-abschluesse/","0","0","0","0","0","","0","0","","Indexierbar",""
"https://www.delst.de/de/kindergeld/","0","0","0","0","0","","0","0","","Indexierbar",""
"https://www.delst.de/de/delst-foerderung/","0","0","0","0","0","","0","0","","Indexierbar",""
"https://www.delst.de/de/steuern-sparen/","0","0","0","0","0","","0","0","","Indexierbar",""
"https://www.delst.de/de/studieninfos/foerdermoeglichkeiten/qualifizierungschancengesetz/","0","0","0","0","0","","0","0","","Indexierbar",""
"https://www.delst.de/de/kurzarbeit/","0","0","0","0","0","","0","0","","Indexierbar",""
"https://www.delst.de/de/aufstiegs-bafoeg/","0","0","0","0","0","","0","0","","Indexierbar",""
"https://www.delst.de/de/weitere-foerderprogramme/","0","0","0","0","0","","0","0","","Indexierbar",""
"https://www.delst.de/de/bildungsgutschein/","0","0","0","0","0","","0","0","","Indexierbar",""
"https://www.delst.de/de/zuschuss-der-bundeslaender/","0","0","0","0","0","","0","0","","Indexierbar",""
"https://www.delst.de/de/lehrgaenge-reiten/futtermittelberater-ausbildung-richtige-pferdefuetterung/","0","0","0","0","0","","0","0","","Indexierbar",""
"https://www.delst.de/de/lehrgaenge-reiten/reitlehrerin-ausbildung/","0","0","0","0","0","","0","0","","Indexierbar",""
"https://www.delst.de/de/lehrgaenge-reiten/reiten-c-lizenz/","0","0","0","0","0","","0","0","","Indexierbar",""
"https://www.delst.de/de/ihk-weiterbildung/master-professional-betriebswirt/","0","0","0","0","0","","0","0","","Indexierbar",""
"https://www.delst.de/de/studieninfos/foerdermoeglichkeiten/bildungsgutschein-azav/azav-fernstudiengaenge/gepruefter-betriebswirt-azav-bildungsgutschein/","0","0","0","0","0","","0","0","","Nicht indexierbar","Canonicalised"
"https://www.delst.de/de/bundeswehr-weiterbildung/","0","0","0","0","0","","0","0","","Indexierbar",""
"https://www.delst.de/de/weiterbildung-arbeitsamt/ihk-industriefachwirt-weiterbildung-bildungsgutschein/","0","0","0","0","0","","0","0","","Indexierbar",""
"https://www.delst.de/de/anmeldung/fernstudium/?product=industriefachwirt-ihk-fernstudium","0","0","0","0","0","","0","0","","Nicht indexierbar","Canonicalised,noindex"
"https://www.delst.de/de/ihk-weiterbildung/wirtschaftsbezogene-qualifikationen-ihk/","0","0","0","0","0","","0","0","","Indexierbar",""
"https://www.delst.de/de/weiterbildung-arbeitsamt/prozessmanager-digitale-transformation/","0","0","0","0","0","","0","0","","Nicht indexierbar","noindex"
"https://www.delst.de/de/weiterbildung-arbeitsamt/gepruefter-betriebswirt/","0","0","0","0","0","","0","0","","Nicht indexierbar","Canonicalised,noindex"
"https://www.delst.de/de/weiterbildung-arbeitsamt/online-marketing-manager/","0","0","0","0","0","","0","0","","Nicht indexierbar","noindex"
"https://www.delst.de/de/weiterbildung-arbeitsamt/qualitaetsmanager/","0","0","0","0","0","","0","0","","Nicht indexierbar","noindex"
"https://www.delst.de/de/weiterbildung-arbeitsamt/arbeiten-4-0/","0","0","0","0","0","","0","0","","Nicht indexierbar","noindex"
"https://www.delst.de/de/weiterbildung-arbeitsamt/betriebliche-ausbildung/","0","0","0","0","0","","0","0","","Nicht indexierbar","noindex"
"https://www.delst.de/de/weiterbildung-arbeitsamt/wissens-und-transfermanager-4-0/","0","0","0","0","0","","0","0","","Nicht indexierbar","noindex"
"https://www.delst.de/de/weiterbildung-arbeitsamt/gepruefter-wirtschaftsfachwirt-ihk-inkl-ada-schein/","0","0","0","0","0","","0","0","","Nicht indexierbar","Canonicalised,noindex"
"https://www.delst.de/de/weiterbildung-arbeitsamt/vorbereitung-externenpruefung-kauffrau-kaufmann-fuer-bueromanagement-ihk-bildungsgutschein/","0","0","0","0","0","","0","0","","Nicht indexierbar","Canonicalised"
"https://www.delst.de/de/weiterbildung-arbeitsamt/datenschutzmanager/","0","0","0","0","0","","0","0","","Nicht indexierbar","noindex"
"https://www.delst.de/de/weiterbildung-arbeitsamt/gepruefter-manager-im-gesundheits-und-sozialwesen-4-0/","0","0","0","0","0","","0","0","","Nicht indexierbar","Canonicalised,noindex"
"https://www.delst.de/de/weiterbildung-arbeitsamt/gepruefter-technischer-betriebswirt/","0","0","0","0","0","","0","0","","Nicht indexierbar","Canonicalised,noindex"
"https://www.delst.de/de/weiterbildung-arbeitsamt/digitaler-kommunikationscoach/","0","0","0","0","0","","0","0","","Nicht indexierbar","noindex"
"https://www.delst.de/de/weiterbildung-arbeitsamt/gepruefter-technischer-manager-4-0/","0","0","0","0","0","","0","0","","Nicht indexierbar","Canonicalised,noindex"
"https://www.delst.de/de/weiterbildung-arbeitsamt/gepruefter-technischer-betriebswirt-4-0/","0","0","0","0","0","","0","0","","Nicht indexierbar","Canonicalised,noindex"
"https://www.delst.de/de/weiterbildung-arbeitsamt/mentaltrainer/","0","0","0","0","0","","0","0","","Nicht indexierbar","Canonicalised,noindex"
"https://www.delst.de/de/weiterbildung-arbeitsamt/gepruefter-fachwirt-im-gesundheits-und-sozialwesen-ihk-inkl-ada-schein/","0","0","0","0","0","","0","0","","Nicht indexierbar","Canonicalised,noindex"
"https://www.delst.de/de/weiterbildung-arbeitsamt/change-manager/","0","0","0","0","0","","0","0","","Nicht indexierbar","Canonicalised,noindex"
"https://www.delst.de/de/weiterbildung-arbeitsamt/vorbereitung-externenpruefung-kaufmann-ecommerce-ihk/","0","0","0","0","0","","0","0","","Nicht indexierbar","noindex"
"https://www.delst.de/de/weiterbildung-arbeitsamt/digital-sales/","0","0","0","0","0","","0","0","","Nicht indexierbar","noindex"
"https://www.delst.de/de/weiterbildung-arbeitsamt/handelsfachwirt-fernstudium-azav-bildungsgutschein/","0","0","0","0","0","","0","0","","Nicht indexierbar","Canonicalised"
"https://www.delst.de/de/weiterbildung-arbeitsamt/kaufmaennisches-wissen-online-azav-bildungsgutschein/","0","0","0","0","0","","0","0","","Indexierbar",""
"https://www.delst.de/de/weiterbildung-arbeitsamt/digital-transformation-manager-bg/","0","0","0","0","0","","0","0","","Nicht indexierbar","Canonicalised,noindex"
"https://www.delst.de/de/weiterbildung-arbeitsamt/gepruefter-wirtschaftsmanager-4-0/","0","0","0","0","0","","0","0","","Nicht indexierbar","Canonicalised,noindex"
"https://www.delst.de/de/weiterbildung-arbeitsamt/digitalisierungsmanager/","0","0","0","0","0","","0","0","","Nicht indexierbar","Canonicalised,noindex"
"https://www.delst.de/de/weiterbildung-arbeitsamt/vertriebsassistenz-4-0/","0","0","0","0","0","","0","0","","Nicht indexierbar","noindex"
"https://www.delst.de/de/weiterbildung-arbeitsamt/gepruefter-wirtschaftsmanager/","0","0","0","0","0","","0","0","","Nicht indexierbar","Canonicalised,noindex"
"https://www.delst.de/de/weiterbildung-arbeitsamt/personalmanager-4-0/","0","0","0","0","0","","0","0","","Nicht indexierbar","noindex"
"https://www.delst.de/de/weiterbildung-arbeitsamt/gepruefter-betriebswirt-4-0/","0","0","0","0","0","","0","0","","Nicht indexierbar","Canonicalised,noindex"
"https://www.delst.de/de/weiterbildung-arbeitsamt/ada-schein-azav-bildungsgutschein/","0","0","0","0","0","","0","0","","Nicht indexierbar","Canonicalised"
"https://www.delst.de/de/weiterbildung-arbeitsamt/weiterbildung-fachwirt-im-sozial-und-gesundheitswesen-azav-bildungsgutschein/","0","0","0","0","0","","0","0","","Indexierbar",""
"https://www.delst.de/de/weiterbildung-arbeitsamt/ihk-wirtschaftsfachwirt-weiterbildung-bildungsgutschein/","0","0","0","0","0","","0","0","","Indexierbar",""
"https://www.delst.de/de/weiterbildung-arbeitsamt/technischer-fachwirt-weiterbildung-bildungsgutschein/","0","0","0","0","0","","0","0","","Nicht indexierbar","Canonicalised"
"https://www.delst.de/de/weiterbildung-arbeitsamt/transformationsmanager-fuer-nachhaltigkeit/","0","0","0","0","0","","0","0","","Nicht indexierbar","noindex"
"https://www.delst.de/de/weiterbildung-arbeitsamt/gepruefter-e-commerce-manager/","0","0","0","0","0","","0","0","","Nicht indexierbar","Canonicalised,noindex"
"https://www.delst.de/de/weiterbildung-arbeitsamt/gepruefter-technischer-betriebswirt-ihk-inkl-ada-schein/","0","0","0","0","0","","0","0","","Nicht indexierbar","Canonicalised,noindex"
"https://www.delst.de/de/weiterbildung-arbeitsamt/gepruefter-manager-im-gesundheits-und-sozialwesen/","0","0","0","0","0","","0","0","","Nicht indexierbar","Canonicalised,noindex"
"https://www.delst.de/de/weiterbildung-arbeitsamt/qualitaetsmanager-4-0/","0","0","0","0","0","","0","0","","Nicht indexierbar","noindex"
"https://www.delst.de/de/weiterbildung-arbeitsamt/social-media-manager-azav-bildungsgutschein/","0","0","0","0","0","","0","0","","Nicht indexierbar","Canonicalised"
"https://www.delst.de/de/weiterbildung-arbeitsamt/gepruefter-technischer-manager/","0","0","0","0","0","","0","0","","Nicht indexierbar","Canonicalised,noindex"
"https://www.delst.de/de/weiterbildung-arbeitsamt/gepruefter-buchhaltungsassistent/","0","0","0","0","0","","0","0","","Nicht indexierbar","noindex"
"https://www.delst.de/de/weiterbildung-arbeitsamt/gepruefter-bueromanager-4-0/","0","0","0","0","0","","0","0","","Nicht indexierbar","Canonicalised,noindex"
"https://www.delst.de/de/weiterbildung-arbeitsamt/gepruefter-industriemanager/","0","0","0","0","0","","0","0","","Nicht indexierbar","Canonicalised,noindex"
"https://www.delst.de/de/weiterbildung-arbeitsamt/agiler-bueromanager/","0","0","0","0","0","","0","0","","Nicht indexierbar","noindex"
"https://www.delst.de/de/weiterbildung-arbeitsamt/gepruefter-technischer-betriebswirt-ihk/","0","0","0","0","0","","0","0","","Nicht indexierbar","Canonicalised,noindex"
"https://www.delst.de/de/weiterbildung-arbeitsamt/umschulung-kauffrau-fuer-bueromanagement/","0","0","0","0","0","","0","0","","Indexierbar",""
"https://www.delst.de/de/weiterbildung-arbeitsamt/seo-manager-weiterbildung-azav-bildungsgutschein/","0","0","0","0","0","","0","0","","Nicht indexierbar","Canonicalised"
"https://www.delst.de/de/weiterbildung-arbeitsamt/gepruefter-technischer-fachwirt-ihk-inkl-ada-schein/","0","0","0","0","0","","0","0","","Nicht indexierbar","Canonicalised,noindex"
"https://www.delst.de/de/weiterbildung-arbeitsamt/kommunikationstraining-intensiv/","0","0","0","0","0","","0","0","","Nicht indexierbar","noindex"
"https://www.delst.de/de/weiterbildung-arbeitsamt/kommunikationstrainer-ausbildung-bildungsgutschein/","0","0","0","0","0","","0","0","","Indexierbar",""
"https://www.delst.de/de/weiterbildung-arbeitsamt/agiler-projektmanager-4-0/","0","0","0","0","0","","0","0","","Nicht indexierbar","noindex"
"https://www.delst.de/de/weiterbildung-arbeitsamt/finanz-und-marktanalyst/","0","0","0","0","0","","0","0","","Nicht indexierbar","noindex"
"https://www.delst.de/de/weiterbildung-arbeitsamt/gepruefter-betriebswirt-ihk-cci-inkl-ada-schein/","0","0","0","0","0","","0","0","","Nicht indexierbar","Canonicalised,noindex"
"https://www.delst.de/de/weiterbildung-arbeitsamt/datenschutzbeauftragter-weiterbildung-bildungsgutschein/","0","0","0","0","0","","0","0","","Nicht indexierbar","noindex"
"https://www.delst.de/de/weiterbildung-arbeitsamt/gepruefter-handelsmanager/","0","0","0","0","0","","0","0","","Nicht indexierbar","Canonicalised,noindex"
"https://www.delst.de/de/weiterbildung-arbeitsamt/weiterbildung-digitalisierung-azav-bildungsgutschein/","0","0","0","0","0","","0","0","","Nicht indexierbar","Canonicalised"
"https://www.delst.de/de/weiterbildung-arbeitsamt/betriebliche-ausbildung-4-0/","0","0","0","0","0","","0","0","","Nicht indexierbar","noindex"
"https://www.delst.de/de/weiterbildung-arbeitsamt/eventmanager/","0","0","0","0","0","","0","0","","Nicht indexierbar","noindex"
"https://www.delst.de/de/weiterbildung-arbeitsamt/edv-informationstechnologie-kurs-azav-bildungsgutschein/","0","0","0","0","0","","0","0","","Nicht indexierbar","Canonicalised"
"https://www.delst.de/de/weiterbildung-arbeitsamt/agiler-projektmanager/","0","0","0","0","0","","0","0","","Nicht indexierbar","noindex"
"https://www.delst.de/de/weiterbildung-arbeitsamt/gepruefter-wirtschaftsassistent/","0","0","0","0","0","","0","0","","Nicht indexierbar","noindex"
"https://www.delst.de/de/weiterbildung-arbeitsamt/personalmanager/","0","0","0","0","0","","0","0","","Nicht indexierbar","noindex"
"https://www.delst.de/de/weiterbildung-arbeitsamt/projektmanager/","0","0","0","0","0","","0","0","","Nicht indexierbar","noindex"
"https://www.delst.de/de/weiterbildung-arbeitsamt/gepruefter-bueromanager/","0","0","0","0","0","","0","0","","Nicht indexierbar","Canonicalised,noindex"
"https://www.delst.de/de/weiterbildung-arbeitsamt/online-marketing-manager-4-0/","0","0","0","0","0","","0","0","","Nicht indexierbar","noindex"
"https://www.delst.de/de/weiterbildung-arbeitsamt/agiler-qualitaets-und-prozessmanager/","0","0","0","0","0","","0","0","","Nicht indexierbar","noindex"
"https://www.delst.de/de/weiterbildung-arbeitsamt/gepruefter-industriefachwirt-ihk-inkl-ada-schein/","0","0","0","0","0","","0","0","","Nicht indexierbar","Canonicalised,noindex"
"https://www.delst.de/de/weiterbildung-arbeitsamt/wirtschaftsbezogene-qualifikationen/","0","0","0","0","0","","0","0","","Nicht indexierbar","Canonicalised,noindex"
"https://www.delst.de/de/weiterbildung-arbeitsamt/gepruefter-bueroassistent/","0","0","0","0","0","","0","0","","Nicht indexierbar","Canonicalised,noindex"
"https://www.delst.de/de/weiterbildung-arbeitsamt/umschulung-kaufmann-ecommerce-ihk/","0","0","0","0","0","","0","0","","Nicht indexierbar","noindex"
"https://www.delst.de/de/rechnungswesen-online/rechnungswesen-kosten-und-leistungsrechnung-klr/","0","0","0","0","0","","0","0","","Indexierbar",""
"https://www.delst.de/de/rechnungswesen-online/moderne-finanzbuchfuehrung-online-weiterbildung/","0","0","0","0","0","","0","0","","Indexierbar",""
"https://www.delst.de/de/weiterbildung-arbeitsamt/gepruefter-betriebswirt-azav-bildungsgutschein/","0","0","0","0","0","","0","0","","Nicht indexierbar","Canonicalised"
"https://www.delst.de/de/weiterbildung-arbeitsamt/gepruefter-industriemanager-4-0/","0","0","0","0","0","","0","0","","Nicht indexierbar","Canonicalised,noindex"
"https://www.delst.de/de/weiterbildung-arbeitsamt/prozessmanager/","0","0","0","0","0","","0","0","","Nicht indexierbar","Canonicalised,noindex"
"https://www.delst.de/de/rechnungswesen-online/controlling-weiterbildung/","0","0","0","0","0","","0","0","","Indexierbar",""
"https://www.delst.de/de/rechnungswesen-online/ihk-rechnungswesen-verstehen/","0","0","0","0","0","","0","0","","Indexierbar",""
"https://www.delst.de/de/betriebswirt-ihk-vollzeit/","0","0","0","0","0","","0","0","","Indexierbar",""
"https://www.delst.de/de/ihk-weiterbildung/e-sports-manager-ihk/","0","0","0","0","0","","0","0","","Indexierbar",""
"https://www.delst.de/de/betriebswirt-ihk-erfahrungen/","0","0","0","0","0","","0","0","","Indexierbar",""
"https://www.delst.de/de/betriebswirt-ihk-sinnvoll/","0","0","0","0","0","","0","0","","Indexierbar",""
"https://www.delst.de/de/betriebswirt-ihk-lernmaterial/","0","0","0","0","0","","0","0","","Indexierbar",""
"https://www.delst.de/de/betriebswirt-ihk-gehalt/","0","0","0","0","0","","0","0","","Indexierbar",""
"https://www.delst.de/de/betriebswirt-ihk-anerkennung/","0","0","0","0","0","","0","0","","Indexierbar",""
"https://www.delst.de/de/news/aktualisierung-pruefungsordnung-gepruefter-betriebswirt/","0","0","0","0","0","","0","0","","Indexierbar",""
"https://www.delst.de/de/news/informationsveranstaltung-unseres-partners-ehip/","0","0","0","0","0","","0","0","","Indexierbar",""
"https://www.delst.de/de/news/ehip-unser-neuer-bildungspartner/","0","0","0","0","0","","0","0","","Indexierbar",""
"https://www.delst.de/de/news/100-foerderung-ueber-bildungsgutschein/","0","0","0","0","0","","0","0","","Indexierbar",""
"https://www.delst.de/de/news/delst-instagram/","0","0","0","0","0","","0","0","","Indexierbar",""
"https://www.delst.de/de/news/seo-sea-manager-ausbildung-jetzt-buchbar/","0","0","0","0","0","","0","0","","Indexierbar",""
"https://www.delst.de/de/news/kennst-du-schon-markus-edenharder/","0","0","0","0","0","","0","0","","Indexierbar",""
"https://www.delst.de/de/ihk-weiterbildung/technischer-betriebswirt-fernstudium/","0","0","0","0","0","","0","0","","Indexierbar",""
"https://www.delst.de/de/news/kennen-sie-andrea-haertlein/","0","0","0","0","0","","0","0","","Indexierbar",""
"https://www.delst.de/de/news/fernstudientag-2024/","0","0","0","0","0","","0","0","","Indexierbar",""
"https://www.delst.de/de/news/wir-sind-top-anbieter-2023/","0","0","0","0","0","","0","0","","Indexierbar",""
"https://www.delst.de/de/news/kennst-du-philipp-raithel/","0","0","0","0","0","","0","0","","Indexierbar",""
"https://www.delst.de/de/news/kennst-du-stefan-hieronimus/","0","0","0","0","0","","0","0","","Indexierbar",""
"https://www.delst.de/de/news/neue-oeffnungszeiten/","0","0","0","0","0","","0","0","","Indexierbar",""
"https://www.delst.de/de/news/adventskalender/","0","0","0","0","0","","0","0","","Indexierbar",""
"https://www.delst.de/de/news/neue-berufliche-weiterbildung-kommunikation-verbessern/","0","0","0","0","0","","0","0","","Indexierbar",""
"https://www.delst.de/de/news/kennst-du-dr-lisa-marholt/","0","0","0","0","0","","0","0","","Indexierbar",""
"https://www.delst.de/de/news/happy-new-year-2021/","0","0","0","0","0","","0","0","","Indexierbar",""
"https://www.delst.de/de/news/auszeichnung-exzellenter-anbieter-2024/","0","0","0","0","0","","0","0","","Indexierbar",""
"https://www.delst.de/de/news/tutorenvorstellung-carsten-kulka/","0","0","0","0","0","","0","0","","Indexierbar",""
"https://www.delst.de/de/news/kennen-sie-aron-labonte/","0","0","0","0","0","","0","0","","Indexierbar",""
"https://www.delst.de/de/ihk-weiterbildung/technischer-fachwirt-fernstudium/","0","0","0","0","0","","0","0","","Indexierbar",""
"https://www.delst.de/de/news/kennst-du-julia-jorcke/","0","0","0","0","0","","0","0","","Indexierbar",""
"https://www.delst.de/de/news/scrum-lehrgaenge-buchbar/","0","0","0","0","0","","0","0","","Indexierbar",""
"https://www.delst.de/de/news/kennen-sie-ralf-schemmert/","0","0","0","0","0","","0","0","","Indexierbar",""
"https://www.delst.de/de/news/kennst-du-tom-telschow/","0","0","0","0","0","","0","0","","Indexierbar",""
"https://www.delst.de/de/news/bueroassistenz-jetzt-buchbar/","0","0","0","0","0","","0","0","","Indexierbar",""
"https://www.delst.de/de/news/kennst-du-ela-naeffgen/","0","0","0","0","0","","0","0","","Indexierbar",""
"https://www.delst.de/de/news/englische-ihk-abschluesse/","0","0","0","0","0","","0","0","","Indexierbar",""
"https://www.delst.de/de/news/elearning-digitales-lernen-die-moderne-und-flexible-form-der-weiterbildung/","0","0","0","0","0","","0","0","","Indexierbar",""
"https://www.delst.de/de/news/kennst-du-thomas-wiessner/","0","0","0","0","0","","0","0","","Indexierbar",""
"https://www.delst.de/de/news/delst-besuchen-auf-der-messe-jobkarrieretage2022/","0","0","0","0","0","","0","0","","Indexierbar",""
"https://www.delst.de/de/news/betrieblicher-gesundheitsmanager-jetzt-buchbar/","0","0","0","0","0","","0","0","","Indexierbar",""
"https://www.delst.de/de/news/top-institut-2021-fernstudiumcheck/","0","0","0","0","0","","0","0","","Indexierbar",""
"https://www.delst.de/de/news/kennst-du-benjamin-lindner/","0","0","0","0","0","","0","0","","Indexierbar",""
"https://www.delst.de/de/news/wbt-modernes-lernen/","0","0","0","0","0","","0","0","","Indexierbar",""
"https://www.delst.de/de/news/kennst-du-alexander-neumann/","0","0","0","0","0","","0","0","","Indexierbar",""
"https://www.delst.de/de/news/kennst-du-ebru-nal/","0","0","0","0","0","","0","0","","Indexierbar",""
"https://www.delst.de/de/news/wir-wuenschen-ihnen-ein-glueckliches-gesundes-und-erfolgreiches-neue-jahr/","0","0","0","0","0","","0","0","","Indexierbar",""
"https://www.delst.de/de/news/kennst-du-marion-freddy-kraemer/","0","0","0","0","0","","0","0","","Indexierbar",""
"https://www.delst.de/de/news/neuer-fernkurs-ernaehrung-im-natural-bodybuilding/","0","0","0","0","0","","0","0","","Indexierbar",""
"https://www.delst.de/de/news/gepruefter-technischer-betriebswirt-jetzt-buchbar/","0","0","0","0","0","","0","0","","Indexierbar",""
"https://www.delst.de/de/news/top-institut-2022-fernstudiumcheck/","0","0","0","0","0","","0","0","","Indexierbar",""
"https://www.delst.de/de/news/kennst-du-sonja-theile-ochel/","0","0","0","0","0","","0","0","","Indexierbar",""
"https://www.delst.de/de/news/kennst-du-rene-gregorczyk/","0","0","0","0","0","","0","0","","Indexierbar",""
"https://www.delst.de/de/news/kennst-du-dieter-kaiser/","0","0","0","0","0","","0","0","","Indexierbar",""
"https://www.delst.de/de/news/delst-bewerten-und-gewinnen/","0","0","0","0","0","","0","0","","Indexierbar",""
"https://www.delst.de/de/news/neue-delst-website-online/","0","0","0","0","0","","0","0","","Indexierbar",""
"https://www.delst.de/de/news/workout-fuer-den-arbeitsplatz/","0","0","0","0","0","","0","0","","Indexierbar",""
"https://www.delst.de/de/news/kennst-du-schon-marina-schemmert/","0","0","0","0","0","","0","0","","Indexierbar",""
"https://www.delst.de/de/news/studium-im-alter-ihre-chance-der-weiterbildung-ohne-abitur/","0","0","0","0","0","","0","0","","Indexierbar",""
"https://www.delst.de/de/news/kennst-du-schon-laura-koch/","0","0","0","0","0","","0","0","","Indexierbar",""
"https://www.delst.de/de/news/kennst-du-schon-andreas-gloeckl/","0","0","0","0","0","","0","0","","Indexierbar",""
"https://www.delst.de/de/news/kaufmann-frau-im-e-commerce-jetzt-buchbar/","0","0","0","0","0","","0","0","","Indexierbar",""
"https://www.delst.de/de/news/selbstaendig-als-mobiler-reitlehrer/","0","0","0","0","0","","0","0","","Indexierbar",""
"https://www.delst.de/de/news/kennst-du-jennifer-safran/","0","0","0","0","0","","0","0","","Indexierbar",""
"https://www.delst.de/de/lexikon/u/","0","0","0","0","0","","0","0","","Nicht indexierbar","Canonicalised"
"https://www.delst.de/de/lexikon/abs-asset-back-securities/","0","0","0","0","0","","0","0","","Indexierbar",""
"https://www.delst.de/de/lexikon/q/","0","0","0","0","0","","0","0","","Nicht indexierbar","Canonicalised"
"https://www.delst.de/de/lexikon/abwicklungsvertrag/","0","0","0","0","0","","0","0","","Indexierbar",""
"https://www.delst.de/de/lexikon/m/","0","0","0","0","0","","0","0","","Nicht indexierbar","Canonicalised"
"https://www.delst.de/de/lexikon/abzahlungsdarlehen/","0","0","0","0","0","","0","0","","Indexierbar",""
"https://www.delst.de/de/lexikon/i/","0","0","0","0","0","","0","0","","Nicht indexierbar","Canonicalised"
"https://www.delst.de/de/lexikon/d/","0","0","0","0","0","","0","0","","Nicht indexierbar","Canonicalised"
"https://www.delst.de/de/lexikon/abstraktionsprinzip/","0","0","0","0","0","","0","0","","Indexierbar",""
"https://www.delst.de/de/lexikon/abschreibungen/","0","0","0","0","0","","0","0","","Indexierbar",""
"https://www.delst.de/de/lexikon/abweichung-varianz/","0","0","0","0","0","","0","0","","Indexierbar",""
"https://www.delst.de/de/lexikon/abc-analyse/","0","0","0","0","0","","0","0","","Indexierbar",""
"https://www.delst.de/de/lexikon/absatzpotenzial/","0","0","0","0","0","","0","0","","Indexierbar",""
"https://www.delst.de/de/lexikon/abmaß/","0","0","0","0","0","","0","0","","Indexierbar",""
"https://www.delst.de/de/lexikon/absatzmittler/","0","0","0","0","0","","0","0","","Indexierbar",""
"https://www.delst.de/de/lexikon/adrenalinausschuettung/","0","0","0","0","0","","0","0","","Indexierbar",""
"https://www.delst.de/de/lexikon/abstraktes-modell/","0","0","0","0","0","","0","0","","Indexierbar",""
"https://www.delst.de/de/lexikon/ablauforganisation/","0","0","0","0","0","","0","0","","Indexierbar",""
"https://www.delst.de/de/lexikon/after-sales-service/","0","0","0","0","0","","0","0","","Indexierbar",""
"https://www.delst.de/de/lexikon/affiliate-link/","0","0","0","0","0","","0","0","","Indexierbar",""
"https://www.delst.de/de/lexikon/y/","0","0","0","0","0","","0","0","","Nicht indexierbar","Canonicalised"
"https://www.delst.de/de/lexikon/aerogen/","0","0","0","0","0","","0","0","","Indexierbar",""
"https://www.delst.de/de/lexikon/ad-extension/","0","0","0","0","0","","0","0","","Indexierbar",""
"https://www.delst.de/de/lexikon/account/","0","0","0","0","0","","0","0","","Indexierbar",""
"https://www.delst.de/de/lexikon/abszisse/","0","0","0","0","0","","0","0","","Indexierbar",""
"https://www.delst.de/de/digitalisierung-unternehmen-digitale-arbeitswelt/sea-seo-manager-online-fernstudium/","0","0","0","0","0","","0","0","","Indexierbar",""
"https://www.delst.de/de/lexikon/t/","0","0","0","0","0","","0","0","","Nicht indexierbar","Canonicalised"
"https://www.delst.de/de/lexikon/absprungrate/","0","0","0","0","0","","0","0","","Indexierbar",""
"https://www.delst.de/de/lexikon/p/","0","0","0","0","0","","0","0","","Nicht indexierbar","Canonicalised"
"https://www.delst.de/de/lexikon/l/","0","0","0","0","0","","0","0","","Nicht indexierbar","Canonicalised"
"https://www.delst.de/de/lexikon/above-the-line-massnahmen-atl/","0","0","0","0","0","","0","0","","Indexierbar",""
"https://www.delst.de/de/lexikon/absatzvolumen/","0","0","0","0","0","","0","0","","Indexierbar",""
"https://www.delst.de/de/lexikon/h/","0","0","0","0","0","","0","0","","Nicht indexierbar","Canonicalised"
"https://www.delst.de/de/lexikon/advanced-planning-and-scheduling-aps/","0","0","0","0","0","","0","0","","Indexierbar",""
"https://www.delst.de/de/lexikon/affinitätsschätzen/","0","0","0","0","0","","0","0","","Indexierbar",""
"https://www.delst.de/de/lexikon/abgeaenderte-annahme/","0","0","0","0","0","","0","0","","Indexierbar",""
"https://www.delst.de/de/lexikon/abstraktionsniveau/","0","0","0","0","0","","0","0","","Indexierbar",""
"https://www.delst.de/de/lexikon/c/","0","0","0","0","0","","0","0","","Nicht indexierbar","Canonicalised"
"https://www.delst.de/de/lexikon/adsense/","0","0","0","0","0","","0","0","","Indexierbar",""
"https://www.delst.de/de/lexikon/affility-marketing/","0","0","0","0","0","","0","0","","Indexierbar",""
"https://www.delst.de/de/lexikon/affiliate/","0","0","0","0","0","","0","0","","Indexierbar",""
"https://www.delst.de/de/lexikon/absoluter-marktanteil/","0","0","0","0","0","","0","0","","Indexierbar",""
"https://www.delst.de/de/lexikon/x/","0","0","0","0","0","","0","0","","Nicht indexierbar","Canonicalised"
"https://www.delst.de/de/lexikon/adcell/","0","0","0","0","0","","0","0","","Indexierbar",""
"https://www.delst.de/de/lexikon/a-b-test/","0","0","0","0","0","","0","0","","Indexierbar",""
"https://www.delst.de/de/lexikon/affektiv/","0","0","0","0","0","","0","0","","Indexierbar",""
"https://www.delst.de/de/lexikon/administrativ/","0","0","0","0","0","","0","0","","Indexierbar",""
"https://www.delst.de/de/lexikon/s/","0","0","0","0","0","","0","0","","Nicht indexierbar","Canonicalised"
"https://www.delst.de/de/lexikon/absatzhelfer/","0","0","0","0","0","","0","0","","Indexierbar",""
"https://www.delst.de/de/lexikon/o/","0","0","0","0","0","","0","0","","Nicht indexierbar","Canonicalised"
"https://www.delst.de/de/lexikon/k/","0","0","0","0","0","","0","0","","Nicht indexierbar","Canonicalised"
"https://www.delst.de/de/lexikon/affinität/","0","0","0","0","0","","0","0","","Indexierbar",""
"https://www.delst.de/de/lexikon/g/","0","0","0","0","0","","0","0","","Nicht indexierbar","Canonicalised"
"https://www.delst.de/de/lexikon/f/","0","0","0","0","0","","0","0","","Nicht indexierbar","Canonicalised"
"https://www.delst.de/de/lexikon/abgaben/","0","0","0","0","0","","0","0","","Indexierbar",""
"https://www.delst.de/de/lexikon/advanced-persistent-threats/","0","0","0","0","0","","0","0","","Indexierbar",""
"https://www.delst.de/de/lexikon/affinity/","0","0","0","0","0","","0","0","","Indexierbar",""
"https://www.delst.de/de/lexikon/absolutheitsprinzip/","0","0","0","0","0","","0","0","","Indexierbar",""
"https://www.delst.de/de/lexikon/abgabeordnung-ao/","0","0","0","0","0","","0","0","","Indexierbar",""
"https://www.delst.de/de/lexikon/b/","0","0","0","0","0","","0","0","","Nicht indexierbar","Canonicalised"
"https://www.delst.de/de/lexikon/ablauf-einer-gewerbeanmeldung/","0","0","0","0","0","","0","0","","Indexierbar",""
"https://www.delst.de/de/lexikon/w/","0","0","0","0","0","","0","0","","Nicht indexierbar","Canonicalised"
"https://www.delst.de/de/lexikon/v/","0","0","0","0","0","","0","0","","Nicht indexierbar","Canonicalised"
"https://www.delst.de/de/lexikon/absatzkanaele/","0","0","0","0","0","","0","0","","Indexierbar",""
"https://www.delst.de/de/lexikon/adware/","0","0","0","0","0","","0","0","","Indexierbar",""
"https://www.delst.de/de/lexikon/r/","0","0","0","0","0","","0","0","","Nicht indexierbar","Canonicalised"
"https://www.delst.de/de/lexikon/n/","0","0","0","0","0","","0","0","","Nicht indexierbar","Canonicalised"
"https://www.delst.de/de/lexikon/aeuv/","0","0","0","0","0","","0","0","","Indexierbar",""
"https://www.delst.de/de/lexikon/adaption/","0","0","0","0","0","","0","0","","Indexierbar",""
"https://www.delst.de/de/lexikon/j/","0","0","0","0","0","","0","0","","Nicht indexierbar","Canonicalised"
"https://www.delst.de/de/lexikon/e/","0","0","0","0","0","","0","0","","Nicht indexierbar","Canonicalised"
"https://www.delst.de/de/lexikon/active-sourcing/","0","0","0","0","0","","0","0","","Indexierbar",""
"https://www.delst.de/de/lexikon/a/","0","0","0","0","0","","0","0","","Nicht indexierbar","Canonicalised"
"https://www.delst.de/de/lexikon/abschreibungsmethoden/","0","0","0","0","0","","0","0","","Indexierbar",""
"https://www.delst.de/de/lexikon/z/","0","0","0","0","0","","0","0","","Nicht indexierbar","Canonicalised"
"https://www.delst.de/de/lexikon/absatzwerbung/","0","0","0","0","0","","0","0","","Indexierbar",""
"https://www.delst.de/de/news/tierheilpraktikerin-wird-futtermittelberaterin/","0","0","0","0","0","","0","0","","Indexierbar",""
"https://www.delst.de/de/news/e-learning-projektmanager-buchbar/","0","0","0","0","0","","0","0","","Indexierbar",""
"https://www.delst.de/de/news/kennst-du-antje-lehmann-benz/","0","0","0","0","0","","0","0","","Indexierbar",""
"https://www.delst.de/de/news/kennst-du-alexander-toigo/","0","0","0","0","0","","0","0","","Indexierbar",""
"https://www.delst.de/de/news/fernstudium-vs-praesenzstudium-welche-form-bevorzugen-arbeitgeber/","0","0","0","0","0","","0","0","","Indexierbar",""
"https://www.delst.de/de/news/traumjob-betriebswirt/","0","0","0","0","0","","0","0","","Indexierbar",""
"https://www.delst.de/de/news/erfolgsgeschichten-das-delst-sucht-eure-story/","0","0","0","0","0","","0","0","","Indexierbar",""
"https://www.delst.de/de/news/e-commerce-manager-jetzt-buchbar/","0","0","0","0","0","","0","0","","Indexierbar",""
"https://www.delst.de/de/news/kennst-du-sandra-leist/","0","0","0","0","0","","0","0","","Indexierbar",""
"https://www.delst.de/de/news/ausbildung-der-ausbilder-anpassung-an-die-moderne-arbeitswelt/","0","0","0","0","0","","0","0","","Indexierbar",""
"https://www.delst.de/de/news/fernstudientag-2023/","0","0","0","0","0","","0","0","","Indexierbar",""
"https://www.delst.de/de/news/leidenschaft-fuer-pferde/","0","0","0","0","0","","0","0","","Indexierbar",""
