"Adresse","Häufigkeit","Titel 1","Länge von Titel 1","Pixelbreite von Titel 1","Indexierbarkeit","Indexierbarkeitsstatus"
"https://www.delst.de/de/","1","DeLSt - Deutsches eLearning Studieninstitut","43","394","Indexierbar",""
"https://www.delst.de/de/stellenangebote/","1","Wir suchen dich! DeLSt-Stellenangebote","38","357","Indexierbar",""
"https://www.delst.de/de/fernstudium-gesundheitsmanagement/","1","Fitness- und Gesundheitsmanagement Weiterbildungen | DeLSt","58","566","Indexierbar",""
"https://www.delst.de/de/news/neu-pruefungstraining-wirtschaftsbezogene-qualifikationen-ihk/","1","Neu: Intensives Prüfungstraining für Wirtschaftsbezogene Qualifikationen (IHK)","78","707","Indexierbar",""
"https://www.delst.de/de/studieninfos/","1","Studieninfos | DeLSt","20","181","Indexierbar",""
"https://www.delst.de/de/kalender-bildungsberatung/","1","Terminvereinbarung der Bildungsberatung","39","376","Indexierbar",""
"https://www.delst.de/de/ueber-uns/","1","Über uns | DeLSt","16","148","Indexierbar",""
"https://www.delst.de/de/foerdermoeglichkeiten/","1","Fördermöglichkeiten | DeLSt","27","253","Indexierbar",""
"https://www.delst.de/de/lehrgaenge-reiten/","1","Reitsport Lehrgänge | DeLSt","27","250","Indexierbar",""
"https://www.delst.de/de/ihk-weiterbildung/industriefachwirt-ihk-fernstudium/","1","Industriefachwirt IHK Fernstudium | DeLSt","41","375","Indexierbar",""
"https://www.delst.de/de/weiterbildung-arbeitsamt/","1","AZAV-Maßnahmen mit Bildungsgutschein | DeLSt","44","442","Indexierbar",""
"https://www.delst.de/de/rabattaktionen/think-outside-the-box/","1","Think outside the box | DeLSt","29","260","Nicht indexierbar","noindex"
"https://www.delst.de/de/rechnungswesen-online/","1","Weiterbildungen im Rechnungswesen | DeLSt","41","404","Indexierbar",""
"https://www.delst.de/de/affiliate-partnerprogramm/","1","Partnerprogramm - jetzt Affiliate werden! | DeLSt","49","438","Indexierbar",""
"https://www.delst.de/de/news/e-sports-manager-ihk-neuer-fernlehrgang/","1","E-Sports Manager (IHK) - neuer Fernlehrgang in Zusammenarbeit mit der IHK","73","686","Indexierbar",""
"https://www.delst.de/de/kalender-videoberatung/","1","Terminvereinbarung für Videoberatung","36","347","Indexierbar",""
"https://www.delst.de/de/master-professional/","1","Master Professional | DeLSt","27","249","Indexierbar",""
"https://www.delst.de/de/newsbeitraege/","1","News | DeLSt","12","119","Indexierbar",""
"https://www.delst.de/de/lexikon/","1","A/B-Test | Definition und Erklärung","35","307","Nicht indexierbar","Canonicalised"
"https://www.delst.de/de/magazinbeitraege/","1","Magazinbeiträge | DeLSt","23","219","Indexierbar",""
"https://www.delst.de/de/deutsches-elearning-studieninstitut/","1","Deutsches eLearning Studieninstitut | DeLSt","43","393","Indexierbar",""
"https://www.delst.de/de/faq/","1","Häufig gestellte Fragen (FAQ) | DeLSt","37","335","Indexierbar",""
"https://www.delst.de/de/wirtschaftsfachwirt/","1","Wirtschaftsfachwirt | DeLSt","27","245","Indexierbar",""
"https://www.delst.de/de/digitalisierung-unternehmen-digitale-arbeitswelt/","1","Digitalisierung Weiterbildungen im Fernstudium | DeLSt","54","494","Indexierbar",""
"https://www.delst.de/de/bildungscoach/","1","Bildungscoach | DeLSt","21","198","Indexierbar",""
"https://www.delst.de/de/online-campus/","1","Online Campus | DeLSt","21","205","Indexierbar",""
"https://www.delst.de/de/fernstudium-hochschule/","1","Akademische Abschlüsse | DeLSt","30","297","Indexierbar",""
"https://www.delst.de/de/weiterbildung-personalentwicklung-management/","1","Weiterbildungen Management und Personalentwicklung | DeLSt","58","568","Indexierbar",""
"https://www.delst.de/de/datenschutzrichtlinien/","1","Datenschutzrichtlinien | DeLSt","30","269","Indexierbar",""
"https://www.delst.de/de/marketing-vertrieb-fernstudium/","1","Marketing und Vertrieb im Fernstudium | DeLSt","45","420","Indexierbar",""
"https://www.delst.de/de/handelsfachwirt/","1","Handelsfachwirt | DeLSt","23","215","Indexierbar",""
"https://www.delst.de/de/ihk-weiterbildung/","1","IHK Weiterbildungen | DeLSt","27","252","Indexierbar",""
"https://www.delst.de/de/delst-leitsaetze/","1","Unsere Leitsätze | DeLSt","24","220","Indexierbar",""
"https://www.delst.de/de/news/kennst-du-sven-arnusch/","1","Kennst du Sven Arnusch | DeLSt","30","286","Indexierbar",""
"https://www.delst.de/de/ihk-weiterbildung/wirtschaftsfachwirt-fernstudium/","1","Wirtschaftsfachwirt IHK Fernstudium | DeLSt","43","400","Indexierbar",""
"https://www.delst.de/de/weiterbildung-fuer-mitarbeiter-b2b/","1","Weiterbildungen für Mitarbeiter - B2B | DeLSt","45","400","Indexierbar",""
"https://www.delst.de/de/ausbildung-der-ausbilder-ada/","1","Ausbildung der Ausbilder (AdA) | DeLSt","38","347","Indexierbar",""
"https://www.delst.de/de/coaching-ausbildung/","1","Coaching Ausbildungen im Fernstudium | DeLSt","44","424","Indexierbar",""
"https://www.delst.de/de/wirtschaft-weiterbildung/","1","Wirtschaft Fernstudium | DeLSt","30","280","Indexierbar",""
"https://www.delst.de/de/agb/","1","AGB | DeLSt","11","108","Indexierbar",""
"https://www.delst.de/de/kontakt/","1","Kontakt | DeLSt","15","139","Indexierbar",""
"https://www.delst.de/de/impressum/","1","Impressum | DeLSt","17","170","Indexierbar",""
"https://www.delst.de/de/ihk-weiterbildung/gepruefter-betriebswirt-ihk-fernstudium/","1","Geprüfter Betriebswirt IHK Fernstudium | DeLSt","46","423","Indexierbar",""
"https://www.delst.de/de/ihk-weiterbildung/handelsfachwirt-fernstudium/","1","Handelsfachwirt Fernstudium | DeLSt","35","333","Indexierbar",""
"https://www.delst.de/de/e-learning-weiterbildung/","1","E-Learning Aus- und Weiterbildungen | DeLSt","43","398","Indexierbar",""
"https://www.delst.de/de/stellenangebote/mitarbeiter-massnahmenzertifizierungen-azav/","1","Mitarbeiter Maßnahmenzertifizierungen nach AZAV (m/w/d)","55","540","Indexierbar",""
"https://www.delst.de/de/stellenangebote/beauftrager-fuer-azav-traeger-und-massnahmenzulassung/","1","Beauftragte*r für AZAV-Träger- und Maßnahmenzulassung (m/w/d)","61","604","Indexierbar",""
"https://www.delst.de/de/stellenangebote/prozessmanager/","1","Stellenangebot - Prozessmanager (m/w/d)","39","382","Indexierbar",""
"https://www.delst.de/de/stellenangebote/markenbotschafter-social-media/","1","Stellenangebot - Markenbotschafter Social Media (m/w/d)","55","519","Indexierbar",""
"https://www.delst.de/de/stellenangebote/bildungsmanager-bildungsbereich-kaufmaennische-berufe-ihk-lehrgaenge/","1","Bildungsmanager -  Bildungsbereich Kaufmännische Berufe & IHK-Lehrgänge (m/w/d)","79","757","Indexierbar",""
"https://www.delst.de/de/stellenangebote/studienberater-mit-schwerpunkt-vertrieb-b2c/","1","Studienberater mit Schwerpunkt Vertrieb B2C (m/w/d)","51","486","Indexierbar",""
"https://www.delst.de/de/stellenangebote/bildungsmanager-bildungsbereich-wirtschaft-management/","1","Bildungsmanager - Bildungsbereich Wirtschaft & Management (m/w/d)","65","632","Indexierbar",""
"https://www.delst.de/de/stellenangebote/initiativbewerbung/","1","Initiativbewerbung | DeLSt","26","234","Indexierbar",""
"https://www.delst.de/de/fernstudium-gesundheitsmanagement/ausdauertrainer-ausbildung/","1","Lauf- und Ausdauertrainer Ausbildung | DeLSt","44","406","Indexierbar",""
"https://www.delst.de/de/fernstudium-gesundheitsmanagement/qualitaetsmanagement-gesundheitswesen-weiterbildung/","1","Qualitätsmanagement im Gesundheits- und Sozialwesen Weiterbildung","65","636","Indexierbar",""
"https://www.delst.de/de/fernstudium-gesundheitsmanagement/spa-ausbildung/","1","SPA-Management Fernstudium | DeLSt","34","350","Indexierbar",""
"https://www.delst.de/de/fernstudium-gesundheitsmanagement/fernstudium-ernahrungsberater/","1","Ernährungsberater Fernstudium | DeLSt","37","353","Indexierbar",""
"https://www.delst.de/de/fernstudium-gesundheitsmanagement/fitnesstrainer-ausbildung/","1","Fitnesstrainer Online-Ausbildung | DeLSt","40","360","Indexierbar",""
"https://www.delst.de/de/fernstudium-gesundheitsmanagement/betrieblicher-gesundheitsmanager-fernstudium/","1","Betriebliches Gesundheitsmanagement Fernstudium | DeLSt","55","540","Indexierbar",""
"https://www.delst.de/de/studienkonzept/","1","Studienkonzept | DeLSt","22","208","Indexierbar",""
"https://www.delst.de/de/lernmethoden/","1","Lehr- und Lernmethoden","22","220","Indexierbar",""
"https://www.delst.de/de/studienverlauf/","1","Studienverlauf | DeLSt","22","199","Indexierbar",""
"https://www.delst.de/de/qualitaetssicherung/","1","Qualitätssicherung | DeLSt","26","237","Indexierbar",""
"https://www.delst.de/de/ihk-weiterbildung/wirtschaftsbezogene-qualifikationen-pruefungsvorbereitung/","1","Wirtschaftsbezogene Qualifikationen - Prüfungstraining (IHK) | DeLSt","68","615","Indexierbar",""
"https://www.delst.de/de/selbstlernphase/","1","Selbstlernphase | DeLSt","23","213","Indexierbar",""
"https://www.delst.de/de/lehrvideos/","1","Online-Vorlesungen | DeLSt","26","244","Indexierbar",""
"https://www.delst.de/de/webinare/","1","Webinare - Was ist das? | DeLSt","31","282","Indexierbar",""
"https://www.delst.de/de/bildungspartner/","1","Bildungspartner | DeLSt","23","210","Indexierbar",""
"https://www.delst.de/de/web-based-training/","1","Web Based Training (WBT)","24","239","Indexierbar",""
"https://www.delst.de/de/delst-abschluesse/","1","Abschlüsse und Auszeichnungen | DeLSt","37","361","Indexierbar",""
"https://www.delst.de/de/kindergeld/","1","Infos zum Kindergeld | DeLSt","28","258","Indexierbar",""
"https://www.delst.de/de/delst-foerderung/","1","DeLSt – Förderung | DeLSt","25","237","Indexierbar",""
"https://www.delst.de/de/steuern-sparen/","1","Steuern sparen | DeLSt","22","205","Indexierbar",""
"https://www.delst.de/de/studieninfos/foerdermoeglichkeiten/qualifizierungschancengesetz/","1","Qualifizierungschancengesetz | DeLSt","36","338","Indexierbar",""
"https://www.delst.de/de/kurzarbeit/","1","Kurzarbeit | DeLSt","18","162","Indexierbar",""
"https://www.delst.de/de/aufstiegs-bafoeg/","1","Aufstiegs-BAföG | DeLSt","23","217","Indexierbar",""
"https://www.delst.de/de/weitere-foerderprogramme/","1","Weitere Förderprogramme | DeLSt","31","307","Indexierbar",""
"https://www.delst.de/de/bildungsgutschein/","1","Bildungsgutschein AZAV | DeLSt","30","288","Indexierbar",""
"https://www.delst.de/de/zuschuss-der-bundeslaender/","1","Zuschuss der Bundesländer | DeLSt","33","315","Indexierbar",""
"https://www.delst.de/de/lehrgaenge-reiten/futtermittelberater-ausbildung-richtige-pferdefuetterung/","1","Futtermittelberater für Pferde Fernstudium | DeLSt","50","454","Indexierbar",""
"https://www.delst.de/de/lehrgaenge-reiten/reitlehrerin-ausbildung/","1","Reiten B-Lizenz Ausbildung | DeLSt","34","311","Indexierbar",""
"https://www.delst.de/de/lehrgaenge-reiten/reiten-c-lizenz/","1","Reiten C-Lizenz Lehrgang | DeLSt","32","297","Indexierbar",""
"https://www.delst.de/de/ihk-weiterbildung/master-professional-betriebswirt/","1","Master Professional in Business Management Fernstudium | DeLSt","62","597","Indexierbar",""
"https://www.delst.de/de/studieninfos/foerdermoeglichkeiten/bildungsgutschein-azav/azav-fernstudiengaenge/gepruefter-betriebswirt-azav-bildungsgutschein/","1","Geprüfte*r Betriebswirt*in IHK - mit Bildungsgutschein (AZAV) | DeLSt","69","623","Nicht indexierbar","Canonicalised"
"https://www.delst.de/de/bundeswehr-weiterbildung/","1","Beförderungsdienst der Bundeswehr (BFD) | DeLSt","47","448","Indexierbar",""
"https://www.delst.de/de/weiterbildung-arbeitsamt/ihk-industriefachwirt-weiterbildung-bildungsgutschein/","1","Geprüfte*r Industriefachwirt*in IHK - mit Bildungsgutschein (AZAV) | DeLSt","74","666","Indexierbar",""
"https://www.delst.de/de/anmeldung/fernstudium/?product=industriefachwirt-ihk-fernstudium","1","Fernstudium","11","113","Nicht indexierbar","Canonicalised,noindex"
"https://www.delst.de/de/ihk-weiterbildung/wirtschaftsbezogene-qualifikationen-ihk/","1","Wirtschaftsbezogene Qualifikationen im Fernstudium | DeLSt","58","545","Indexierbar",""
"https://www.delst.de/de/weiterbildung-arbeitsamt/prozessmanager-digitale-transformation/","1","Prozessmanager*in Digitale Transformation - mit Bildungsgutschein | DeLSt","73","677","Nicht indexierbar","noindex"
"https://www.delst.de/de/weiterbildung-arbeitsamt/gepruefter-betriebswirt/","1","Geprüfte*r Betriebswirt*in - mit Bildungsgutschein | DeLSt","58","516","Nicht indexierbar","Canonicalised,noindex"
"https://www.delst.de/de/weiterbildung-arbeitsamt/online-marketing-manager/","1","Online Marketing Manager*in - mit Bildungsgutschein | DeLSt","59","544","Nicht indexierbar","noindex"
"https://www.delst.de/de/weiterbildung-arbeitsamt/qualitaetsmanager/","1","Qualitätsmanager*in - mit Bildungsgutschein | DeLSt","51","469","Nicht indexierbar","noindex"
"https://www.delst.de/de/weiterbildung-arbeitsamt/arbeiten-4-0/","1","Arbeiten 4.0 - mit Bildungsgutschein (AZAV) | DeLSt","51","461","Nicht indexierbar","noindex"
"https://www.delst.de/de/weiterbildung-arbeitsamt/betriebliche-ausbildung/","1","Betriebliche Ausbildung - mit Bildungsgutschein (AZAV) | DeLSt","62","563","Nicht indexierbar","noindex"
"https://www.delst.de/de/weiterbildung-arbeitsamt/wissens-und-transfermanager-4-0/","1","Wissens- und Transfermanager*in 4.0 - mit Bildungsgutschein | DeLSt","67","620","Nicht indexierbar","noindex"
"https://www.delst.de/de/weiterbildung-arbeitsamt/gepruefter-wirtschaftsfachwirt-ihk-inkl-ada-schein/","1","Geprüfte*r Wirtschafts­fachwirt*in (IHK) inkl. AdA-Schein - mit Bildungsgutschein (AZAV) | DeLSt","96","854","Nicht indexierbar","Canonicalised,noindex"
"https://www.delst.de/de/weiterbildung-arbeitsamt/vorbereitung-externenpruefung-kauffrau-kaufmann-fuer-bueromanagement-ihk-bildungsgutschein/","1","Prüfungsvorbereitung Kaufmann*frau für Büromanagement (IHK) - mit Bildungsgutschein (AZAV) | DeLSt","98","937","Nicht indexierbar","Canonicalised"
"https://www.delst.de/de/weiterbildung-arbeitsamt/datenschutzmanager/","1","Datenschutzmanager*in - mit Bildungsgutschein | DeLSt","53","500","Nicht indexierbar","noindex"
"https://www.delst.de/de/weiterbildung-arbeitsamt/gepruefter-manager-im-gesundheits-und-sozialwesen-4-0/","1","Geprüfte*r Manager*in im Gesundheits- und Sozialwesen 4.0 - mit Bildungsgutschein | DeLSt","89","825","Nicht indexierbar","Canonicalised,noindex"
"https://www.delst.de/de/weiterbildung-arbeitsamt/gepruefter-technischer-betriebswirt/","1","Geprüfte*r technische*r Betriebswirt*in - mit Bildungsgutschein | DeLSt","71","634","Nicht indexierbar","Canonicalised,noindex"
"https://www.delst.de/de/weiterbildung-arbeitsamt/digitaler-kommunikationscoach/","1","Digitale*r Kommunikationscoach*in - mit Bildungsgutschein | DeLSt","65","602","Nicht indexierbar","noindex"
"https://www.delst.de/de/weiterbildung-arbeitsamt/gepruefter-technischer-manager-4-0/","1","Geprüfte*r technische*r Manager*in 4.0 - mit Bildungsgutschein (AZAV) | DeLSt","77","707","Nicht indexierbar","Canonicalised,noindex"
"https://www.delst.de/de/weiterbildung-arbeitsamt/gepruefter-technischer-betriebswirt-4-0/","1","Geprüfte*r technische*r Betriebswirt*in 4.0 - mit Bildungsgutschein | DeLSt","75","666","Nicht indexierbar","Canonicalised,noindex"
"https://www.delst.de/de/weiterbildung-arbeitsamt/mentaltrainer/","1","Mentaltrainer*in - mit Bildungsgutschein | DeLSt","48","429","Nicht indexierbar","Canonicalised,noindex"
"https://www.delst.de/de/weiterbildung-arbeitsamt/gepruefter-fachwirt-im-gesundheits-und-sozialwesen-ihk-inkl-ada-schein/","1","Geprüfte*r Fachwirt*in im Gesundheits- und Sozialwesen (IHK) inkl. AdA-Schein - mit Bildungsgutschein (AZAV) | DeLSt","116","1061","Nicht indexierbar","Canonicalised,noindex"
"https://www.delst.de/de/weiterbildung-arbeitsamt/change-manager/","1","Change Manager*in - mit Bildungsgutschein | DeLSt","49","460","Nicht indexierbar","Canonicalised,noindex"
"https://www.delst.de/de/weiterbildung-arbeitsamt/vorbereitung-externenpruefung-kaufmann-ecommerce-ihk/","1","Vorbereitung Externenprüfung Kaufmann*frau im E-Commerce (IHK) - mit Bildungsgutschein | DeLSt","94","895","Nicht indexierbar","noindex"
"https://www.delst.de/de/weiterbildung-arbeitsamt/digital-sales/","1","Digital Sales - mit Bildungsgutschein | DeLSt","45","394","Nicht indexierbar","noindex"
"https://www.delst.de/de/weiterbildung-arbeitsamt/handelsfachwirt-fernstudium-azav-bildungsgutschein/","1","Handelsfachwirt*in Fernstudium - mit Bildungsgutschein (AZAV) | DeLSt","69","642","Nicht indexierbar","Canonicalised"
"https://www.delst.de/de/weiterbildung-arbeitsamt/kaufmaennisches-wissen-online-azav-bildungsgutschein/","1","Kaufmännisches Grundwissen - mit Bildungsgutschein (AZAV) | DeLSt","65","624","Indexierbar",""
"https://www.delst.de/de/weiterbildung-arbeitsamt/digital-transformation-manager-bg/","1","Digital Transformation Manager*in - mit Bildungsgutschein | DeLSt","65","593","Nicht indexierbar","Canonicalised,noindex"
"https://www.delst.de/de/weiterbildung-arbeitsamt/gepruefter-wirtschaftsmanager-4-0/","1","Geprüfte*r Wirtschaftsmanager*in 4.0 - mit Bildungsgutschein | DeLSt","68","623","Nicht indexierbar","Canonicalised,noindex"
"https://www.delst.de/de/weiterbildung-arbeitsamt/digitalisierungsmanager/","1","Digitalisierungsmanager*in - mit Bildungsgutschein | DeLSt","58","526","Nicht indexierbar","Canonicalised,noindex"
"https://www.delst.de/de/weiterbildung-arbeitsamt/vertriebsassistenz-4-0/","1","Vertriebsassistenz 4.0 - mit Bildungsgutschein | DeLSt","54","482","Nicht indexierbar","noindex"
"https://www.delst.de/de/weiterbildung-arbeitsamt/gepruefter-wirtschaftsmanager/","1","Geprüfte*r Wirtschaftsmanager*in - mit Bildungsgutschein | DeLSt","64","591","Nicht indexierbar","Canonicalised,noindex"
"https://www.delst.de/de/weiterbildung-arbeitsamt/personalmanager-4-0/","1","Personalmanager*in 4.0 - mit Bildungsgutschein | DeLSt","54","499","Nicht indexierbar","noindex"
"https://www.delst.de/de/weiterbildung-arbeitsamt/gepruefter-betriebswirt-4-0/","1","Geprüfte*r Betriebswirt*in 4.0 - mit Bildungsgutschein | DeLSt","62","548","Nicht indexierbar","Canonicalised,noindex"
"https://www.delst.de/de/weiterbildung-arbeitsamt/ada-schein-azav-bildungsgutschein/","1","AdA-Schein ONLINE - mit Bildungsgutschein (AZAV) | DeLSt","56","530","Nicht indexierbar","Canonicalised"
"https://www.delst.de/de/weiterbildung-arbeitsamt/weiterbildung-fachwirt-im-sozial-und-gesundheitswesen-azav-bildungsgutschein/","1","Geprüfte*r Fachwirt*in im Gesundheits- und Sozialwesen (IHK) - mit Bildungsgutschein (AZAV) | DeLSt","99","912","Indexierbar",""
"https://www.delst.de/de/weiterbildung-arbeitsamt/ihk-wirtschaftsfachwirt-weiterbildung-bildungsgutschein/","1","Wirtschaftsfachwirt*in IHK - mit Bildungsgutschein (AZAV) | DeLSt","65","591","Indexierbar",""
"https://www.delst.de/de/weiterbildung-arbeitsamt/technischer-fachwirt-weiterbildung-bildungsgutschein/","1","Geprüfter technische*r Fachwirt*in IHK - mit Bildungsgutschein (AZAV) | DeLSt","77","701","Nicht indexierbar","Canonicalised"
"https://www.delst.de/de/weiterbildung-arbeitsamt/transformationsmanager-fuer-nachhaltigkeit/","1","Transformationsmanager*in für Nachhaltigkeit - mit Bildungsgutschein | DeLSt","76","701","Nicht indexierbar","noindex"
"https://www.delst.de/de/weiterbildung-arbeitsamt/gepruefter-e-commerce-manager/","1","Geprüfte*r E-Commerce Manager*in - mit Bildungsgutschein | DeLSt","64","608","Nicht indexierbar","Canonicalised,noindex"
"https://www.delst.de/de/weiterbildung-arbeitsamt/gepruefter-technischer-betriebswirt-ihk-inkl-ada-schein/","1","Geprüfte*r technische*r Betriebswirt*in (IHK) inkl. AdA-Schein - mit Bildungsgutschein | DeLSt","94","834","Nicht indexierbar","Canonicalised,noindex"
"https://www.delst.de/de/weiterbildung-arbeitsamt/gepruefter-manager-im-gesundheits-und-sozialwesen/","1","Geprüfte*r Manager*in im Gesundheits- und Sozialwesen - mit Bildungsgutschein | DeLSt","85","793","Nicht indexierbar","Canonicalised,noindex"
"https://www.delst.de/de/weiterbildung-arbeitsamt/qualitaetsmanager-4-0/","1","Qualitätsmanager*in 4.0 - mit Bildungsgutschein | DeLSt","55","501","Nicht indexierbar","noindex"
"https://www.delst.de/de/weiterbildung-arbeitsamt/social-media-manager-azav-bildungsgutschein/","1","Social Media Manager*in - mit Bildungsgutschein (AZAV) | DeLSt","62","576","Nicht indexierbar","Canonicalised"
"https://www.delst.de/de/weiterbildung-arbeitsamt/gepruefter-technischer-manager/","1","Geprüfte*r technische*r Manager*in - mit Bildungsgutschein (AZAV) | DeLSt","73","675","Nicht indexierbar","Canonicalised,noindex"
"https://www.delst.de/de/weiterbildung-arbeitsamt/gepruefter-buchhaltungsassistent/","1","Geprüfte*r Buchhaltungsassistent*in - mit Bildungsgutschein | DeLSt","67","611","Nicht indexierbar","noindex"
"https://www.delst.de/de/weiterbildung-arbeitsamt/gepruefter-bueromanager-4-0/","1","Geprüfte*r Büromanager*in 4.0 - mit Bildungsgutschein | DeLSt","61","561","Nicht indexierbar","Canonicalised,noindex"
"https://www.delst.de/de/weiterbildung-arbeitsamt/gepruefter-industriemanager/","1","Geprüfte*r Industriemanager*in  - mit Bildungsgutschein | DeLSt","63","566","Nicht indexierbar","Canonicalised,noindex"
"https://www.delst.de/de/weiterbildung-arbeitsamt/agiler-bueromanager/","1","Agile*r Büromanager*in - mit Bildungsgutschein | DeLSt","54","495","Nicht indexierbar","noindex"
"https://www.delst.de/de/weiterbildung-arbeitsamt/gepruefter-technischer-betriebswirt-ihk/","1","Geprüfte*r technische*r Betriebswirt*in (IHK) - mit Bildungsgutschein | DeLSt","77","685","Nicht indexierbar","Canonicalised,noindex"
"https://www.delst.de/de/weiterbildung-arbeitsamt/umschulung-kauffrau-fuer-bueromanagement/","1","Umschulung Kaufmann*frau für Büromanagement (IHK) - mit Bildungsgutschein (AZAV) | DeLSt","88","854","Indexierbar",""
"https://www.delst.de/de/weiterbildung-arbeitsamt/seo-manager-weiterbildung-azav-bildungsgutschein/","1","SEA / SEO Manager*in Weiterbildung - mit Bildungsgutschein (AZAV) | DeLSt","73","682","Nicht indexierbar","Canonicalised"
"https://www.delst.de/de/weiterbildung-arbeitsamt/gepruefter-technischer-fachwirt-ihk-inkl-ada-schein/","1","Geprüfte*r technische*r Fachwirt*in (IHK) inkl. AdA-Schein und IHK-Prüfungsgebühren - mit Bildungsgutschein (AZAV) | DeLSt","122","1119","Nicht indexierbar","Canonicalised,noindex"
"https://www.delst.de/de/weiterbildung-arbeitsamt/kommunikationstraining-intensiv/","1","Kommunikationstraining intensiv - mit Bildungsgutschein | DeLSt","63","578","Nicht indexierbar","noindex"
"https://www.delst.de/de/weiterbildung-arbeitsamt/kommunikationstrainer-ausbildung-bildungsgutschein/","1","Kommunikationstrainer*in Ausbildung  - mit Bildungsgutschein (AZAV) | DeLSt","75","693","Indexierbar",""
"https://www.delst.de/de/weiterbildung-arbeitsamt/agiler-projektmanager-4-0/","1","Agile*r Projektmanager*in 4.0 - mit Bildungsgutschein | DeLSt","61","550","Nicht indexierbar","noindex"
"https://www.delst.de/de/weiterbildung-arbeitsamt/finanz-und-marktanalyst/","1","Finanz- und Marktanalyst*in - mit Bildungsgutschein | DeLSt","59","532","Nicht indexierbar","noindex"
"https://www.delst.de/de/weiterbildung-arbeitsamt/gepruefter-betriebswirt-ihk-cci-inkl-ada-schein/","1","Geprüfte*r Betriebswirt*in (IHK) inkl. AdA-Schein - mit Bildungsgutschein (AZAV) | DeLSt","88","786","Nicht indexierbar","Canonicalised,noindex"
"https://www.delst.de/de/weiterbildung-arbeitsamt/datenschutzbeauftragter-weiterbildung-bildungsgutschein/","1","Datenschutzbeauftragte*r - mit Bildungsgutschein (AZAV) | DeLSt","63","586","Nicht indexierbar","noindex"
"https://www.delst.de/de/weiterbildung-arbeitsamt/gepruefter-handelsmanager/","1","Geprüfte*r Handelsmanager*in - mit Bildungsgutschein (AZAV) | DeLSt","67","631","Nicht indexierbar","Canonicalised,noindex"
"https://www.delst.de/de/weiterbildung-arbeitsamt/weiterbildung-digitalisierung-azav-bildungsgutschein/","1","Basiskompetenzen Digitalisierung - mit Bildungsgutschein (AZAV) | DeLSt","71","656","Nicht indexierbar","Canonicalised"
"https://www.delst.de/de/weiterbildung-arbeitsamt/betriebliche-ausbildung-4-0/","1","Betriebliche Ausbildung 4.0 - mit Bildungsgutschein (AZAV) | DeLSt","66","595","Nicht indexierbar","noindex"
"https://www.delst.de/de/weiterbildung-arbeitsamt/eventmanager/","1","Eventmanager*in - mit Bildungsgutschein | DeLSt","47","438","Nicht indexierbar","noindex"
"https://www.delst.de/de/weiterbildung-arbeitsamt/edv-informationstechnologie-kurs-azav-bildungsgutschein/","1","Informationstechnologie - mit Bildungsgutschein (AZAV) | DeLSt","62","571","Nicht indexierbar","Canonicalised"
"https://www.delst.de/de/weiterbildung-arbeitsamt/agiler-projektmanager/","1","Agile*r Projektmanager*in - mit Bildungsgutschein | DeLSt","57","518","Nicht indexierbar","noindex"
"https://www.delst.de/de/weiterbildung-arbeitsamt/gepruefter-wirtschaftsassistent/","1","Geprüfte*r Wirtschaftsassistent*in - mit Bildungsgutschein | DeLSt","66","593","Nicht indexierbar","noindex"
"https://www.delst.de/de/weiterbildung-arbeitsamt/personalmanager/","1","Personalmanager*in - mit Bildungsgutschein | DeLSt","50","467","Nicht indexierbar","noindex"
"https://www.delst.de/de/weiterbildung-arbeitsamt/projektmanager/","1","Projektmanager*in - mit Bildungsgutschein | DeLSt","49","452","Nicht indexierbar","noindex"
"https://www.delst.de/de/weiterbildung-arbeitsamt/gepruefter-bueromanager/","1","Geprüfte*r Büromanager*in - mit Bildungsgutschein | DeLSt","57","529","Nicht indexierbar","Canonicalised,noindex"
"https://www.delst.de/de/weiterbildung-arbeitsamt/online-marketing-manager-4-0/","1","Online Marketing Manager*in 4.0 - mit Bildungsgutschein | DeLSt","63","576","Nicht indexierbar","noindex"
"https://www.delst.de/de/weiterbildung-arbeitsamt/agiler-qualitaets-und-prozessmanager/","1","Agile*r Qualitäts- und Prozessmanager*in - mit Bildungsgutschein | DeLSt","72","656","Nicht indexierbar","noindex"
"https://www.delst.de/de/weiterbildung-arbeitsamt/gepruefter-industriefachwirt-ihk-inkl-ada-schein/","1","Geprüfte*r Industriefachwirt*in (IHK) inkl. AdA-Schein - mit Bildungsgutschein (AZAV) | DeLSt","93","829","Nicht indexierbar","Canonicalised,noindex"
"https://www.delst.de/de/weiterbildung-arbeitsamt/wirtschaftsbezogene-qualifikationen/","1","Wirtschaftsbezogene Qualifikationen (IHK) - mit Bildungsgutschein | DeLSt","73","664","Nicht indexierbar","Canonicalised,noindex"
"https://www.delst.de/de/weiterbildung-arbeitsamt/gepruefter-bueroassistent/","1","Geprüfte*r Büroassistent*in - mit Bildungsgutschein | DeLSt","59","531","Nicht indexierbar","Canonicalised,noindex"
"https://www.delst.de/de/weiterbildung-arbeitsamt/umschulung-kaufmann-ecommerce-ihk/","1","Umschulung zum*zur Kaufmann*frau im E-Commerce (IHK) - mit Bildungsgutschein | DeLSt","84","818","Nicht indexierbar","noindex"
"https://www.delst.de/de/rechnungswesen-online/rechnungswesen-kosten-und-leistungsrechnung-klr/","1","Kosten-/Leistungsrechnung (KLR) im Fernstudium | DeLSt","54","517","Indexierbar",""
"https://www.delst.de/de/rechnungswesen-online/moderne-finanzbuchfuehrung-online-weiterbildung/","1","Finanzbuchführung lernen im Fernstudium | DeLSt","47","447","Indexierbar",""
"https://www.delst.de/de/weiterbildung-arbeitsamt/gepruefter-betriebswirt-azav-bildungsgutschein/","1","Geprüfte*r Betriebswirt*in IHK - mit Bildungsgutschein (AZAV) | DeLSt","69","623","Nicht indexierbar","Canonicalised"
"https://www.delst.de/de/weiterbildung-arbeitsamt/gepruefter-industriemanager-4-0/","1","Geprüfte*r Industriemanager*in 4.0  - mit Bildungsgutschein | DeLSt","67","598","Nicht indexierbar","Canonicalised,noindex"
"https://www.delst.de/de/weiterbildung-arbeitsamt/prozessmanager/","1","Prozessmanager*in - mit Bildungsgutschein | DeLSt","49","460","Nicht indexierbar","Canonicalised,noindex"
"https://www.delst.de/de/rechnungswesen-online/controlling-weiterbildung/","1","Weiterbildung Controlling | DeLSt","33","295","Indexierbar",""
"https://www.delst.de/de/rechnungswesen-online/ihk-rechnungswesen-verstehen/","1","IHK Rechnungswesen im Fernstudium | DeLSt","41","408","Indexierbar",""
"https://www.delst.de/de/betriebswirt-ihk-vollzeit/","1","Betriebswirt IHK Vollzeit | DeLSt","33","286","Indexierbar",""
"https://www.delst.de/de/ihk-weiterbildung/e-sports-manager-ihk/","1","E-Sports-Manager (IHK) Zertifikatslehrgang | DeLSt","50","455","Indexierbar",""
"https://www.delst.de/de/betriebswirt-ihk-erfahrungen/","1","Betriebswirt IHK Erfahrungen | DeLSt","36","328","Indexierbar",""
"https://www.delst.de/de/betriebswirt-ihk-sinnvoll/","1","Ist das Fernstudium Betriebswirt (IHK) sinnvoll? | DeLSt","56","492","Indexierbar",""
"https://www.delst.de/de/betriebswirt-ihk-lernmaterial/","1","Betriebswirt IHK Lernmaterial | DeLSt","37","334","Indexierbar",""
"https://www.delst.de/de/betriebswirt-ihk-gehalt/","1","Betriebswirt IHK Gehalt | DeLSt","31","278","Indexierbar",""
"https://www.delst.de/de/betriebswirt-ihk-anerkennung/","1","Betriebswirt IHK Anerkennung | DeLSt","36","337","Indexierbar",""
"https://www.delst.de/de/news/aktualisierung-pruefungsordnung-gepruefter-betriebswirt/","1","Aktualisierung der IHK-Prüfungsordnung „Geprüfter Betriebswirt (IHK)"" | DeLSt","77","696","Indexierbar",""
"https://www.delst.de/de/news/informationsveranstaltung-unseres-partners-ehip/","1","Informationsveranstaltung unseres Partners EHiP","47","443","Indexierbar",""
"https://www.delst.de/de/news/ehip-unser-neuer-bildungspartner/","1","Startschuss für die EHiP - Jetzt Probestudium sichern! | DeLSt","62","553","Indexierbar",""
"https://www.delst.de/de/news/100-foerderung-ueber-bildungsgutschein/","1","100%-Förderung über Bildungsgutschein","37","358","Indexierbar",""
"https://www.delst.de/de/news/delst-instagram/","1","Unser Restart auf Instagram | DeLSt","35","321","Indexierbar",""
"https://www.delst.de/de/news/seo-sea-manager-ausbildung-jetzt-buchbar/","1","SEO/SEA-Manager jetzt buchbar!","30","293","Indexierbar",""
"https://www.delst.de/de/news/kennst-du-schon-markus-edenharder/","1","Kennst du schon Markus Edenharder?","34","335","Indexierbar",""
"https://www.delst.de/de/ihk-weiterbildung/technischer-betriebswirt-fernstudium/","1","Technischer Betriebswirt (IHK) Fernstudium | DeLSt","50","460","Indexierbar",""
"https://www.delst.de/de/news/kennen-sie-andrea-haertlein/","1","Kennen Sie Andrea Härtlein?","27","255","Indexierbar",""
"https://www.delst.de/de/news/fernstudientag-2024/","1","Fernstudientag 2024 - Berufliche Perspektiven im Fokus","54","498","Indexierbar",""
"https://www.delst.de/de/news/wir-sind-top-anbieter-2023/","1","Wir sind Top-Anbieter 2023 | DeLSt","34","311","Indexierbar",""
"https://www.delst.de/de/news/kennst-du-philipp-raithel/","1","Kennst du Philipp Raithel | DeLSt","33","292","Indexierbar",""
"https://www.delst.de/de/news/kennst-du-stefan-hieronimus/","1","Kennst du Stefan Hieronimus | DeLSt","35","331","Indexierbar",""
"https://www.delst.de/de/news/neue-oeffnungszeiten/","1","Neue Öffnungszeiten | DeLSt","27","258","Indexierbar",""
"https://www.delst.de/de/news/adventskalender/","1","Adventskalender | DeLSt","23","219","Indexierbar",""
"https://www.delst.de/de/news/neue-berufliche-weiterbildung-kommunikation-verbessern/","1","Neue berufliche Weiterbildung ""Kommunikation verbessern""","56","533","Indexierbar",""
"https://www.delst.de/de/news/kennst-du-dr-lisa-marholt/","1","Kennst du Dr. Lisa Marholt? | DeLSt","35","314","Indexierbar",""
"https://www.delst.de/de/news/happy-new-year-2021/","1","Happy New Year 2021!","20","201","Indexierbar",""
"https://www.delst.de/de/news/auszeichnung-exzellenter-anbieter-2024/","1","Auszeichnung: exzellenter Anbieter 2024","39","364","Indexierbar",""
"https://www.delst.de/de/news/tutorenvorstellung-carsten-kulka/","1","Tutorenvorstellung Carsten Kulka","32","299","Indexierbar",""
"https://www.delst.de/de/news/kennen-sie-aron-labonte/","1","Kennen Sie Aron Labonté?","24","235","Indexierbar",""
"https://www.delst.de/de/ihk-weiterbildung/technischer-fachwirt-fernstudium/","1","Technischer Fachwirt IHK Fernstudium | DeLSt","44","415","Indexierbar",""
"https://www.delst.de/de/news/kennst-du-julia-jorcke/","1","Kennst du Julia Jorcke | DeLSt","30","272","Indexierbar",""
"https://www.delst.de/de/news/scrum-lehrgaenge-buchbar/","1","Scrum Lehrgänge jetzt buchbar | DeLSt","37","349","Indexierbar",""
"https://www.delst.de/de/news/kennen-sie-ralf-schemmert/","1","Kennen Sie Ralf Schemmert?","26","260","Indexierbar",""
"https://www.delst.de/de/news/kennst-du-tom-telschow/","1","Kennst du Tom Telschow? | DeLSt","31","304","Indexierbar",""
"https://www.delst.de/de/news/bueroassistenz-jetzt-buchbar/","1","Büroassistenz jetzt buchbar | DeLSt","35","317","Indexierbar",""
"https://www.delst.de/de/news/kennst-du-ela-naeffgen/","1","Kennst du Ela Näffgen | DeLSt","29","268","Indexierbar",""
"https://www.delst.de/de/news/englische-ihk-abschluesse/","1","Neue englische IHK-Abschluss Bezeichnungen | DeLSt","50","481","Indexierbar",""
"https://www.delst.de/de/news/elearning-digitales-lernen-die-moderne-und-flexible-form-der-weiterbildung/","1","Digitales Lernen - die moderne und flexible Form der Weiterbildung","66","596","Indexierbar",""
"https://www.delst.de/de/news/kennst-du-thomas-wiessner/","1","Kennst du Thomas Wießner | DeLSt","32","317","Indexierbar",""
"https://www.delst.de/de/news/delst-besuchen-auf-der-messe-jobkarrieretage2022/","1","DeLSt besuchen auf der Messe ""Jobkarrieretage2022"" | DeLSt","58","549","Indexierbar",""
"https://www.delst.de/de/news/betrieblicher-gesundheitsmanager-jetzt-buchbar/","1","Betrieblicher Gesundheitsmanager jetzt buchbar!","47","437","Indexierbar",""
"https://www.delst.de/de/news/top-institut-2021-fernstudiumcheck/","1","FernstudiumCheck Award 2021!","28","284","Indexierbar",""
"https://www.delst.de/de/news/kennst-du-benjamin-lindner/","1","Kennst du Benjamin Lindner | DeLSt","34","320","Indexierbar",""
"https://www.delst.de/de/news/wbt-modernes-lernen/","1","WBT: Modernes Lernen","20","208","Indexierbar",""
"https://www.delst.de/de/news/kennst-du-alexander-neumann/","1","Kennst du Alexander Neumann? | DeLSt","36","355","Indexierbar",""
"https://www.delst.de/de/news/kennst-du-ebru-nal/","1","Kennst du Ebru Nal? | DeLSt","27","248","Indexierbar",""
"https://www.delst.de/de/news/wir-wuenschen-ihnen-ein-glueckliches-gesundes-und-erfolgreiches-neue-jahr/","1","Wir wünschen Ihnen ein glückliches, gesundes und erfolgreiches neue Jahr!","73","669","Indexierbar",""
"https://www.delst.de/de/news/kennst-du-marion-freddy-kraemer/","1","Kennst du Marion Freddy Krämer | DeLSt","38","363","Indexierbar",""
"https://www.delst.de/de/news/neuer-fernkurs-ernaehrung-im-natural-bodybuilding/","1","Neuer Fernkurs - Ernährung im Natural Bodybuilding","50","461","Indexierbar",""
"https://www.delst.de/de/news/gepruefter-technischer-betriebswirt-jetzt-buchbar/","1","Geprüfter Technischer Betriebswirt jetzt buchbar | DeLSt","56","504","Indexierbar",""
"https://www.delst.de/de/news/top-institut-2022-fernstudiumcheck/","1","DeLSt erneut zur beliebtesten Fernschulen 2022 ernannt!","55","508","Indexierbar",""
"https://www.delst.de/de/news/kennst-du-sonja-theile-ochel/","1","Kennst du Sonja Theile-Ochel? | DeLSt","37","340","Indexierbar",""
"https://www.delst.de/de/news/kennst-du-rene-gregorczyk/","1","Kennst du René Gregorczyk | DeLSt","33","314","Indexierbar",""
"https://www.delst.de/de/news/kennst-du-dieter-kaiser/","1","Kennst du Dieter Kaiser? | DeLSt","32","289","Indexierbar",""
"https://www.delst.de/de/news/delst-bewerten-und-gewinnen/","1","DeLSt bewerten und gewinnen","27","272","Indexierbar",""
"https://www.delst.de/de/news/neue-delst-website-online/","1","Es ist soweit: Unsere neue Website ist online!","46","403","Indexierbar",""
"https://www.delst.de/de/news/workout-fuer-den-arbeitsplatz/","1","Workout für den Arbeitsplatz | DeLSt","36","325","Indexierbar",""
"https://www.delst.de/de/news/kennst-du-schon-marina-schemmert/","1","Kennst du schon Marina Schemmert?","33","334","Indexierbar",""
"https://www.delst.de/de/news/studium-im-alter-ihre-chance-der-weiterbildung-ohne-abitur/","1","Studium im Alter - Ihre Chance der Weiterbildung ohne Abitur","60","544","Indexierbar",""
"https://www.delst.de/de/news/kennst-du-schon-laura-koch/","1","Kennst du schon Laura Koch?","27","263","Indexierbar",""
"https://www.delst.de/de/news/kennst-du-schon-andreas-gloeckl/","1","Kennst du schon Andreas Glöckl?","31","296","Indexierbar",""
"https://www.delst.de/de/news/kaufmann-frau-im-e-commerce-jetzt-buchbar/","1","Vorbereitung zur Externenprüfung Kaufmann/-frau im E-Commerce jetzt buchbar | DeLSt","83","790","Indexierbar",""
"https://www.delst.de/de/news/selbstaendig-als-mobiler-reitlehrer/","1","Selbständig als mobiler Reitlehrer","34","301","Indexierbar",""
"https://www.delst.de/de/news/kennst-du-jennifer-safran/","1","Kennst du Jennifer Safran? | DeLSt","34","311","Indexierbar",""
"https://www.delst.de/de/lexikon/u/","1","Überbetriebliche Ausbildung | Definition und Erklärung","54","479","Nicht indexierbar","Canonicalised"
"https://www.delst.de/de/lexikon/abs-asset-back-securities/","1","ABS (Asset Back Securities) | Definition und Erklärung","54","477","Indexierbar",""
"https://www.delst.de/de/lexikon/q/","1","Q-Sort | Definition und Erklärung","33","285","Nicht indexierbar","Canonicalised"
"https://www.delst.de/de/lexikon/abwicklungsvertrag/","1","Abwicklungsvertrag | Definition und Erklärung","45","404","Indexierbar",""
"https://www.delst.de/de/lexikon/m/","1","MA | Definition und Erklärung","29","258","Nicht indexierbar","Canonicalised"
"https://www.delst.de/de/lexikon/abzahlungsdarlehen/","1","Abzahlungsdarlehen | Definition und Erklärung","45","410","Indexierbar",""
"https://www.delst.de/de/lexikon/i/","1","IAF | Definition und Erklärung","30","257","Nicht indexierbar","Canonicalised"
"https://www.delst.de/de/lexikon/d/","1","Dachmarke | Definition und Erklärung","36","330","Nicht indexierbar","Canonicalised"
"https://www.delst.de/de/lexikon/abstraktionsprinzip/","1","Abstraktionsprinzip | Definition und Erklärung","46","401","Indexierbar",""
"https://www.delst.de/de/lexikon/abschreibungen/","1","Abschreibungen | Definition und Erklärung","41","372","Indexierbar",""
"https://www.delst.de/de/lexikon/abweichung-varianz/","1","Abweichung (Varianz) | Definition und Erklärung","47","424","Indexierbar",""
"https://www.delst.de/de/lexikon/abc-analyse/","1","ABC-Analyse | Definition und Erklärung","38","342","Indexierbar",""
"https://www.delst.de/de/lexikon/absatzpotenzial/","1","Absatzpotenzial | Definition und Erklärung","42","372","Indexierbar",""
"https://www.delst.de/de/lexikon/abmaß/","1","Abmaß | Definition und Erklärung","32","293","Indexierbar",""
"https://www.delst.de/de/lexikon/absatzmittler/","1","Absatzmittler | Definition und Erklärung","40","350","Indexierbar",""
"https://www.delst.de/de/lexikon/adrenalinausschuettung/","1","Adrenalinausschüttung | Definition und Erklärung","48","434","Indexierbar",""
"https://www.delst.de/de/lexikon/abstraktes-modell/","1","abstraktes Modell | Definition und Erklärung","44","388","Indexierbar",""
"https://www.delst.de/de/lexikon/ablauforganisation/","1","Ablauforganisation | Definition und Erklärung","45","397","Indexierbar",""
"https://www.delst.de/de/lexikon/after-sales-service/","1","After-Sales-Service | Definition und Erklärung","46","400","Indexierbar",""
"https://www.delst.de/de/lexikon/affiliate-link/","1","Affiliate-Link | Definition und Erklärung","41","342","Indexierbar",""
"https://www.delst.de/de/lexikon/y/","1","Y-CIM-Modell | Definition und Erklärung","39","347","Nicht indexierbar","Canonicalised"
"https://www.delst.de/de/lexikon/aerogen/","1","Aerogen | Definition und Erklärung","34","303","Indexierbar",""
"https://www.delst.de/de/lexikon/ad-extension/","1","Ad Extension | Definition und Erklärung","39","344","Indexierbar",""
"https://www.delst.de/de/lexikon/account/","1","Account | Definition und Erklärung","34","301","Indexierbar",""
"https://www.delst.de/de/lexikon/abszisse/","1","Abszisse | Definition und Erklärung","35","308","Indexierbar",""
"https://www.delst.de/de/digitalisierung-unternehmen-digitale-arbeitswelt/sea-seo-manager-online-fernstudium/","1","SEA / SEO-Manager Fernstudium | DeLSt","37","363","Indexierbar",""
"https://www.delst.de/de/lexikon/t/","1","T-Shirt-Größen | Definition und Erklärung","41","360","Nicht indexierbar","Canonicalised"
"https://www.delst.de/de/lexikon/absprungrate/","1","Absprungrate | Definition und Erklärung","39","349","Indexierbar",""
"https://www.delst.de/de/lexikon/p/","1","Pacta sunt servanda | Definition und Erklärung","46","411","Nicht indexierbar","Canonicalised"
"https://www.delst.de/de/lexikon/l/","1","Lafferkurve | Definition und Erklärung","38","331","Nicht indexierbar","Canonicalised"
"https://www.delst.de/de/lexikon/above-the-line-massnahmen-atl/","1","Above-the-line-Maßnahmen (ATL) | Definition und Erklärung","57","531","Indexierbar",""
"https://www.delst.de/de/lexikon/absatzvolumen/","1","Absatzvolumen | Definition und Erklärung","40","367","Indexierbar",""
"https://www.delst.de/de/lexikon/h/","1","HACCP | Definition und Erklärung","32","294","Nicht indexierbar","Canonicalised"
"https://www.delst.de/de/lexikon/advanced-planning-and-scheduling-aps/","1","Advanced Planning and Scheduling (APS) | Definition und Erklärung","65","597","Indexierbar",""
"https://www.delst.de/de/lexikon/affinitätsschätzen/","1","Affinitätsschätzen | Definition und Erklärung","45","392","Indexierbar",""
"https://www.delst.de/de/lexikon/abgeaenderte-annahme/","1","Abgeänderte Annahme | Definition und Erklärung","46","434","Indexierbar",""
"https://www.delst.de/de/lexikon/abstraktionsniveau/","1","Abstraktionsniveau | Definition und Erklärung","45","400","Indexierbar",""
"https://www.delst.de/de/lexikon/c/","1","C2C | Definition und Erklärung","30","265","Nicht indexierbar","Canonicalised"
"https://www.delst.de/de/lexikon/adsense/","1","AdSense | Definition und Erklärung","34","307","Indexierbar",""
"https://www.delst.de/de/lexikon/affility-marketing/","1","Affility Marketing | Definition und Erklärung","45","381","Indexierbar",""
"https://www.delst.de/de/lexikon/affiliate/","1","Affiliate | Definition und Erklärung","36","299","Indexierbar",""
"https://www.delst.de/de/lexikon/absoluter-marktanteil/","1","Absoluter Marktanteil | Definition und Erklärung","48","421","Indexierbar",""
"https://www.delst.de/de/lexikon/x/","1","Xing Headhunter | Definition und Erklärung","42","378","Nicht indexierbar","Canonicalised"
"https://www.delst.de/de/lexikon/adcell/","1","AdCell | Definition und Erklärung","33","286","Indexierbar",""
"https://www.delst.de/de/lexikon/a-b-test/","1","A/B-Test | Definition und Erklärung","35","307","Indexierbar",""
"https://www.delst.de/de/lexikon/affektiv/","1","Affektiv | Definition und Erklärung","35","298","Indexierbar",""
"https://www.delst.de/de/lexikon/administrativ/","1","administrativ | Definition und Erklärung","40","346","Indexierbar",""
"https://www.delst.de/de/lexikon/s/","1","S-O-R-Modelle des Käuferverhaltens | Definition und Erklärung","61","551","Nicht indexierbar","Canonicalised"
"https://www.delst.de/de/lexikon/absatzhelfer/","1","Absatzhelfer | Definition und Erklärung","39","342","Indexierbar",""
"https://www.delst.de/de/lexikon/o/","1","Oberste Leitung | Definition und Erklärung","42","371","Nicht indexierbar","Canonicalised"
"https://www.delst.de/de/lexikon/k/","1","Kaizen | Definition und Erklärung","33","289","Nicht indexierbar","Canonicalised"
"https://www.delst.de/de/lexikon/affinität/","1","Affinität | Definition und Erklärung","36","301","Indexierbar",""
"https://www.delst.de/de/lexikon/g/","1","Gamification | Definition und Erklärung","39","343","Nicht indexierbar","Canonicalised"
"https://www.delst.de/de/lexikon/f/","1","F & B | Definition und Erklärung","32","273","Nicht indexierbar","Canonicalised"
"https://www.delst.de/de/lexikon/abgaben/","1","Abgaben | Definition und Erklärung","34","307","Indexierbar",""
"https://www.delst.de/de/lexikon/advanced-persistent-threats/","1","Advanced Persistent Threats | Definition und Erklärung","54","487","Indexierbar",""
"https://www.delst.de/de/lexikon/affinity/","1","Affinity | Definition und Erklärung","35","292","Indexierbar",""
"https://www.delst.de/de/lexikon/absolutheitsprinzip/","1","Absolutheitsprinzip | Definition und Erklärung","46","400","Indexierbar",""
"https://www.delst.de/de/lexikon/abgabeordnung-ao/","1","Abgabeordnung (AO) | Definition und Erklärung","45","415","Indexierbar",""
"https://www.delst.de/de/lexikon/b/","1","B2B | Definition und Erklärung","30","263","Nicht indexierbar","Canonicalised"
"https://www.delst.de/de/lexikon/ablauf-einer-gewerbeanmeldung/","1","Ablauf einer Gewerbeanmeldung | Definition und Erklärung","56","521","Indexierbar",""
"https://www.delst.de/de/lexikon/w/","1","Wachstumstheorie | Definition und Erklärung","43","397","Nicht indexierbar","Canonicalised"
"https://www.delst.de/de/lexikon/v/","1","Vakanz | Definition und Erklärung","33","294","Nicht indexierbar","Canonicalised"
"https://www.delst.de/de/lexikon/absatzkanaele/","1","Absatzkanäle | Definition und Erklärung","39","349","Indexierbar",""
"https://www.delst.de/de/lexikon/adware/","1","Adware | Definition und Erklärung","33","296","Indexierbar",""
"https://www.delst.de/de/lexikon/r/","1","Rabattstaffel | Definition und Erklärung","40","345","Nicht indexierbar","Canonicalised"
"https://www.delst.de/de/lexikon/n/","1","Nachfrage | Definition und Erklärung","36","321","Nicht indexierbar","Canonicalised"
"https://www.delst.de/de/lexikon/aeuv/","1","AEUV | Definition und Erklärung","31","278","Indexierbar",""
"https://www.delst.de/de/lexikon/adaption/","1","Adaption | Definition und Erklärung","35","308","Indexierbar",""
"https://www.delst.de/de/lexikon/j/","1","Jahresabschluss | Definition und Erklärung","42","378","Nicht indexierbar","Canonicalised"
"https://www.delst.de/de/lexikon/e/","1","E-Business | Definition und Erklärung","37","325","Nicht indexierbar","Canonicalised"
"https://www.delst.de/de/lexikon/active-sourcing/","1","Active Sourcing | Definition und Erklärung","42","367","Indexierbar",""
"https://www.delst.de/de/lexikon/a/","1","A/B-Test | Definition und Erklärung","35","307","Nicht indexierbar","Canonicalised"
"https://www.delst.de/de/lexikon/abschreibungsmethoden/","1","Abschreibungsmethoden | Definition und Erklärung","48","451","Indexierbar",""
"https://www.delst.de/de/lexikon/z/","1","Zahlungsbilanz | Definition und Erklärung","41","363","Nicht indexierbar","Canonicalised"
"https://www.delst.de/de/lexikon/absatzwerbung/","1","Absatzwerbung | Definition und Erklärung","40","367","Indexierbar",""
"https://www.delst.de/de/news/tierheilpraktikerin-wird-futtermittelberaterin/","1","Tierheilpraktikerin wird Futtermittelberaterin","46","398","Indexierbar",""
"https://www.delst.de/de/news/e-learning-projektmanager-buchbar/","1","E-Learning Projektmanager ist ab sofort buchbar! | DeLSt","56","507","Indexierbar",""
"https://www.delst.de/de/news/kennst-du-antje-lehmann-benz/","1","Kennst du Antje Lehmann-Benz | DeLSt","36","350","Indexierbar",""
"https://www.delst.de/de/news/kennst-du-alexander-toigo/","1","Kennst du Alexander Toigo | DeLSt","33","309","Indexierbar",""
"https://www.delst.de/de/news/fernstudium-vs-praesenzstudium-welche-form-bevorzugen-arbeitgeber/","1","Fernstudium vs. Präsenzstudium - welche Form bevorzugen Arbeitgeber?","68","653","Indexierbar",""
"https://www.delst.de/de/news/traumjob-betriebswirt/","1","Traumjob Betriebswirt","21","199","Indexierbar",""
"https://www.delst.de/de/news/erfolgsgeschichten-das-delst-sucht-eure-story/","1","Erfolgsgeschichten: Das DeLSt sucht Ihre Story!","47","422","Indexierbar",""
"https://www.delst.de/de/news/e-commerce-manager-jetzt-buchbar/","1","E-Commerce Manager jetzt buchbar!","33","327","Indexierbar",""
"https://www.delst.de/de/news/kennst-du-sandra-leist/","1","Kennst du Sandra Leist? | DeLSt","31","285","Indexierbar",""
"https://www.delst.de/de/news/ausbildung-der-ausbilder-anpassung-an-die-moderne-arbeitswelt/","1","Ausbildung der Ausbilder - Anpassung an die moderne Arbeitswelt","63","588","Indexierbar",""
"https://www.delst.de/de/news/fernstudientag-2023/","1","Fernstudientag 2023 - wir sind dabei!","37","328","Indexierbar",""
"https://www.delst.de/de/news/leidenschaft-fuer-pferde/","1","Leidenschaft für Pferde","23","211","Indexierbar",""
