"Adresse","Häufigkeit","H2-1","Länge von H2-1","H2-2","Länge von H2-2","Indexierbarkeit","Indexierbarkeitsstatus"
"https://www.delst.de/de/","2","12 Themengebiete für dein Fernstudium","37","IHK-Abschlüsse","14","Indexierbar",""
"https://www.delst.de/de/stellenangebote/","2","WACHSE MIT UNS UND FINDE DEINEN TRAUMJOB AM DELST!","50","OFFENE STELLENANGEBOTE:","23","Indexierbar",""
"https://www.delst.de/de/fernstudium-gesundheitsmanagement/","2","Fitnessmanagement Aus- und Weiterbildungen","42","Gesundheitsmanagement Aus- und Weiterbildungen","46","Indexierbar",""
"https://www.delst.de/de/news/neu-pruefungstraining-wirtschaftsbezogene-qualifikationen-ihk/","2","Jetzt anmelden und durchstarten!","32","Das klingt spannend für dich? Dann informiere dich jetzt!","57","Indexierbar",""
"https://www.delst.de/de/studieninfos/","1","Informationen zu deinem Fernstudium am DeLSt","44","","0","Indexierbar",""
"https://www.delst.de/de/kalender-bildungsberatung/","0","","0","","0","Indexierbar",""
"https://www.delst.de/de/ueber-uns/","2","Willkommen beim Deutschen eLearning Studieninstitut (DeLSt)","59","Das DeLSt - unsere Aufgabengebiete","34","Indexierbar",""
"https://www.delst.de/de/foerdermoeglichkeiten/","2","Fördern lassen","14","Weitere Finanzierungswege","25","Indexierbar",""
"https://www.delst.de/de/lehrgaenge-reiten/","2","Zielgerichtete Weiterbildungen im Bereich Reitsport","51","Welcher Lehrgang im Bereich Reitsport ist die richtige für mich?","64","Indexierbar",""
"https://www.delst.de/de/ihk-weiterbildung/industriefachwirt-ihk-fernstudium/","2","Informationen zum Fernstudium geprüfter Industriefachwirt (IHK)","63","Berufliche Perspektiven","23","Indexierbar",""
"https://www.delst.de/de/weiterbildung-arbeitsamt/","2","Aus- und Weiterbildung per Bildungsgutschein am DeLSt - der Start in deine Karriere","83","Der Bildungsgutschein - Förderung der kompletten Kosten für deine Weiterbildung","79","Indexierbar",""
"https://www.delst.de/de/rabattaktionen/think-outside-the-box/","2","Spare mit dem Code ""OutsideTheBox"" 30% auf ALLE unsere Aus- und Weiterbildungen!","80","Wähle aus den untenstehenden Kategorien deinen Wunschlehrgang aus","65","Nicht indexierbar","noindex"
"https://www.delst.de/de/rechnungswesen-online/","0","","0","","0","Indexierbar",""
"https://www.delst.de/de/affiliate-partnerprogramm/","2","Du hast einen schönen Blog, eine tolle Website oder liebst Facebook, Instagram, YouTube & Co?","93","Deine Vorteile als Affiliate-Partner","36","Indexierbar",""
"https://www.delst.de/de/news/e-sports-manager-ihk-neuer-fernlehrgang/","2","Kooperation mit der IHK","23","Online-Informationsveranstaltung am 11.07.2024","46","Indexierbar",""
"https://www.delst.de/de/kalender-videoberatung/","0","","0","","0","Indexierbar",""
"https://www.delst.de/de/master-professional/","2","Master Professional - was bedeutet die neue Abschlussbezeichnung?","65","Gründe für die Einführung der Ergänzung des Abschlusstitels Master Professional","79","Indexierbar",""
"https://www.delst.de/de/newsbeitraege/","0","","0","","0","Indexierbar",""
"https://www.delst.de/de/lexikon/","0","","0","","0","Nicht indexierbar","Canonicalised"
"https://www.delst.de/de/magazinbeitraege/","0","","0","","0","Indexierbar",""
"https://www.delst.de/de/deutsches-elearning-studieninstitut/","1","Innovative und berufsbegleitende Aus- und Weiterbildungen","57","","0","Indexierbar",""
"https://www.delst.de/de/faq/","2","Allgemein","9","Fernstudiengänge","16","Indexierbar",""
"https://www.delst.de/de/wirtschaftsfachwirt/","2","Geprüfter Wirtschaftsfachwirt IHK: deine persönliche und unabhängige Beförderung","80","Weiterbildung zum geprüften Wirtschaftsfachwirt IHK - was wird dafür benötigt","77","Indexierbar",""
"https://www.delst.de/de/digitalisierung-unternehmen-digitale-arbeitswelt/","2","Digitale Transformation - neue Technologien bergen neue Möglichkeiten","69","Was verbirgt sich hinter dem Begriff der Digitalisierung?","57","Indexierbar",""
"https://www.delst.de/de/bildungscoach/","2","Schritt 1 - Für was interessieren Sie sich?","43","Schritt 2 - Ihre Ziele","22","Indexierbar",""
"https://www.delst.de/de/online-campus/","2","Der Online-Campus - deine ganz persönliche Lernwelt","51","Deine Lehrskripte als PDF","25","Indexierbar",""
"https://www.delst.de/de/fernstudium-hochschule/","2","Unser Bildungspartner - EHiP","28","Akademische Abschlüsse an der EHiP","34","Indexierbar",""
"https://www.delst.de/de/weiterbildung-personalentwicklung-management/","2","Führungskräfteentwicklung","25","Personalentwicklung","19","Indexierbar",""
"https://www.delst.de/de/datenschutzrichtlinien/","2","1. Datenschutz auf einen Blick","30","2. Allgemeine Hinweise und Pflichtinformationen","47","Indexierbar",""
"https://www.delst.de/de/marketing-vertrieb-fernstudium/","0","","0","","0","Indexierbar",""
"https://www.delst.de/de/handelsfachwirt/","2","Handelsfachwirt - Was ist das?","30","Welche Verdienstmöglichkeiten bieten sich mir als Fachwirt?","59","Indexierbar",""
"https://www.delst.de/de/ihk-weiterbildung/","2","IHK-Fachwirt Abschlüsse (Bachelor Professional)","47","IHK-Betriebswirt Abschlüsse (Master Professional)","49","Indexierbar",""
"https://www.delst.de/de/delst-leitsaetze/","2","Unsere Leitsätze am DeLSt","25","Zielsetzungen","13","Indexierbar",""
"https://www.delst.de/de/news/kennst-du-sven-arnusch/","0","","0","","0","Indexierbar",""
"https://www.delst.de/de/ihk-weiterbildung/wirtschaftsfachwirt-fernstudium/","2","Informationen zum Wirtschaftsfachwirt Fernstudium","49","Berufliche Perspektiven","23","Indexierbar",""
"https://www.delst.de/de/weiterbildung-fuer-mitarbeiter-b2b/","2","Weiterbildungen für Mitarbeiter - Qualifizierungsmaßnahmen am DeLSt","67","Weiterbildungsmaßnahmen am DeLSt für Firmen","43","Indexierbar",""
"https://www.delst.de/de/ausbildung-der-ausbilder-ada/","2","Die Ausbildung zum Ausbilder mit Schein nach AdA beweist deine Eignung zum Ausbilden","84","Mit der richtigen Weiterbildung auf die Prüfung vorbereiten und schon bald als Ausbilder durchstarten","101","Indexierbar",""
"https://www.delst.de/de/coaching-ausbildung/","2","Coaching und Kommunikation Weiterbildung: erweitere deine Kompetenz","67","Als professioneller Coach in Unternehmen arbeiten","49","Indexierbar",""
"https://www.delst.de/de/wirtschaft-weiterbildung/","2","Mit einem Fernstudium im Wirtschaftsbereich berufliche Perspektiven erweitern","77","Grundlagenwissen Wirtschaft - der ideale Einstieg in deine Weiterbildung","72","Indexierbar",""
"https://www.delst.de/de/agb/","2","Präambel","8","§1 Voraussetzungen","18","Indexierbar",""
"https://www.delst.de/de/kontakt/","2","Firma","5","Persönliche Daten","17","Indexierbar",""
"https://www.delst.de/de/impressum/","2","Angaben gemäß § 5 TMG","21","Kontakt","7","Indexierbar",""
"https://www.delst.de/de/ihk-weiterbildung/gepruefter-betriebswirt-ihk-fernstudium/","2","Informationen zum Fernstudium Geprüfter Betriebswirt (IHK)","58","Berufliche Perspektiven","23","Indexierbar",""
"https://www.delst.de/de/ihk-weiterbildung/handelsfachwirt-fernstudium/","2","Informationen zum Fernstudium Handelsfachwirt","45","Berufliche Perspektiven","23","Indexierbar",""
"https://www.delst.de/de/e-learning-weiterbildung/","2","Die revolutionäre Entwicklung des digitalen Lernens","51","Wissensvermittlung mit Medien erfordert spezielles Know-How","59","Indexierbar",""
"https://www.delst.de/de/stellenangebote/mitarbeiter-massnahmenzertifizierungen-azav/","2","Mitarbeiter Maßnahmenzertifizierungen nach AZAV (m/w/d)","55","Deine Aufgaben","14","Indexierbar",""
"https://www.delst.de/de/stellenangebote/beauftrager-fuer-azav-traeger-und-massnahmenzulassung/","2","Beauftragte*r für AZAV-Träger- und Maßnahmenzulassung (m/w/d)","61","Deine Aufgaben","14","Indexierbar",""
"https://www.delst.de/de/stellenangebote/prozessmanager/","2","Deine Aufgaben","14","Dein Profil","11","Indexierbar",""
"https://www.delst.de/de/stellenangebote/markenbotschafter-social-media/","2","Deine Aufgaben","14","Dein Profil","11","Indexierbar",""
"https://www.delst.de/de/stellenangebote/bildungsmanager-bildungsbereich-kaufmaennische-berufe-ihk-lehrgaenge/","2","Bildungsmanager (m/w/d) - Bildungsbereich Kaufmännische Berufe & IHK-Lehrgänge","78","Deine Aufgaben","14","Indexierbar",""
"https://www.delst.de/de/stellenangebote/studienberater-mit-schwerpunkt-vertrieb-b2c/","2","Studienberater mit Schwerpunkt Vertrieb B2C (m/w/d)","51","Deine Aufgaben","14","Indexierbar",""
"https://www.delst.de/de/stellenangebote/bildungsmanager-bildungsbereich-wirtschaft-management/","2","Bildungsmanager (m/w/d) - Bildungsbereich Wirtschaft & Management","65","Deine Aufgaben","14","Indexierbar",""
"https://www.delst.de/de/stellenangebote/initiativbewerbung/","2","Was wir bieten","14","Wir freuen uns auf deine Initiativbewerbung!","44","Indexierbar",""
"https://www.delst.de/de/fernstudium-gesundheitsmanagement/ausdauertrainer-ausbildung/","2","Informationen zur Ausbildung zum Ausdauer- und Lauftrainer","58","Berufliche Perspektiven","23","Indexierbar",""
"https://www.delst.de/de/fernstudium-gesundheitsmanagement/qualitaetsmanagement-gesundheitswesen-weiterbildung/","2","Informationen zur Weiterbildung Qualitätsmanagement im Gesundheitswesen","71","Berufliche Perspektiven","23","Indexierbar",""
"https://www.delst.de/de/fernstudium-gesundheitsmanagement/spa-ausbildung/","2","Informationen zum Fernstudium SPA-Management","44","Berufliche Perspektiven","23","Indexierbar",""
"https://www.delst.de/de/fernstudium-gesundheitsmanagement/fernstudium-ernahrungsberater/","2","Informationen zur Online-Ausbildung Ernährungsberater","53","Berufliche Perspektiven","23","Indexierbar",""
"https://www.delst.de/de/fernstudium-gesundheitsmanagement/fitnesstrainer-ausbildung/","2","Informationen zur Fitnesstrainer Ausbildung","43","Berufliche Perspektiven","23","Indexierbar",""
"https://www.delst.de/de/fernstudium-gesundheitsmanagement/betrieblicher-gesundheitsmanager-fernstudium/","2","Informationen zum Fernstudium Betriebliches Gesundheitsmanagement","65","Berufliche Perspektiven","23","Indexierbar",""
"https://www.delst.de/de/studienkonzept/","2","Das Studienkonzept am DeLSt","27","Flexibles Lernen","16","Indexierbar",""
"https://www.delst.de/de/lernmethoden/","1","Betrete die Lernwelt von DeLSt und erweitere deinen Horizont","60","","0","Indexierbar",""
"https://www.delst.de/de/studienverlauf/","2","Der Ablauf deines Fernstudiums","30","1. Anmeldung","12","Indexierbar",""
"https://www.delst.de/de/qualitaetssicherung/","2","Ob berufliche oder persönliche Weiterbildung, das DeLSt steht für Seriosität und Qualität !","91","Staatliche Zulassung","20","Indexierbar",""
"https://www.delst.de/de/ihk-weiterbildung/wirtschaftsbezogene-qualifikationen-pruefungsvorbereitung/","2","Informationen zu den Wirtschaftsbezogenen Qualifikationen","57","Berufliche Perspektiven","23","Indexierbar",""
"https://www.delst.de/de/selbstlernphase/","2","Erlebe interaktives Lernen zu deinen Bedingungen","48","Was ist die Selbstlernphase?","28","Indexierbar",""
"https://www.delst.de/de/lehrvideos/","1","Zurückspulen und Pausieren – effizientes Lernen durch Online-Vorlesungen!","73","","0","Indexierbar",""
"https://www.delst.de/de/webinare/","2","Was ist ein Webinar?","20","Die Vorteile der Präsenzphasen per Webinar","42","Indexierbar",""
"https://www.delst.de/de/bildungspartner/","2","Unsere Bildungspartner","22","Wir danken unseren starken Bildungspartnern für die gute Zusammenarbeit:","72","Indexierbar",""
"https://www.delst.de/de/web-based-training/","1","Web Based Training (WBT) – die modernste Form des E-Learning","60","","0","Indexierbar",""
"https://www.delst.de/de/delst-abschluesse/","2","Ausgezeichnetes Studienkonzept am DeLSt!","40","TOP Fernschule","14","Indexierbar",""
"https://www.delst.de/de/kindergeld/","1","Kindergeld","10","","0","Indexierbar",""
"https://www.delst.de/de/delst-foerderung/","1","DeLSt – Förderung","17","","0","Indexierbar",""
"https://www.delst.de/de/steuern-sparen/","1","Steuern sparen","14","","0","Indexierbar",""
"https://www.delst.de/de/studieninfos/foerdermoeglichkeiten/qualifizierungschancengesetz/","2","Unterstützung beim digitalen Wandel mit dem Qualifizierungschancengesetz","72","Vorbereitung auf digitale Prozesse durch die Qualifizierung von Fachkräften","75","Indexierbar",""
"https://www.delst.de/de/kurzarbeit/","2","Fördermöglichkeiten für eine Weiterbildung während der Kurzarbeit","65","Diese Fördermöglichkeiten kannst du während der Kurzarbeit nutzen:","66","Indexierbar",""
"https://www.delst.de/de/aufstiegs-bafoeg/","2","Förderung deiner Weiterbildung mit dem Aufstiegs-BAföG","54","Änderungen des Aufstiegs-BAföGs in 2020","39","Indexierbar",""
"https://www.delst.de/de/weitere-foerderprogramme/","1","Weitere Förderprogramme / Finanzierungsmöglichkeiten","52","","0","Indexierbar",""
"https://www.delst.de/de/bildungsgutschein/","2","Bildungsgutschein - die Förderung für deine Aus- und Weiterbildung","66","Was ist der Bildungsgutschein und wofür ist er einsetzbar?","58","Indexierbar",""
"https://www.delst.de/de/zuschuss-der-bundeslaender/","2","Bildungsscheck Brandenburg","26","Qualifizierungsscheck Hessen","28","Indexierbar",""
"https://www.delst.de/de/lehrgaenge-reiten/futtermittelberater-ausbildung-richtige-pferdefuetterung/","2","Informationen zum Lehrgang in Pferdeernährung","45","Ziele und Perspektiven","22","Indexierbar",""
"https://www.delst.de/de/lehrgaenge-reiten/reitlehrerin-ausbildung/","2","Informationen zur Reiten B-Lizenz","33","Ziele und Perspektiven","22","Indexierbar",""
"https://www.delst.de/de/lehrgaenge-reiten/reiten-c-lizenz/","2","Informationen zum Lehrgang C-Lizenz Reiten","42","Ziele und Perspektiven","22","Indexierbar",""
"https://www.delst.de/de/ihk-weiterbildung/master-professional-betriebswirt/","2","Informationen zum Fernstudium Master Professional in Business Management","72","Berufliche Perspektiven","23","Indexierbar",""
"https://www.delst.de/de/studieninfos/foerdermoeglichkeiten/bildungsgutschein-azav/azav-fernstudiengaenge/gepruefter-betriebswirt-azav-bildungsgutschein/","2","Informationen zur Weiterbildung zum*r Geprüften Betriebswirt*in","63","Berufliche Perspektiven","23","Nicht indexierbar","Canonicalised"
"https://www.delst.de/de/bundeswehr-weiterbildung/","2","BFD: die Förderung für deine Weiterbildung und die zivile Karriere","66","Antrag auf Förderung des BFD - darauf ist zu achten","51","Indexierbar",""
"https://www.delst.de/de/weiterbildung-arbeitsamt/ihk-industriefachwirt-weiterbildung-bildungsgutschein/","2","Informationen zur Weiterbildungsmaßnahme als geprüfte*r IHK-Industriefachwirt*in","80","Berufliche Perspektiven","23","Indexierbar",""
"https://www.delst.de/de/anmeldung/fernstudium/?product=industriefachwirt-ihk-fernstudium","2","Wie möchtest du deine Lehrmaterialien?","38","Wann möchtest du starten?","25","Nicht indexierbar","Canonicalised,noindex"
"https://www.delst.de/de/ihk-weiterbildung/wirtschaftsbezogene-qualifikationen-ihk/","2","Informationen zur Weiterbildung Wirtschaftsbezogene Qualifikationen IHK","71","Berufliche Perspektiven","23","Indexierbar",""
"https://www.delst.de/de/weiterbildung-arbeitsamt/prozessmanager-digitale-transformation/","2","Informationen zur Weiterbildung zum*zur Prozessmanager*in Digitale Transformation","81","Berufliche Perspektiven","23","Nicht indexierbar","noindex"
"https://www.delst.de/de/weiterbildung-arbeitsamt/gepruefter-betriebswirt/","2","Informationen zur Weiterbildung zum*zur Geprüften Betriebswirt*in","65","Berufliche Perspektiven","23","Nicht indexierbar","Canonicalised,noindex"
"https://www.delst.de/de/weiterbildung-arbeitsamt/online-marketing-manager/","2","Informationen zur Weiterbildung zum*zur Online Marketing Manager*in","67","Berufliche Perspektiven","23","Nicht indexierbar","noindex"
"https://www.delst.de/de/weiterbildung-arbeitsamt/qualitaetsmanager/","2","Informationen zur Weiterbildung zum*zur Qualitätsmanager*in","59","Berufliche Perspektiven","23","Nicht indexierbar","noindex"
"https://www.delst.de/de/weiterbildung-arbeitsamt/arbeiten-4-0/","2","Informationen zur Weiterbildung ""Arbeiten 4.0""","46","Berufliche Perspektiven","23","Nicht indexierbar","noindex"
"https://www.delst.de/de/weiterbildung-arbeitsamt/betriebliche-ausbildung/","2","Informationen zur betriebliche Ausbildung 4.0","45","Berufliche Perspektiven","23","Nicht indexierbar","noindex"
"https://www.delst.de/de/weiterbildung-arbeitsamt/wissens-und-transfermanager-4-0/","2","Informationen zur Weiterbildung zum*zur Wissens- und Transfermanager*in 4.0","75","Berufliche Perspektiven","23","Nicht indexierbar","noindex"
"https://www.delst.de/de/weiterbildung-arbeitsamt/gepruefter-wirtschaftsfachwirt-ihk-inkl-ada-schein/","2","Informationen zur Weiterbildungsmaßnahme als Wirtschaftsfachwirt*in (IHK) inkl. Ausbildereignung (AdA-Schein)","109","Berufliche Perspektiven","23","Nicht indexierbar","Canonicalised,noindex"
"https://www.delst.de/de/weiterbildung-arbeitsamt/vorbereitung-externenpruefung-kauffrau-kaufmann-fuer-bueromanagement-ihk-bildungsgutschein/","2","Informationen zur Vorbereitung Externenprüfung Kaufmann*frau für Büromanagement (IHK)","85","Berufliche Perspektiven","23","Nicht indexierbar","Canonicalised"
"https://www.delst.de/de/weiterbildung-arbeitsamt/datenschutzmanager/","2","Informationen zur Weiterbildung zum*zur Datenschutzmanager*in","61","Berufliche Perspektiven","23","Nicht indexierbar","noindex"
"https://www.delst.de/de/weiterbildung-arbeitsamt/gepruefter-manager-im-gesundheits-und-sozialwesen-4-0/","2","Informationen zur Weiterbildung Geprüfte*r Manager*in im Gesundheits- und Sozialwesen","85","Berufliche Perspektiven","23","Nicht indexierbar","Canonicalised,noindex"
"https://www.delst.de/de/weiterbildung-arbeitsamt/gepruefter-technischer-betriebswirt/","2","Informationen zur Weiterbildung zum*zur geprüften technischen Betriebswirt*in","77","Berufliche Perspektiven","23","Nicht indexierbar","Canonicalised,noindex"
"https://www.delst.de/de/weiterbildung-arbeitsamt/digitaler-kommunikationscoach/","2","Informationen zur Weiterbildung zum*zur digitalen Kommunikationscoach*in","72","Berufliche Perspektiven","23","Nicht indexierbar","noindex"
"https://www.delst.de/de/weiterbildung-arbeitsamt/gepruefter-technischer-manager-4-0/","2","Informationen zur Weiterbildung als Geprüfte*r technische*r Manager*in 4.0","74","Berufliche Perspektiven","23","Nicht indexierbar","Canonicalised,noindex"
"https://www.delst.de/de/weiterbildung-arbeitsamt/gepruefter-technischer-betriebswirt-4-0/","2","Informationen zur Weiterbildung zum*zur geprüften technischen Betriebswirt*in 4.0","81","Berufliche Perspektiven","23","Nicht indexierbar","Canonicalised,noindex"
"https://www.delst.de/de/weiterbildung-arbeitsamt/mentaltrainer/","2","Informationen zur Mentaltrainer*in Weiterbildung","48","Berufliche Perspektiven","23","Nicht indexierbar","Canonicalised,noindex"
"https://www.delst.de/de/weiterbildung-arbeitsamt/gepruefter-fachwirt-im-gesundheits-und-sozialwesen-ihk-inkl-ada-schein/","2","Informationen zur Weiterbildung zum*zur geprüften Fachwirt*in im Gesundheits- und Sozialwesen (IHK) inkl. AdA-Schein","116","Berufliche Perspektiven","23","Nicht indexierbar","Canonicalised,noindex"
"https://www.delst.de/de/weiterbildung-arbeitsamt/change-manager/","2","Informationen zur Weiterbildung als Digital Transformation Manager*in","69","Berufliche Perspektiven","23","Nicht indexierbar","Canonicalised,noindex"
"https://www.delst.de/de/weiterbildung-arbeitsamt/vorbereitung-externenpruefung-kaufmann-ecommerce-ihk/","2","Informationen zur Vorbereitung auf die Externenprüfung als Kaufmann*frau im E-Commerce (IHK)","92","Berufliche Perspektiven","23","Nicht indexierbar","noindex"
"https://www.delst.de/de/weiterbildung-arbeitsamt/digital-sales/","2","Informationen zur Weiterbildung ""Digital Sales""","47","Berufliche Perspektiven","23","Nicht indexierbar","noindex"
"https://www.delst.de/de/weiterbildung-arbeitsamt/handelsfachwirt-fernstudium-azav-bildungsgutschein/","2","Informationen zum Fernstudium Handelsfachwirt*in","48","Berufliche Perspektiven","23","Nicht indexierbar","Canonicalised"
"https://www.delst.de/de/weiterbildung-arbeitsamt/kaufmaennisches-wissen-online-azav-bildungsgutschein/","2","Informationen zum kaufmännischen Grundwissen","44","Berufliche Perspektiven","23","Indexierbar",""
"https://www.delst.de/de/weiterbildung-arbeitsamt/digital-transformation-manager-bg/","2","Informationen zur Weiterbildung als Digital Transformation Manager*in","69","Berufliche Perspektiven","23","Nicht indexierbar","Canonicalised,noindex"
"https://www.delst.de/de/weiterbildung-arbeitsamt/gepruefter-wirtschaftsmanager-4-0/","2","Informationen zur Weiterbildung als Geprüfte*r Wirtschaftsmanager*in 4.0","72","Berufliche Perspektiven","23","Nicht indexierbar","Canonicalised,noindex"
"https://www.delst.de/de/weiterbildung-arbeitsamt/digitalisierungsmanager/","2","Informationen zur Weiterbildung als Digitalisierungsmanager*in","62","Berufliche Perspektiven","23","Nicht indexierbar","Canonicalised,noindex"
"https://www.delst.de/de/weiterbildung-arbeitsamt/vertriebsassistenz-4-0/","2","Informationen zur Weiterbildung zur Vertriebsassistenz 4.0","58","Berufliche Perspektiven","23","Nicht indexierbar","noindex"
"https://www.delst.de/de/weiterbildung-arbeitsamt/gepruefter-wirtschaftsmanager/","2","Informationen zur Weiterbildung als Geprüfte*r Wirtschaftsmanager*in","68","Berufliche Perspektiven","23","Nicht indexierbar","Canonicalised,noindex"
"https://www.delst.de/de/weiterbildung-arbeitsamt/personalmanager-4-0/","2","Informationen zur Weiterbildung zum*zur Geprüften Betriebswirt*in","65","Berufliche Perspektiven","23","Nicht indexierbar","noindex"
"https://www.delst.de/de/weiterbildung-arbeitsamt/gepruefter-betriebswirt-4-0/","2","Informationen zur Weiterbildung zum*zur Geprüften Betriebswirt*in 4.0","69","Berufliche Perspektiven","23","Nicht indexierbar","Canonicalised,noindex"
"https://www.delst.de/de/weiterbildung-arbeitsamt/ada-schein-azav-bildungsgutschein/","2","Informationen zu AdA-Schein Vorbereitung","40","Berufliche Perspektiven","23","Nicht indexierbar","Canonicalised"
"https://www.delst.de/de/weiterbildung-arbeitsamt/weiterbildung-fachwirt-im-sozial-und-gesundheitswesen-azav-bildungsgutschein/","2","Informationen zur Weiterbildung Fachwirt*in im Sozial- und Gesundheitswesen","75","Berufliche Perspektiven","23","Indexierbar",""
"https://www.delst.de/de/weiterbildung-arbeitsamt/ihk-wirtschaftsfachwirt-weiterbildung-bildungsgutschein/","2","Informationen zur Weiterbildungsmaßnahme als Wirtschaftsfachwirt*in","67","Berufliche Perspektiven","23","Indexierbar",""
"https://www.delst.de/de/weiterbildung-arbeitsamt/technischer-fachwirt-weiterbildung-bildungsgutschein/","2","Informationen zur Weiterbildung als Technische*r Fachwirt*in (IHK)","66","Berufliche Perspektiven","23","Nicht indexierbar","Canonicalised"
"https://www.delst.de/de/weiterbildung-arbeitsamt/transformationsmanager-fuer-nachhaltigkeit/","2","Informationen zur Weiterbildung zum*zur Transformationsmanager*in für Nachhaltigkeit","84","Berufliche Perspektiven","23","Nicht indexierbar","noindex"
"https://www.delst.de/de/weiterbildung-arbeitsamt/gepruefter-e-commerce-manager/","2","Informationen zur Weiterbildung zum*zur geprüften E-Commerce Manager*in","71","Berufliche Perspektiven","23","Nicht indexierbar","Canonicalised,noindex"
"https://www.delst.de/de/weiterbildung-arbeitsamt/gepruefter-technischer-betriebswirt-ihk-inkl-ada-schein/","2","Informationen zur Weiterbildung zum*zur geprüften technischen Betriebswirt*in (IHK) inkl. AdA-Schein","100","Berufliche Perspektiven","23","Nicht indexierbar","Canonicalised,noindex"
"https://www.delst.de/de/weiterbildung-arbeitsamt/gepruefter-manager-im-gesundheits-und-sozialwesen/","2","Informationen zur Weiterbildung Geprüfte*r Manager*in im Gesundheits- und Sozialwesen","85","Berufliche Perspektiven","23","Nicht indexierbar","Canonicalised,noindex"
"https://www.delst.de/de/weiterbildung-arbeitsamt/qualitaetsmanager-4-0/","2","Informationen zur Weiterbildung zum*zur Qualitätsmanager*in 4.0","63","Berufliche Perspektiven","23","Nicht indexierbar","noindex"
"https://www.delst.de/de/weiterbildung-arbeitsamt/social-media-manager-azav-bildungsgutschein/","2","Information zur Weiterbildungsmaßnahme als Social Media Manager*in","66","Berufliche Perspektiven","23","Nicht indexierbar","Canonicalised"
"https://www.delst.de/de/weiterbildung-arbeitsamt/gepruefter-technischer-manager/","2","Informationen zur Weiterbildung als Geprüfte*r technische*r Manager*in","70","Berufliche Perspektiven","23","Nicht indexierbar","Canonicalised,noindex"
"https://www.delst.de/de/weiterbildung-arbeitsamt/gepruefter-buchhaltungsassistent/","2","Informationen zur Weiterbildung zum*zur Geprüften Betriebswirt*in","65","Berufliche Perspektiven","23","Nicht indexierbar","noindex"
"https://www.delst.de/de/weiterbildung-arbeitsamt/gepruefter-bueromanager-4-0/","2","Informationen zur Weiterbildung zum*zur geprüften Büromanager*in 4.0","68","Berufliche Perspektiven","23","Nicht indexierbar","Canonicalised,noindex"
"https://www.delst.de/de/weiterbildung-arbeitsamt/gepruefter-industriemanager/","2","Informationen zur Weiterbildung Geprüfte*r Industriemanager*in","62","Berufliche Perspektiven","23","Nicht indexierbar","Canonicalised,noindex"
"https://www.delst.de/de/weiterbildung-arbeitsamt/agiler-bueromanager/","2","Informationen zur Weiterbildung zum*zur agilen Büromanager*in","61","Berufliche Perspektiven","23","Nicht indexierbar","noindex"
"https://www.delst.de/de/weiterbildung-arbeitsamt/gepruefter-technischer-betriebswirt-ihk/","2","Informationen zum Fernstudium Technischer Betriebswirt","54","Berufliche Perspektiven","23","Nicht indexierbar","Canonicalised,noindex"
"https://www.delst.de/de/weiterbildung-arbeitsamt/umschulung-kauffrau-fuer-bueromanagement/","2","Informationen zur Umschulung Kaufmann*frau für Büromanagement (IHK)","67","100 % der Kostenübernahme durch Bildungsgutschein","49","Indexierbar",""
"https://www.delst.de/de/weiterbildung-arbeitsamt/seo-manager-weiterbildung-azav-bildungsgutschein/","2","Informationen zur SEA / SEO Manager*in Weiterbildung","52","Berufliche Perspektiven","23","Nicht indexierbar","Canonicalised"
"https://www.delst.de/de/weiterbildung-arbeitsamt/gepruefter-technischer-fachwirt-ihk-inkl-ada-schein/","2","Informationen zur Weiterbildung als Technische*r Fachwirt*in (IHK)","66","Berufliche Perspektiven","23","Nicht indexierbar","Canonicalised,noindex"
"https://www.delst.de/de/weiterbildung-arbeitsamt/kommunikationstraining-intensiv/","2","Informationen zur Weiterbildung ""Kommunikationstraining intensiv""","65","Berufliche Perspektiven","23","Nicht indexierbar","noindex"
"https://www.delst.de/de/weiterbildung-arbeitsamt/kommunikationstrainer-ausbildung-bildungsgutschein/","2","Informationen zum Kommunikationstrainer*in Fernstudium","54","Berufliche Perspektiven","23","Indexierbar",""
"https://www.delst.de/de/weiterbildung-arbeitsamt/agiler-projektmanager-4-0/","2","Informationen zur Weiterbildung zum*zur Agile*r Projektmanager*in 4.0","69","Berufliche Perspektiven","23","Nicht indexierbar","noindex"
"https://www.delst.de/de/weiterbildung-arbeitsamt/finanz-und-marktanalyst/","2","Informationen zur Weiterbildung zum*zur Finanz- und Marktanalyst*in","67","Berufliche Perspektiven","23","Nicht indexierbar","noindex"
"https://www.delst.de/de/weiterbildung-arbeitsamt/gepruefter-betriebswirt-ihk-cci-inkl-ada-schein/","2","Informationen zur Weiterbildung zum*zur geprüften Betriebswirt*in (IHK) - Master Professional in Business Management (CCI) inkl. AdA-Schein","139","Berufliche Perspektiven","23","Nicht indexierbar","Canonicalised,noindex"
"https://www.delst.de/de/weiterbildung-arbeitsamt/datenschutzbeauftragter-weiterbildung-bildungsgutschein/","2","Informationen zur Weiterbildung als Datenschutzbeauftragte*r","60","Berufliche Perspektiven","23","Nicht indexierbar","noindex"
"https://www.delst.de/de/weiterbildung-arbeitsamt/gepruefter-handelsmanager/","2","Informationen zur Weiterbildung zum*zur geprüften Handelsmanager*in","67","Berufliche Perspektiven","23","Nicht indexierbar","Canonicalised,noindex"
"https://www.delst.de/de/weiterbildung-arbeitsamt/weiterbildung-digitalisierung-azav-bildungsgutschein/","2","Informationen zum Fernstudium Basiskompetenzen Digitalisierung","62","Berufliche Perspektiven","23","Nicht indexierbar","Canonicalised"
"https://www.delst.de/de/weiterbildung-arbeitsamt/betriebliche-ausbildung-4-0/","2","Informationen zur betriebliche Ausbildung 4.0","45","Berufliche Perspektiven","23","Nicht indexierbar","noindex"
"https://www.delst.de/de/weiterbildung-arbeitsamt/eventmanager/","2","Informationen zur Weiterbildung zum*zur Eventmanager*in","55","Berufliche Perspektiven","23","Nicht indexierbar","noindex"
"https://www.delst.de/de/weiterbildung-arbeitsamt/edv-informationstechnologie-kurs-azav-bildungsgutschein/","2","Informationen zum Fernstudium","29","Berufliche Perspektiven","23","Nicht indexierbar","Canonicalised"
"https://www.delst.de/de/weiterbildung-arbeitsamt/agiler-projektmanager/","2","Informationen zur Weiterbildung zum*zur Agile*r Projektmanager*in","65","Berufliche Perspektiven","23","Nicht indexierbar","noindex"
"https://www.delst.de/de/weiterbildung-arbeitsamt/gepruefter-wirtschaftsassistent/","2","Informationen zur Weiterbildung Geprüfte*r Wirtschaftsassistent*in","66","Berufliche Perspektiven","23","Nicht indexierbar","noindex"
"https://www.delst.de/de/weiterbildung-arbeitsamt/personalmanager/","2","Informationen zur Weiterbildung zum*zur Personalmanager*in","58","Berufliche Perspektiven","23","Nicht indexierbar","noindex"
"https://www.delst.de/de/weiterbildung-arbeitsamt/projektmanager/","2","Informationen zur Weiterbildung zum*zur Projektmanager*in","57","Berufliche Perspektiven","23","Nicht indexierbar","noindex"
"https://www.delst.de/de/weiterbildung-arbeitsamt/gepruefter-bueromanager/","2","Informationen zur Weiterbildung zum*zur geprüften Büromanager*in","64","Berufliche Perspektiven","23","Nicht indexierbar","Canonicalised,noindex"
"https://www.delst.de/de/weiterbildung-arbeitsamt/online-marketing-manager-4-0/","2","Informationen zur Weiterbildung zum*zur Online Marketing Manager*in 4.0","71","Berufliche Perspektiven","23","Nicht indexierbar","noindex"
"https://www.delst.de/de/weiterbildung-arbeitsamt/agiler-qualitaets-und-prozessmanager/","2","Informationen zur Weiterbildung zum*zur agilen Qualitäts- und Prozessmanager*in","79","Berufliche Perspektiven","23","Nicht indexierbar","noindex"
"https://www.delst.de/de/weiterbildung-arbeitsamt/gepruefter-industriefachwirt-ihk-inkl-ada-schein/","2","Informationen zur Weiterbildungsmaßnahme als geprüfte*r IHK-Industriefachwirt*in inkl. AdA-Schein","97","Berufliche Perspektiven","23","Nicht indexierbar","Canonicalised,noindex"
"https://www.delst.de/de/weiterbildung-arbeitsamt/wirtschaftsbezogene-qualifikationen/","2","Informationen zur Weiterbildung Wirtschaftsbezogene Qualifikationen IHK","71","Berufliche Perspektiven","23","Nicht indexierbar","Canonicalised,noindex"
"https://www.delst.de/de/weiterbildung-arbeitsamt/gepruefter-bueroassistent/","2","Informationen zur Weiterbildung zum*zur geprüften Büroassistent*in","66","Berufliche Perspektiven","23","Nicht indexierbar","Canonicalised,noindex"
"https://www.delst.de/de/weiterbildung-arbeitsamt/umschulung-kaufmann-ecommerce-ihk/","2","Informationen zur Umschulung zum*zur Kaufmann*frau im E-Commerce (IHK)","70","Berufliche Perspektiven","23","Nicht indexierbar","noindex"
"https://www.delst.de/de/rechnungswesen-online/rechnungswesen-kosten-und-leistungsrechnung-klr/","2","Informationen zur Weiterbildung Kosten- und Leistungsrechnung","61","Berufliche Perspektiven","23","Indexierbar",""
"https://www.delst.de/de/rechnungswesen-online/moderne-finanzbuchfuehrung-online-weiterbildung/","2","Informationen zur Weiterbildung Finanzbuchführung","49","Berufliche Perspektiven","23","Indexierbar",""
"https://www.delst.de/de/weiterbildung-arbeitsamt/gepruefter-betriebswirt-azav-bildungsgutschein/","2","Informationen zur Weiterbildung zum*r Geprüften Betriebswirt*in","63","Berufliche Perspektiven","23","Nicht indexierbar","Canonicalised"
"https://www.delst.de/de/weiterbildung-arbeitsamt/gepruefter-industriemanager-4-0/","2","Informationen zur Weiterbildung Geprüfte*r Industriemanager*in 4.0","66","Berufliche Perspektiven","23","Nicht indexierbar","Canonicalised,noindex"
"https://www.delst.de/de/weiterbildung-arbeitsamt/prozessmanager/","2","Informationen zur Weiterbildung zum*zur Prozessmanager*in","57","Berufliche Perspektiven","23","Nicht indexierbar","Canonicalised,noindex"
"https://www.delst.de/de/rechnungswesen-online/controlling-weiterbildung/","2","Informationen zur Weiterbildung Controlling","43","Berufliche Perspektiven","23","Indexierbar",""
"https://www.delst.de/de/rechnungswesen-online/ihk-rechnungswesen-verstehen/","2","Informationen zur Weiterbildung Rechnungswesen","46","Ziele und Perspektiven","22","Indexierbar",""
"https://www.delst.de/de/betriebswirt-ihk-vollzeit/","2","Per Vollzeit-Weiterbildung zum Abschluss als geprüfter, staatlich anerkannter Betriebswirt (IHK)","96","Gezielte Vorbereitung auf die IHK-Prüfung durch die Weiterbildung","65","Indexierbar",""
"https://www.delst.de/de/ihk-weiterbildung/e-sports-manager-ihk/","2","Informationen zum Zertifikatslehrgang E-Sports-Manager (IHK)","60","Berufliche Perspektiven","23","Indexierbar",""
"https://www.delst.de/de/betriebswirt-ihk-erfahrungen/","2","Eine Karriere als Betriebswirt - Erfahrungen und Perspektiven","61","Ein Abschluss einer staatlich anerkannten IHK-Fortbildung bildet den Startschuss in deine Karriere","98","Indexierbar",""
"https://www.delst.de/de/betriebswirt-ihk-sinnvoll/","2","Geprüfter Betriebswirt IHK - wie sinnvoll ist er für den beruflichen Werdegang?","79","Voraussetzungen für die Qualifikation als geprüfter Betriebswirt","64","Indexierbar",""
"https://www.delst.de/de/betriebswirt-ihk-lernmaterial/","2","Welche Lehrmaterialien eignen sich zur Vorbereitung auf die Betriebswirt-Prüfung bei der IHK?","93","Lernen per Fernstudium - eine optimale Prüfungsvorbereitung für Betriebswirte","77","Indexierbar",""
"https://www.delst.de/de/betriebswirt-ihk-gehalt/","2","Betriebswirt IHK - welches Gehalt ist mit diesem Abschluss möglich?","67","Welche Branchen und Aufgabenfelder ermöglichen ein hohes Gehalt als Betriebswirt (IHK)?","87","Indexierbar",""
"https://www.delst.de/de/betriebswirt-ihk-anerkennung/","2","Der geprüfte Betriebswirt IHK und seine Anerkennung in Industrie und Wirtschaft","79","Mit der Weiterbildung als geprüfter Betriebswirt qualifizierst du dich für das gehobene Management","98","Indexierbar",""
"https://www.delst.de/de/news/aktualisierung-pruefungsordnung-gepruefter-betriebswirt/","2","Was bedeutet die Aktualisierung der IHK-Prüfungsordnung für das Fernstudium „Geprüfter Betriebswirt (IHK) - Master Professional in Business-Management CCI“?","156","Was ändert sich?","16","Indexierbar",""
"https://www.delst.de/de/news/informationsveranstaltung-unseres-partners-ehip/","1","Diese Fernstudiengänge könnten dich interessieren:","50","","0","Indexierbar",""
"https://www.delst.de/de/news/ehip-unser-neuer-bildungspartner/","1","Hast du bereits eine Aufstiegsfortbildung beim DeLSt abgeschlossen?","67","","0","Indexierbar",""
"https://www.delst.de/de/news/100-foerderung-ueber-bildungsgutschein/","1","Berufliche Weiterbildung zu 100% über Bildungsgutschein fördern lassen!","71","","0","Indexierbar",""
"https://www.delst.de/de/news/delst-instagram/","1","HEUTE IST DER TAG! Unser DeLSt-Instagram-Profil @delst_elearning wird wiedererweckt.","84","","0","Indexierbar",""
"https://www.delst.de/de/news/seo-sea-manager-ausbildung-jetzt-buchbar/","1","Direkt zum Fernstudium:","23","","0","Indexierbar",""
"https://www.delst.de/de/news/kennst-du-schon-markus-edenharder/","1","Wir stellen dir unseren Tutor vor!","34","","0","Indexierbar",""
"https://www.delst.de/de/ihk-weiterbildung/technischer-betriebswirt-fernstudium/","2","Informationen zum Fernstudium Technischer Betriebswirt","54","Berufliche Perspektiven","23","Indexierbar",""
"https://www.delst.de/de/news/kennen-sie-andrea-haertlein/","1","Haben Sie Interesse an einer Zusammenarbeit?","44","","0","Indexierbar",""
"https://www.delst.de/de/news/fernstudientag-2024/","0","","0","","0","Indexierbar",""
"https://www.delst.de/de/news/wir-sind-top-anbieter-2023/","1","Wir freuen uns darauf von dir zu hören und dich zu unterstützen!","64","","0","Indexierbar",""
"https://www.delst.de/de/news/kennst-du-philipp-raithel/","0","","0","","0","Indexierbar",""
"https://www.delst.de/de/news/kennst-du-stefan-hieronimus/","0","","0","","0","Indexierbar",""
"https://www.delst.de/de/news/neue-oeffnungszeiten/","0","","0","","0","Indexierbar",""
"https://www.delst.de/de/news/adventskalender/","1","„Advent, Advent, ein Lichtlein brennt, erst eins, dann zwei, dann drei, dann vier, dann steht das Christkind vor der Tür!“","122","","0","Indexierbar",""
"https://www.delst.de/de/news/neue-berufliche-weiterbildung-kommunikation-verbessern/","1","Direkt zur Weiterbildung:","25","","0","Indexierbar",""
"https://www.delst.de/de/news/kennst-du-dr-lisa-marholt/","0","","0","","0","Indexierbar",""
"https://www.delst.de/de/news/happy-new-year-2021/","0","","0","","0","Indexierbar",""
"https://www.delst.de/de/news/auszeichnung-exzellenter-anbieter-2024/","0","","0","","0","Indexierbar",""
"https://www.delst.de/de/news/tutorenvorstellung-carsten-kulka/","1","Haben Sie Interesse an einer Zusammenarbeit?","44","","0","Indexierbar",""
"https://www.delst.de/de/news/kennen-sie-aron-labonte/","1","Haben Sie Interesse an einer Zusammenarbeit?","44","","0","Indexierbar",""
"https://www.delst.de/de/ihk-weiterbildung/technischer-fachwirt-fernstudium/","2","Informationen zum Fernstudium","29","Berufliche Perspektiven","23","Indexierbar",""
"https://www.delst.de/de/news/kennst-du-julia-jorcke/","0","","0","","0","Indexierbar",""
"https://www.delst.de/de/news/scrum-lehrgaenge-buchbar/","2","Hier geht´s direkt zu den Fernlehrgängen:","41","Willst du zuerst einen Blick ins Lernmaterial werfen? Kein Problem!","67","Indexierbar",""
"https://www.delst.de/de/news/kennen-sie-ralf-schemmert/","1","Haben Sie Interesse an einer Zusammenarbeit?","44","","0","Indexierbar",""
"https://www.delst.de/de/news/kennst-du-tom-telschow/","0","","0","","0","Indexierbar",""
"https://www.delst.de/de/news/bueroassistenz-jetzt-buchbar/","1","Hier geht´s direkt zum Fernstudium:","35","","0","Indexierbar",""
"https://www.delst.de/de/news/kennst-du-ela-naeffgen/","0","","0","","0","Indexierbar",""
"https://www.delst.de/de/news/englische-ihk-abschluesse/","2","IHK-Abschlüsse Bachelor Professional und Master Professional","60","IHK-Abschluss: Bezeichnung Bachelor Professional / Master Professional","70","Indexierbar",""
"https://www.delst.de/de/news/elearning-digitales-lernen-die-moderne-und-flexible-form-der-weiterbildung/","2","Was ist E-Learning und warum erfährt es eine so hohe Bedeutung?","63","Aus welchen Gründen sollte man sich für das digitale Lernen entscheiden?","72","Indexierbar",""
"https://www.delst.de/de/news/kennst-du-thomas-wiessner/","0","","0","","0","Indexierbar",""
"https://www.delst.de/de/news/delst-besuchen-auf-der-messe-jobkarrieretage2022/","0","","0","","0","Indexierbar",""
"https://www.delst.de/de/news/betrieblicher-gesundheitsmanager-jetzt-buchbar/","1","Direkt zum Fernstudium:","23","","0","Indexierbar",""
"https://www.delst.de/de/news/top-institut-2021-fernstudiumcheck/","0","","0","","0","Indexierbar",""
"https://www.delst.de/de/news/kennst-du-benjamin-lindner/","0","","0","","0","Indexierbar",""
"https://www.delst.de/de/news/wbt-modernes-lernen/","1","Sie möchten mehr über unsere WBTs erfahren? Dann empfehlen wir Ihnen diese Fernstudiengänge:","92","","0","Indexierbar",""
"https://www.delst.de/de/news/kennst-du-alexander-neumann/","0","","0","","0","Indexierbar",""
"https://www.delst.de/de/news/kennst-du-ebru-nal/","0","","0","","0","Indexierbar",""
"https://www.delst.de/de/news/wir-wuenschen-ihnen-ein-glueckliches-gesundes-und-erfolgreiches-neue-jahr/","2","Zum Jahreswechsel möchten wir Sie von Herzen Grüßen und Ihnen viel Glück und Gesundheit für das neue Jahr wünschen!","115","Ihr DeLSt-Team","14","Indexierbar",""
"https://www.delst.de/de/news/kennst-du-marion-freddy-kraemer/","0","","0","","0","Indexierbar",""
"https://www.delst.de/de/news/neuer-fernkurs-ernaehrung-im-natural-bodybuilding/","1","Direkt zur Weiterbildung:","25","","0","Indexierbar",""
"https://www.delst.de/de/news/gepruefter-technischer-betriebswirt-jetzt-buchbar/","1","Hier geht´s direkt zum Fernstudium:","35","","0","Indexierbar",""
"https://www.delst.de/de/news/top-institut-2022-fernstudiumcheck/","1","DeLSt erneut zur beliebtesten Fernschule ernannt","48","","0","Indexierbar",""
"https://www.delst.de/de/news/kennst-du-sonja-theile-ochel/","0","","0","","0","Indexierbar",""
"https://www.delst.de/de/news/kennst-du-rene-gregorczyk/","0","","0","","0","Indexierbar",""
"https://www.delst.de/de/news/kennst-du-dieter-kaiser/","0","","0","","0","Indexierbar",""
"https://www.delst.de/de/news/delst-bewerten-und-gewinnen/","0","","0","","0","Indexierbar",""
"https://www.delst.de/de/news/neue-delst-website-online/","0","","0","","0","Indexierbar",""
"https://www.delst.de/de/news/workout-fuer-den-arbeitsplatz/","2","Alle Informationen findest du hier:","35","Du hast Fragen zu den Lehrgängen? Unsere Studienbetreuung steht dir gern mit Rat und Tat zur Seite!","99","Indexierbar",""
"https://www.delst.de/de/news/kennst-du-schon-marina-schemmert/","1","Wir stellen dir unsere Tutorin vor!","35","","0","Indexierbar",""
"https://www.delst.de/de/news/studium-im-alter-ihre-chance-der-weiterbildung-ohne-abitur/","2","Studieren ab 50 - gibt es Besonderheiten bei den Voraussetzungen?","65","Welche Vorteile bietet es für ältere Menschen, zu studieren?","60","Indexierbar",""
"https://www.delst.de/de/news/kennst-du-schon-laura-koch/","1","Wir stellen dir unsere Tutorin vor!","35","","0","Indexierbar",""
"https://www.delst.de/de/news/kennst-du-schon-andreas-gloeckl/","1","Wir stellen dir unseren Tutor vor!","34","","0","Indexierbar",""
"https://www.delst.de/de/news/kaufmann-frau-im-e-commerce-jetzt-buchbar/","2","Hier geht´s direkt zu der Ausbildung:","37","Willst du zuerst einen Blick ins Lernmaterial werfen? Kein Problem!","67","Indexierbar",""
"https://www.delst.de/de/news/selbstaendig-als-mobiler-reitlehrer/","1","Möchten Sie auch Ihre Karriere starten? Dann empfehlen wir Ihnen diese Fernstudiengänge:","88","","0","Indexierbar",""
"https://www.delst.de/de/news/kennst-du-jennifer-safran/","0","","0","","0","Indexierbar",""
"https://www.delst.de/de/lexikon/u/","0","","0","","0","Nicht indexierbar","Canonicalised"
"https://www.delst.de/de/lexikon/abs-asset-back-securities/","0","","0","","0","Indexierbar",""
"https://www.delst.de/de/lexikon/q/","0","","0","","0","Nicht indexierbar","Canonicalised"
"https://www.delst.de/de/lexikon/abwicklungsvertrag/","0","","0","","0","Indexierbar",""
"https://www.delst.de/de/lexikon/m/","0","","0","","0","Nicht indexierbar","Canonicalised"
"https://www.delst.de/de/lexikon/abzahlungsdarlehen/","0","","0","","0","Indexierbar",""
"https://www.delst.de/de/lexikon/i/","0","","0","","0","Nicht indexierbar","Canonicalised"
"https://www.delst.de/de/lexikon/d/","0","","0","","0","Nicht indexierbar","Canonicalised"
"https://www.delst.de/de/lexikon/abstraktionsprinzip/","0","","0","","0","Indexierbar",""
"https://www.delst.de/de/lexikon/abschreibungen/","0","","0","","0","Indexierbar",""
"https://www.delst.de/de/lexikon/abweichung-varianz/","0","","0","","0","Indexierbar",""
"https://www.delst.de/de/lexikon/abc-analyse/","0","","0","","0","Indexierbar",""
"https://www.delst.de/de/lexikon/absatzpotenzial/","0","","0","","0","Indexierbar",""
"https://www.delst.de/de/lexikon/abmaß/","0","","0","","0","Indexierbar",""
"https://www.delst.de/de/lexikon/absatzmittler/","0","","0","","0","Indexierbar",""
"https://www.delst.de/de/lexikon/adrenalinausschuettung/","0","","0","","0","Indexierbar",""
"https://www.delst.de/de/lexikon/abstraktes-modell/","0","","0","","0","Indexierbar",""
"https://www.delst.de/de/lexikon/ablauforganisation/","0","","0","","0","Indexierbar",""
"https://www.delst.de/de/lexikon/after-sales-service/","0","","0","","0","Indexierbar",""
"https://www.delst.de/de/lexikon/affiliate-link/","0","","0","","0","Indexierbar",""
"https://www.delst.de/de/lexikon/y/","0","","0","","0","Nicht indexierbar","Canonicalised"
"https://www.delst.de/de/lexikon/aerogen/","0","","0","","0","Indexierbar",""
"https://www.delst.de/de/lexikon/ad-extension/","0","","0","","0","Indexierbar",""
"https://www.delst.de/de/lexikon/account/","0","","0","","0","Indexierbar",""
"https://www.delst.de/de/lexikon/abszisse/","0","","0","","0","Indexierbar",""
"https://www.delst.de/de/digitalisierung-unternehmen-digitale-arbeitswelt/sea-seo-manager-online-fernstudium/","2","Informationen zum Fernstudium SEA / SEO Manager","47","Berufliche Perspektiven","23","Indexierbar",""
"https://www.delst.de/de/lexikon/t/","0","","0","","0","Nicht indexierbar","Canonicalised"
"https://www.delst.de/de/lexikon/absprungrate/","0","","0","","0","Indexierbar",""
"https://www.delst.de/de/lexikon/p/","0","","0","","0","Nicht indexierbar","Canonicalised"
"https://www.delst.de/de/lexikon/l/","0","","0","","0","Nicht indexierbar","Canonicalised"
"https://www.delst.de/de/lexikon/above-the-line-massnahmen-atl/","0","","0","","0","Indexierbar",""
"https://www.delst.de/de/lexikon/absatzvolumen/","0","","0","","0","Indexierbar",""
"https://www.delst.de/de/lexikon/h/","0","","0","","0","Nicht indexierbar","Canonicalised"
"https://www.delst.de/de/lexikon/advanced-planning-and-scheduling-aps/","0","","0","","0","Indexierbar",""
"https://www.delst.de/de/lexikon/affinitätsschätzen/","0","","0","","0","Indexierbar",""
"https://www.delst.de/de/lexikon/abgeaenderte-annahme/","0","","0","","0","Indexierbar",""
"https://www.delst.de/de/lexikon/abstraktionsniveau/","0","","0","","0","Indexierbar",""
"https://www.delst.de/de/lexikon/c/","0","","0","","0","Nicht indexierbar","Canonicalised"
"https://www.delst.de/de/lexikon/adsense/","0","","0","","0","Indexierbar",""
"https://www.delst.de/de/lexikon/affility-marketing/","0","","0","","0","Indexierbar",""
"https://www.delst.de/de/lexikon/affiliate/","0","","0","","0","Indexierbar",""
"https://www.delst.de/de/lexikon/absoluter-marktanteil/","0","","0","","0","Indexierbar",""
"https://www.delst.de/de/lexikon/x/","0","","0","","0","Nicht indexierbar","Canonicalised"
"https://www.delst.de/de/lexikon/adcell/","0","","0","","0","Indexierbar",""
"https://www.delst.de/de/lexikon/a-b-test/","0","","0","","0","Indexierbar",""
"https://www.delst.de/de/lexikon/affektiv/","0","","0","","0","Indexierbar",""
"https://www.delst.de/de/lexikon/administrativ/","0","","0","","0","Indexierbar",""
"https://www.delst.de/de/lexikon/s/","0","","0","","0","Nicht indexierbar","Canonicalised"
"https://www.delst.de/de/lexikon/absatzhelfer/","0","","0","","0","Indexierbar",""
"https://www.delst.de/de/lexikon/o/","0","","0","","0","Nicht indexierbar","Canonicalised"
"https://www.delst.de/de/lexikon/k/","0","","0","","0","Nicht indexierbar","Canonicalised"
"https://www.delst.de/de/lexikon/affinität/","0","","0","","0","Indexierbar",""
"https://www.delst.de/de/lexikon/g/","0","","0","","0","Nicht indexierbar","Canonicalised"
"https://www.delst.de/de/lexikon/f/","0","","0","","0","Nicht indexierbar","Canonicalised"
"https://www.delst.de/de/lexikon/abgaben/","0","","0","","0","Indexierbar",""
"https://www.delst.de/de/lexikon/advanced-persistent-threats/","0","","0","","0","Indexierbar",""
"https://www.delst.de/de/lexikon/affinity/","0","","0","","0","Indexierbar",""
"https://www.delst.de/de/lexikon/absolutheitsprinzip/","0","","0","","0","Indexierbar",""
"https://www.delst.de/de/lexikon/abgabeordnung-ao/","0","","0","","0","Indexierbar",""
"https://www.delst.de/de/lexikon/b/","0","","0","","0","Nicht indexierbar","Canonicalised"
"https://www.delst.de/de/lexikon/ablauf-einer-gewerbeanmeldung/","0","","0","","0","Indexierbar",""
"https://www.delst.de/de/lexikon/w/","0","","0","","0","Nicht indexierbar","Canonicalised"
"https://www.delst.de/de/lexikon/v/","0","","0","","0","Nicht indexierbar","Canonicalised"
"https://www.delst.de/de/lexikon/absatzkanaele/","0","","0","","0","Indexierbar",""
"https://www.delst.de/de/lexikon/adware/","0","","0","","0","Indexierbar",""
"https://www.delst.de/de/lexikon/r/","0","","0","","0","Nicht indexierbar","Canonicalised"
"https://www.delst.de/de/lexikon/n/","0","","0","","0","Nicht indexierbar","Canonicalised"
"https://www.delst.de/de/lexikon/aeuv/","0","","0","","0","Indexierbar",""
"https://www.delst.de/de/lexikon/adaption/","0","","0","","0","Indexierbar",""
"https://www.delst.de/de/lexikon/j/","0","","0","","0","Nicht indexierbar","Canonicalised"
"https://www.delst.de/de/lexikon/e/","0","","0","","0","Nicht indexierbar","Canonicalised"
"https://www.delst.de/de/lexikon/active-sourcing/","0","","0","","0","Indexierbar",""
"https://www.delst.de/de/lexikon/a/","0","","0","","0","Nicht indexierbar","Canonicalised"
"https://www.delst.de/de/lexikon/abschreibungsmethoden/","0","","0","","0","Indexierbar",""
"https://www.delst.de/de/lexikon/z/","0","","0","","0","Nicht indexierbar","Canonicalised"
"https://www.delst.de/de/lexikon/absatzwerbung/","0","","0","","0","Indexierbar",""
"https://www.delst.de/de/news/tierheilpraktikerin-wird-futtermittelberaterin/","1","Möchten Sie auch Ihre Karriere starten? Dann empfehlen wir Ihnen diese Fernstudiengänge:","88","","0","Indexierbar",""
"https://www.delst.de/de/news/e-learning-projektmanager-buchbar/","0","","0","","0","Indexierbar",""
"https://www.delst.de/de/news/kennst-du-antje-lehmann-benz/","0","","0","","0","Indexierbar",""
"https://www.delst.de/de/news/kennst-du-alexander-toigo/","0","","0","","0","Indexierbar",""
"https://www.delst.de/de/news/fernstudium-vs-praesenzstudium-welche-form-bevorzugen-arbeitgeber/","2","Ist ein Fernstudium gleichwertig mit einem Präsenzstudium?","58","Ist ein Fernstudium im Vergleich zu einem Präsenzstudium schwerer?","66","Indexierbar",""
"https://www.delst.de/de/news/traumjob-betriebswirt/","1","Möchten Sie auch Ihre Karriere starten? Dann empfehlen wir Ihnen diese Fernstudiengänge:","88","","0","Indexierbar",""
"https://www.delst.de/de/news/erfolgsgeschichten-das-delst-sucht-eure-story/","0","","0","","0","Indexierbar",""
"https://www.delst.de/de/news/e-commerce-manager-jetzt-buchbar/","1","Direkt zum Fernstudium:","23","","0","Indexierbar",""
"https://www.delst.de/de/news/kennst-du-sandra-leist/","0","","0","","0","Indexierbar",""
"https://www.delst.de/de/news/ausbildung-der-ausbilder-anpassung-an-die-moderne-arbeitswelt/","2","Was ist neu am Rahmenplan der AEVO?","35","Umsetzung beim DeLSt","20","Indexierbar",""
"https://www.delst.de/de/news/fernstudientag-2023/","0","","0","","0","Indexierbar",""
"https://www.delst.de/de/news/leidenschaft-fuer-pferde/","1","Möchten Sie auch Ihre Karriere starten? Dann empfehlen wir Ihnen diese Fernstudiengänge:","88","","0","Indexierbar",""
