"Adresse","Titel 1","Häufigkeit","HTML-Hreflang 1","HTML-Hreflang 1-URL","HTTP-Hreflang 1","HTTP-Hreflang 1-URL","Sitemap-Hreflang 1","Sitemap-Hreflang 1-URL","Indexierbarkeit","Indexierbarkeitsstatus"
"https://www.delst.de/de/","DeLSt - Deutsches eLearning Studieninstitut","0","","","","","","","Indexierbar",""
"https://www.delst.de/de/stellenangebote/","Wir suchen dich! DeLSt-Stellenangebote","0","","","","","","","Indexierbar",""
"https://www.delst.de/de/fernstudium-gesundheitsmanagement/","Fitness- und Gesundheitsmanagement Weiterbildungen | DeLSt","0","","","","","","","Indexierbar",""
"https://www.delst.de/de/news/neu-pruefungstraining-wirtschaftsbezogene-qualifikationen-ihk/","Neu: Intensives Prüfungstraining für Wirtschaftsbezogene Qualifikationen (IHK)","0","","","","","","","Indexierbar",""
"https://www.delst.de/de/studieninfos/","Studieninfos | DeLSt","0","","","","","","","Indexierbar",""
"https://www.delst.de/de/kalender-bildungsberatung/","Terminvereinbarung der Bildungsberatung","0","","","","","","","Indexierbar",""
"https://www.delst.de/de/ueber-uns/","Über uns | DeLSt","0","","","","","","","Indexierbar",""
"https://www.delst.de/de/foerdermoeglichkeiten/","Fördermöglichkeiten | DeLSt","0","","","","","","","Indexierbar",""
"https://www.delst.de/de/lehrgaenge-reiten/","Reitsport Lehrgänge | DeLSt","0","","","","","","","Indexierbar",""
"https://www.delst.de/de/ihk-weiterbildung/industriefachwirt-ihk-fernstudium/","Industriefachwirt IHK Fernstudium | DeLSt","0","","","","","","","Indexierbar",""
"https://www.delst.de/de/weiterbildung-arbeitsamt/","AZAV-Maßnahmen mit Bildungsgutschein | DeLSt","0","","","","","","","Indexierbar",""
"https://www.delst.de/de/rabattaktionen/think-outside-the-box/","Think outside the box | DeLSt","0","","","","","","","Nicht indexierbar","noindex"
"https://www.delst.de/de/rechnungswesen-online/","Weiterbildungen im Rechnungswesen | DeLSt","0","","","","","","","Indexierbar",""
"https://www.delst.de/de/affiliate-partnerprogramm/","Partnerprogramm - jetzt Affiliate werden! | DeLSt","0","","","","","","","Indexierbar",""
"https://www.delst.de/de/news/e-sports-manager-ihk-neuer-fernlehrgang/","E-Sports Manager (IHK) - neuer Fernlehrgang in Zusammenarbeit mit der IHK","0","","","","","","","Indexierbar",""
"https://www.delst.de/de/kalender-videoberatung/","Terminvereinbarung für Videoberatung","0","","","","","","","Indexierbar",""
"https://www.delst.de/de/master-professional/","Master Professional | DeLSt","0","","","","","","","Indexierbar",""
"https://www.delst.de/de/newsbeitraege/","News | DeLSt","0","","","","","","","Indexierbar",""
"https://www.delst.de/de/lexikon/","A/B-Test | Definition und Erklärung","0","","","","","","","Nicht indexierbar","Canonicalised"
"https://www.delst.de/de/magazinbeitraege/","Magazinbeiträge | DeLSt","0","","","","","","","Indexierbar",""
"https://www.delst.de/de/deutsches-elearning-studieninstitut/","Deutsches eLearning Studieninstitut | DeLSt","0","","","","","","","Indexierbar",""
"https://www.delst.de/de/faq/","Häufig gestellte Fragen (FAQ) | DeLSt","0","","","","","","","Indexierbar",""
"https://www.delst.de/de/wirtschaftsfachwirt/","Wirtschaftsfachwirt | DeLSt","0","","","","","","","Indexierbar",""
"https://www.delst.de/de/digitalisierung-unternehmen-digitale-arbeitswelt/","Digitalisierung Weiterbildungen im Fernstudium | DeLSt","0","","","","","","","Indexierbar",""
"https://www.delst.de/de/bildungscoach/","Bildungscoach | DeLSt","0","","","","","","","Indexierbar",""
"https://www.delst.de/de/online-campus/","Online Campus | DeLSt","0","","","","","","","Indexierbar",""
"https://www.delst.de/de/fernstudium-hochschule/","Akademische Abschlüsse | DeLSt","0","","","","","","","Indexierbar",""
"https://www.delst.de/de/weiterbildung-personalentwicklung-management/","Weiterbildungen Management und Personalentwicklung | DeLSt","0","","","","","","","Indexierbar",""
"https://www.delst.de/de/datenschutzrichtlinien/","Datenschutzrichtlinien | DeLSt","0","","","","","","","Indexierbar",""
"https://www.delst.de/de/marketing-vertrieb-fernstudium/","Marketing und Vertrieb im Fernstudium | DeLSt","0","","","","","","","Indexierbar",""
"https://www.delst.de/de/handelsfachwirt/","Handelsfachwirt | DeLSt","0","","","","","","","Indexierbar",""
"https://www.delst.de/de/ihk-weiterbildung/","IHK Weiterbildungen | DeLSt","0","","","","","","","Indexierbar",""
"https://www.delst.de/de/delst-leitsaetze/","Unsere Leitsätze | DeLSt","0","","","","","","","Indexierbar",""
"https://www.delst.de/de/news/kennst-du-sven-arnusch/","Kennst du Sven Arnusch | DeLSt","0","","","","","","","Indexierbar",""
"https://www.delst.de/de/ihk-weiterbildung/wirtschaftsfachwirt-fernstudium/","Wirtschaftsfachwirt IHK Fernstudium | DeLSt","0","","","","","","","Indexierbar",""
"https://www.delst.de/de/weiterbildung-fuer-mitarbeiter-b2b/","Weiterbildungen für Mitarbeiter - B2B | DeLSt","0","","","","","","","Indexierbar",""
"https://www.delst.de/de/ausbildung-der-ausbilder-ada/","Ausbildung der Ausbilder (AdA) | DeLSt","0","","","","","","","Indexierbar",""
"https://www.delst.de/de/coaching-ausbildung/","Coaching Ausbildungen im Fernstudium | DeLSt","0","","","","","","","Indexierbar",""
"https://www.delst.de/de/wirtschaft-weiterbildung/","Wirtschaft Fernstudium | DeLSt","0","","","","","","","Indexierbar",""
"https://www.delst.de/de/agb/","AGB | DeLSt","0","","","","","","","Indexierbar",""
"https://www.delst.de/de/kontakt/","Kontakt | DeLSt","0","","","","","","","Indexierbar",""
"https://www.delst.de/de/impressum/","Impressum | DeLSt","0","","","","","","","Indexierbar",""
"https://www.delst.de/de/ihk-weiterbildung/gepruefter-betriebswirt-ihk-fernstudium/","Geprüfter Betriebswirt IHK Fernstudium | DeLSt","0","","","","","","","Indexierbar",""
"https://www.delst.de/de/ihk-weiterbildung/handelsfachwirt-fernstudium/","Handelsfachwirt Fernstudium | DeLSt","0","","","","","","","Indexierbar",""
"https://www.delst.de/de/e-learning-weiterbildung/","E-Learning Aus- und Weiterbildungen | DeLSt","0","","","","","","","Indexierbar",""
"https://www.delst.de/de/stellenangebote/mitarbeiter-massnahmenzertifizierungen-azav/","Mitarbeiter Maßnahmenzertifizierungen nach AZAV (m/w/d)","0","","","","","","","Indexierbar",""
"https://www.delst.de/de/stellenangebote/beauftrager-fuer-azav-traeger-und-massnahmenzulassung/","Beauftragte*r für AZAV-Träger- und Maßnahmenzulassung (m/w/d)","0","","","","","","","Indexierbar",""
"https://www.delst.de/de/stellenangebote/prozessmanager/","Stellenangebot - Prozessmanager (m/w/d)","0","","","","","","","Indexierbar",""
"https://www.delst.de/de/stellenangebote/markenbotschafter-social-media/","Stellenangebot - Markenbotschafter Social Media (m/w/d)","0","","","","","","","Indexierbar",""
"https://www.delst.de/de/stellenangebote/bildungsmanager-bildungsbereich-kaufmaennische-berufe-ihk-lehrgaenge/","Bildungsmanager -  Bildungsbereich Kaufmännische Berufe & IHK-Lehrgänge (m/w/d)","0","","","","","","","Indexierbar",""
"https://www.delst.de/de/stellenangebote/studienberater-mit-schwerpunkt-vertrieb-b2c/","Studienberater mit Schwerpunkt Vertrieb B2C (m/w/d)","0","","","","","","","Indexierbar",""
"https://www.delst.de/de/stellenangebote/bildungsmanager-bildungsbereich-wirtschaft-management/","Bildungsmanager - Bildungsbereich Wirtschaft & Management (m/w/d)","0","","","","","","","Indexierbar",""
"https://www.delst.de/de/stellenangebote/initiativbewerbung/","Initiativbewerbung | DeLSt","0","","","","","","","Indexierbar",""
"https://www.delst.de/de/fernstudium-gesundheitsmanagement/ausdauertrainer-ausbildung/","Lauf- und Ausdauertrainer Ausbildung | DeLSt","0","","","","","","","Indexierbar",""
"https://www.delst.de/de/fernstudium-gesundheitsmanagement/qualitaetsmanagement-gesundheitswesen-weiterbildung/","Qualitätsmanagement im Gesundheits- und Sozialwesen Weiterbildung","0","","","","","","","Indexierbar",""
"https://www.delst.de/de/fernstudium-gesundheitsmanagement/spa-ausbildung/","SPA-Management Fernstudium | DeLSt","0","","","","","","","Indexierbar",""
"https://www.delst.de/de/fernstudium-gesundheitsmanagement/fernstudium-ernahrungsberater/","Ernährungsberater Fernstudium | DeLSt","0","","","","","","","Indexierbar",""
"https://www.delst.de/de/fernstudium-gesundheitsmanagement/fitnesstrainer-ausbildung/","Fitnesstrainer Online-Ausbildung | DeLSt","0","","","","","","","Indexierbar",""
"https://www.delst.de/de/fernstudium-gesundheitsmanagement/betrieblicher-gesundheitsmanager-fernstudium/","Betriebliches Gesundheitsmanagement Fernstudium | DeLSt","0","","","","","","","Indexierbar",""
"https://www.delst.de/de/studienkonzept/","Studienkonzept | DeLSt","0","","","","","","","Indexierbar",""
"https://www.delst.de/de/lernmethoden/","Lehr- und Lernmethoden","0","","","","","","","Indexierbar",""
"https://www.delst.de/de/studienverlauf/","Studienverlauf | DeLSt","0","","","","","","","Indexierbar",""
"https://www.delst.de/de/qualitaetssicherung/","Qualitätssicherung | DeLSt","0","","","","","","","Indexierbar",""
"https://www.delst.de/de/ihk-weiterbildung/wirtschaftsbezogene-qualifikationen-pruefungsvorbereitung/","Wirtschaftsbezogene Qualifikationen - Prüfungstraining (IHK) | DeLSt","0","","","","","","","Indexierbar",""
"https://www.delst.de/de/selbstlernphase/","Selbstlernphase | DeLSt","0","","","","","","","Indexierbar",""
"https://www.delst.de/de/lehrvideos/","Online-Vorlesungen | DeLSt","0","","","","","","","Indexierbar",""
"https://www.delst.de/de/webinare/","Webinare - Was ist das? | DeLSt","0","","","","","","","Indexierbar",""
"https://www.delst.de/de/bildungspartner/","Bildungspartner | DeLSt","0","","","","","","","Indexierbar",""
"https://www.delst.de/de/web-based-training/","Web Based Training (WBT)","0","","","","","","","Indexierbar",""
"https://www.delst.de/de/delst-abschluesse/","Abschlüsse und Auszeichnungen | DeLSt","0","","","","","","","Indexierbar",""
"https://www.delst.de/de/kindergeld/","Infos zum Kindergeld | DeLSt","0","","","","","","","Indexierbar",""
"https://www.delst.de/de/delst-foerderung/","DeLSt – Förderung | DeLSt","0","","","","","","","Indexierbar",""
"https://www.delst.de/de/steuern-sparen/","Steuern sparen | DeLSt","0","","","","","","","Indexierbar",""
"https://www.delst.de/de/studieninfos/foerdermoeglichkeiten/qualifizierungschancengesetz/","Qualifizierungschancengesetz | DeLSt","0","","","","","","","Indexierbar",""
"https://www.delst.de/de/kurzarbeit/","Kurzarbeit | DeLSt","0","","","","","","","Indexierbar",""
"https://www.delst.de/de/aufstiegs-bafoeg/","Aufstiegs-BAföG | DeLSt","0","","","","","","","Indexierbar",""
"https://www.delst.de/de/weitere-foerderprogramme/","Weitere Förderprogramme | DeLSt","0","","","","","","","Indexierbar",""
"https://www.delst.de/de/bildungsgutschein/","Bildungsgutschein AZAV | DeLSt","0","","","","","","","Indexierbar",""
"https://www.delst.de/de/zuschuss-der-bundeslaender/","Zuschuss der Bundesländer | DeLSt","0","","","","","","","Indexierbar",""
"https://www.delst.de/de/lehrgaenge-reiten/futtermittelberater-ausbildung-richtige-pferdefuetterung/","Futtermittelberater für Pferde Fernstudium | DeLSt","0","","","","","","","Indexierbar",""
"https://www.delst.de/de/lehrgaenge-reiten/reitlehrerin-ausbildung/","Reiten B-Lizenz Ausbildung | DeLSt","0","","","","","","","Indexierbar",""
"https://www.delst.de/de/lehrgaenge-reiten/reiten-c-lizenz/","Reiten C-Lizenz Lehrgang | DeLSt","0","","","","","","","Indexierbar",""
"https://www.delst.de/de/ihk-weiterbildung/master-professional-betriebswirt/","Master Professional in Business Management Fernstudium | DeLSt","0","","","","","","","Indexierbar",""
"https://www.delst.de/de/studieninfos/foerdermoeglichkeiten/bildungsgutschein-azav/azav-fernstudiengaenge/gepruefter-betriebswirt-azav-bildungsgutschein/","Geprüfte*r Betriebswirt*in IHK - mit Bildungsgutschein (AZAV) | DeLSt","0","","","","","","","Nicht indexierbar","Canonicalised"
"https://www.delst.de/de/bundeswehr-weiterbildung/","Beförderungsdienst der Bundeswehr (BFD) | DeLSt","0","","","","","","","Indexierbar",""
"https://www.delst.de/de/weiterbildung-arbeitsamt/ihk-industriefachwirt-weiterbildung-bildungsgutschein/","Geprüfte*r Industriefachwirt*in IHK - mit Bildungsgutschein (AZAV) | DeLSt","0","","","","","","","Indexierbar",""
"https://www.delst.de/de/anmeldung/fernstudium/?product=industriefachwirt-ihk-fernstudium","Fernstudium","0","","","","","","","Nicht indexierbar","Canonicalised,noindex"
"https://www.delst.de/de/ihk-weiterbildung/wirtschaftsbezogene-qualifikationen-ihk/","Wirtschaftsbezogene Qualifikationen im Fernstudium | DeLSt","0","","","","","","","Indexierbar",""
"https://www.delst.de/de/weiterbildung-arbeitsamt/prozessmanager-digitale-transformation/","Prozessmanager*in Digitale Transformation - mit Bildungsgutschein | DeLSt","0","","","","","","","Nicht indexierbar","noindex"
"https://www.delst.de/de/weiterbildung-arbeitsamt/gepruefter-betriebswirt/","Geprüfte*r Betriebswirt*in - mit Bildungsgutschein | DeLSt","0","","","","","","","Nicht indexierbar","Canonicalised,noindex"
"https://www.delst.de/de/weiterbildung-arbeitsamt/online-marketing-manager/","Online Marketing Manager*in - mit Bildungsgutschein | DeLSt","0","","","","","","","Nicht indexierbar","noindex"
"https://www.delst.de/de/weiterbildung-arbeitsamt/qualitaetsmanager/","Qualitätsmanager*in - mit Bildungsgutschein | DeLSt","0","","","","","","","Nicht indexierbar","noindex"
"https://www.delst.de/de/weiterbildung-arbeitsamt/arbeiten-4-0/","Arbeiten 4.0 - mit Bildungsgutschein (AZAV) | DeLSt","0","","","","","","","Nicht indexierbar","noindex"
"https://www.delst.de/de/weiterbildung-arbeitsamt/betriebliche-ausbildung/","Betriebliche Ausbildung - mit Bildungsgutschein (AZAV) | DeLSt","0","","","","","","","Nicht indexierbar","noindex"
"https://www.delst.de/de/weiterbildung-arbeitsamt/wissens-und-transfermanager-4-0/","Wissens- und Transfermanager*in 4.0 - mit Bildungsgutschein | DeLSt","0","","","","","","","Nicht indexierbar","noindex"
"https://www.delst.de/de/weiterbildung-arbeitsamt/gepruefter-wirtschaftsfachwirt-ihk-inkl-ada-schein/","Geprüfte*r Wirtschafts­fachwirt*in (IHK) inkl. AdA-Schein - mit Bildungsgutschein (AZAV) | DeLSt","0","","","","","","","Nicht indexierbar","Canonicalised,noindex"
"https://www.delst.de/de/weiterbildung-arbeitsamt/vorbereitung-externenpruefung-kauffrau-kaufmann-fuer-bueromanagement-ihk-bildungsgutschein/","Prüfungsvorbereitung Kaufmann*frau für Büromanagement (IHK) - mit Bildungsgutschein (AZAV) | DeLSt","0","","","","","","","Nicht indexierbar","Canonicalised"
"https://www.delst.de/de/weiterbildung-arbeitsamt/datenschutzmanager/","Datenschutzmanager*in - mit Bildungsgutschein | DeLSt","0","","","","","","","Nicht indexierbar","noindex"
"https://www.delst.de/de/weiterbildung-arbeitsamt/gepruefter-manager-im-gesundheits-und-sozialwesen-4-0/","Geprüfte*r Manager*in im Gesundheits- und Sozialwesen 4.0 - mit Bildungsgutschein | DeLSt","0","","","","","","","Nicht indexierbar","Canonicalised,noindex"
"https://www.delst.de/de/weiterbildung-arbeitsamt/gepruefter-technischer-betriebswirt/","Geprüfte*r technische*r Betriebswirt*in - mit Bildungsgutschein | DeLSt","0","","","","","","","Nicht indexierbar","Canonicalised,noindex"
"https://www.delst.de/de/weiterbildung-arbeitsamt/digitaler-kommunikationscoach/","Digitale*r Kommunikationscoach*in - mit Bildungsgutschein | DeLSt","0","","","","","","","Nicht indexierbar","noindex"
"https://www.delst.de/de/weiterbildung-arbeitsamt/gepruefter-technischer-manager-4-0/","Geprüfte*r technische*r Manager*in 4.0 - mit Bildungsgutschein (AZAV) | DeLSt","0","","","","","","","Nicht indexierbar","Canonicalised,noindex"
"https://www.delst.de/de/weiterbildung-arbeitsamt/gepruefter-technischer-betriebswirt-4-0/","Geprüfte*r technische*r Betriebswirt*in 4.0 - mit Bildungsgutschein | DeLSt","0","","","","","","","Nicht indexierbar","Canonicalised,noindex"
"https://www.delst.de/de/weiterbildung-arbeitsamt/mentaltrainer/","Mentaltrainer*in - mit Bildungsgutschein | DeLSt","0","","","","","","","Nicht indexierbar","Canonicalised,noindex"
"https://www.delst.de/de/weiterbildung-arbeitsamt/gepruefter-fachwirt-im-gesundheits-und-sozialwesen-ihk-inkl-ada-schein/","Geprüfte*r Fachwirt*in im Gesundheits- und Sozialwesen (IHK) inkl. AdA-Schein - mit Bildungsgutschein (AZAV) | DeLSt","0","","","","","","","Nicht indexierbar","Canonicalised,noindex"
"https://www.delst.de/de/weiterbildung-arbeitsamt/change-manager/","Change Manager*in - mit Bildungsgutschein | DeLSt","0","","","","","","","Nicht indexierbar","Canonicalised,noindex"
"https://www.delst.de/de/weiterbildung-arbeitsamt/vorbereitung-externenpruefung-kaufmann-ecommerce-ihk/","Vorbereitung Externenprüfung Kaufmann*frau im E-Commerce (IHK) - mit Bildungsgutschein | DeLSt","0","","","","","","","Nicht indexierbar","noindex"
"https://www.delst.de/de/weiterbildung-arbeitsamt/digital-sales/","Digital Sales - mit Bildungsgutschein | DeLSt","0","","","","","","","Nicht indexierbar","noindex"
"https://www.delst.de/de/weiterbildung-arbeitsamt/handelsfachwirt-fernstudium-azav-bildungsgutschein/","Handelsfachwirt*in Fernstudium - mit Bildungsgutschein (AZAV) | DeLSt","0","","","","","","","Nicht indexierbar","Canonicalised"
"https://www.delst.de/de/weiterbildung-arbeitsamt/kaufmaennisches-wissen-online-azav-bildungsgutschein/","Kaufmännisches Grundwissen - mit Bildungsgutschein (AZAV) | DeLSt","0","","","","","","","Indexierbar",""
"https://www.delst.de/de/weiterbildung-arbeitsamt/digital-transformation-manager-bg/","Digital Transformation Manager*in - mit Bildungsgutschein | DeLSt","0","","","","","","","Nicht indexierbar","Canonicalised,noindex"
"https://www.delst.de/de/weiterbildung-arbeitsamt/gepruefter-wirtschaftsmanager-4-0/","Geprüfte*r Wirtschaftsmanager*in 4.0 - mit Bildungsgutschein | DeLSt","0","","","","","","","Nicht indexierbar","Canonicalised,noindex"
"https://www.delst.de/de/weiterbildung-arbeitsamt/digitalisierungsmanager/","Digitalisierungsmanager*in - mit Bildungsgutschein | DeLSt","0","","","","","","","Nicht indexierbar","Canonicalised,noindex"
"https://www.delst.de/de/weiterbildung-arbeitsamt/vertriebsassistenz-4-0/","Vertriebsassistenz 4.0 - mit Bildungsgutschein | DeLSt","0","","","","","","","Nicht indexierbar","noindex"
"https://www.delst.de/de/weiterbildung-arbeitsamt/gepruefter-wirtschaftsmanager/","Geprüfte*r Wirtschaftsmanager*in - mit Bildungsgutschein | DeLSt","0","","","","","","","Nicht indexierbar","Canonicalised,noindex"
"https://www.delst.de/de/weiterbildung-arbeitsamt/personalmanager-4-0/","Personalmanager*in 4.0 - mit Bildungsgutschein | DeLSt","0","","","","","","","Nicht indexierbar","noindex"
"https://www.delst.de/de/weiterbildung-arbeitsamt/gepruefter-betriebswirt-4-0/","Geprüfte*r Betriebswirt*in 4.0 - mit Bildungsgutschein | DeLSt","0","","","","","","","Nicht indexierbar","Canonicalised,noindex"
"https://www.delst.de/de/weiterbildung-arbeitsamt/ada-schein-azav-bildungsgutschein/","AdA-Schein ONLINE - mit Bildungsgutschein (AZAV) | DeLSt","0","","","","","","","Nicht indexierbar","Canonicalised"
"https://www.delst.de/de/weiterbildung-arbeitsamt/weiterbildung-fachwirt-im-sozial-und-gesundheitswesen-azav-bildungsgutschein/","Geprüfte*r Fachwirt*in im Gesundheits- und Sozialwesen (IHK) - mit Bildungsgutschein (AZAV) | DeLSt","0","","","","","","","Indexierbar",""
"https://www.delst.de/de/weiterbildung-arbeitsamt/ihk-wirtschaftsfachwirt-weiterbildung-bildungsgutschein/","Wirtschaftsfachwirt*in IHK - mit Bildungsgutschein (AZAV) | DeLSt","0","","","","","","","Indexierbar",""
"https://www.delst.de/de/weiterbildung-arbeitsamt/technischer-fachwirt-weiterbildung-bildungsgutschein/","Geprüfter technische*r Fachwirt*in IHK - mit Bildungsgutschein (AZAV) | DeLSt","0","","","","","","","Nicht indexierbar","Canonicalised"
"https://www.delst.de/de/weiterbildung-arbeitsamt/transformationsmanager-fuer-nachhaltigkeit/","Transformationsmanager*in für Nachhaltigkeit - mit Bildungsgutschein | DeLSt","0","","","","","","","Nicht indexierbar","noindex"
"https://www.delst.de/de/weiterbildung-arbeitsamt/gepruefter-e-commerce-manager/","Geprüfte*r E-Commerce Manager*in - mit Bildungsgutschein | DeLSt","0","","","","","","","Nicht indexierbar","Canonicalised,noindex"
"https://www.delst.de/de/weiterbildung-arbeitsamt/gepruefter-technischer-betriebswirt-ihk-inkl-ada-schein/","Geprüfte*r technische*r Betriebswirt*in (IHK) inkl. AdA-Schein - mit Bildungsgutschein | DeLSt","0","","","","","","","Nicht indexierbar","Canonicalised,noindex"
"https://www.delst.de/de/weiterbildung-arbeitsamt/gepruefter-manager-im-gesundheits-und-sozialwesen/","Geprüfte*r Manager*in im Gesundheits- und Sozialwesen - mit Bildungsgutschein | DeLSt","0","","","","","","","Nicht indexierbar","Canonicalised,noindex"
"https://www.delst.de/de/weiterbildung-arbeitsamt/qualitaetsmanager-4-0/","Qualitätsmanager*in 4.0 - mit Bildungsgutschein | DeLSt","0","","","","","","","Nicht indexierbar","noindex"
"https://www.delst.de/de/weiterbildung-arbeitsamt/social-media-manager-azav-bildungsgutschein/","Social Media Manager*in - mit Bildungsgutschein (AZAV) | DeLSt","0","","","","","","","Nicht indexierbar","Canonicalised"
"https://www.delst.de/de/weiterbildung-arbeitsamt/gepruefter-technischer-manager/","Geprüfte*r technische*r Manager*in - mit Bildungsgutschein (AZAV) | DeLSt","0","","","","","","","Nicht indexierbar","Canonicalised,noindex"
"https://www.delst.de/de/weiterbildung-arbeitsamt/gepruefter-buchhaltungsassistent/","Geprüfte*r Buchhaltungsassistent*in - mit Bildungsgutschein | DeLSt","0","","","","","","","Nicht indexierbar","noindex"
"https://www.delst.de/de/weiterbildung-arbeitsamt/gepruefter-bueromanager-4-0/","Geprüfte*r Büromanager*in 4.0 - mit Bildungsgutschein | DeLSt","0","","","","","","","Nicht indexierbar","Canonicalised,noindex"
"https://www.delst.de/de/weiterbildung-arbeitsamt/gepruefter-industriemanager/","Geprüfte*r Industriemanager*in  - mit Bildungsgutschein | DeLSt","0","","","","","","","Nicht indexierbar","Canonicalised,noindex"
"https://www.delst.de/de/weiterbildung-arbeitsamt/agiler-bueromanager/","Agile*r Büromanager*in - mit Bildungsgutschein | DeLSt","0","","","","","","","Nicht indexierbar","noindex"
"https://www.delst.de/de/weiterbildung-arbeitsamt/gepruefter-technischer-betriebswirt-ihk/","Geprüfte*r technische*r Betriebswirt*in (IHK) - mit Bildungsgutschein | DeLSt","0","","","","","","","Nicht indexierbar","Canonicalised,noindex"
"https://www.delst.de/de/weiterbildung-arbeitsamt/umschulung-kauffrau-fuer-bueromanagement/","Umschulung Kaufmann*frau für Büromanagement (IHK) - mit Bildungsgutschein (AZAV) | DeLSt","0","","","","","","","Indexierbar",""
"https://www.delst.de/de/weiterbildung-arbeitsamt/seo-manager-weiterbildung-azav-bildungsgutschein/","SEA / SEO Manager*in Weiterbildung - mit Bildungsgutschein (AZAV) | DeLSt","0","","","","","","","Nicht indexierbar","Canonicalised"
"https://www.delst.de/de/weiterbildung-arbeitsamt/gepruefter-technischer-fachwirt-ihk-inkl-ada-schein/","Geprüfte*r technische*r Fachwirt*in (IHK) inkl. AdA-Schein und IHK-Prüfungsgebühren - mit Bildungsgutschein (AZAV) | DeLSt","0","","","","","","","Nicht indexierbar","Canonicalised,noindex"
"https://www.delst.de/de/weiterbildung-arbeitsamt/kommunikationstraining-intensiv/","Kommunikationstraining intensiv - mit Bildungsgutschein | DeLSt","0","","","","","","","Nicht indexierbar","noindex"
"https://www.delst.de/de/weiterbildung-arbeitsamt/kommunikationstrainer-ausbildung-bildungsgutschein/","Kommunikationstrainer*in Ausbildung  - mit Bildungsgutschein (AZAV) | DeLSt","0","","","","","","","Indexierbar",""
"https://www.delst.de/de/weiterbildung-arbeitsamt/agiler-projektmanager-4-0/","Agile*r Projektmanager*in 4.0 - mit Bildungsgutschein | DeLSt","0","","","","","","","Nicht indexierbar","noindex"
"https://www.delst.de/de/weiterbildung-arbeitsamt/finanz-und-marktanalyst/","Finanz- und Marktanalyst*in - mit Bildungsgutschein | DeLSt","0","","","","","","","Nicht indexierbar","noindex"
"https://www.delst.de/de/weiterbildung-arbeitsamt/gepruefter-betriebswirt-ihk-cci-inkl-ada-schein/","Geprüfte*r Betriebswirt*in (IHK) inkl. AdA-Schein - mit Bildungsgutschein (AZAV) | DeLSt","0","","","","","","","Nicht indexierbar","Canonicalised,noindex"
"https://www.delst.de/de/weiterbildung-arbeitsamt/datenschutzbeauftragter-weiterbildung-bildungsgutschein/","Datenschutzbeauftragte*r - mit Bildungsgutschein (AZAV) | DeLSt","0","","","","","","","Nicht indexierbar","noindex"
"https://www.delst.de/de/weiterbildung-arbeitsamt/gepruefter-handelsmanager/","Geprüfte*r Handelsmanager*in - mit Bildungsgutschein (AZAV) | DeLSt","0","","","","","","","Nicht indexierbar","Canonicalised,noindex"
"https://www.delst.de/de/weiterbildung-arbeitsamt/weiterbildung-digitalisierung-azav-bildungsgutschein/","Basiskompetenzen Digitalisierung - mit Bildungsgutschein (AZAV) | DeLSt","0","","","","","","","Nicht indexierbar","Canonicalised"
"https://www.delst.de/de/weiterbildung-arbeitsamt/betriebliche-ausbildung-4-0/","Betriebliche Ausbildung 4.0 - mit Bildungsgutschein (AZAV) | DeLSt","0","","","","","","","Nicht indexierbar","noindex"
"https://www.delst.de/de/weiterbildung-arbeitsamt/eventmanager/","Eventmanager*in - mit Bildungsgutschein | DeLSt","0","","","","","","","Nicht indexierbar","noindex"
"https://www.delst.de/de/weiterbildung-arbeitsamt/edv-informationstechnologie-kurs-azav-bildungsgutschein/","Informationstechnologie - mit Bildungsgutschein (AZAV) | DeLSt","0","","","","","","","Nicht indexierbar","Canonicalised"
"https://www.delst.de/de/weiterbildung-arbeitsamt/agiler-projektmanager/","Agile*r Projektmanager*in - mit Bildungsgutschein | DeLSt","0","","","","","","","Nicht indexierbar","noindex"
"https://www.delst.de/de/weiterbildung-arbeitsamt/gepruefter-wirtschaftsassistent/","Geprüfte*r Wirtschaftsassistent*in - mit Bildungsgutschein | DeLSt","0","","","","","","","Nicht indexierbar","noindex"
"https://www.delst.de/de/weiterbildung-arbeitsamt/personalmanager/","Personalmanager*in - mit Bildungsgutschein | DeLSt","0","","","","","","","Nicht indexierbar","noindex"
"https://www.delst.de/de/weiterbildung-arbeitsamt/projektmanager/","Projektmanager*in - mit Bildungsgutschein | DeLSt","0","","","","","","","Nicht indexierbar","noindex"
"https://www.delst.de/de/weiterbildung-arbeitsamt/gepruefter-bueromanager/","Geprüfte*r Büromanager*in - mit Bildungsgutschein | DeLSt","0","","","","","","","Nicht indexierbar","Canonicalised,noindex"
"https://www.delst.de/de/weiterbildung-arbeitsamt/online-marketing-manager-4-0/","Online Marketing Manager*in 4.0 - mit Bildungsgutschein | DeLSt","0","","","","","","","Nicht indexierbar","noindex"
"https://www.delst.de/de/weiterbildung-arbeitsamt/agiler-qualitaets-und-prozessmanager/","Agile*r Qualitäts- und Prozessmanager*in - mit Bildungsgutschein | DeLSt","0","","","","","","","Nicht indexierbar","noindex"
"https://www.delst.de/de/weiterbildung-arbeitsamt/gepruefter-industriefachwirt-ihk-inkl-ada-schein/","Geprüfte*r Industriefachwirt*in (IHK) inkl. AdA-Schein - mit Bildungsgutschein (AZAV) | DeLSt","0","","","","","","","Nicht indexierbar","Canonicalised,noindex"
"https://www.delst.de/de/weiterbildung-arbeitsamt/wirtschaftsbezogene-qualifikationen/","Wirtschaftsbezogene Qualifikationen (IHK) - mit Bildungsgutschein | DeLSt","0","","","","","","","Nicht indexierbar","Canonicalised,noindex"
"https://www.delst.de/de/weiterbildung-arbeitsamt/gepruefter-bueroassistent/","Geprüfte*r Büroassistent*in - mit Bildungsgutschein | DeLSt","0","","","","","","","Nicht indexierbar","Canonicalised,noindex"
"https://www.delst.de/de/weiterbildung-arbeitsamt/umschulung-kaufmann-ecommerce-ihk/","Umschulung zum*zur Kaufmann*frau im E-Commerce (IHK) - mit Bildungsgutschein | DeLSt","0","","","","","","","Nicht indexierbar","noindex"
"https://www.delst.de/de/rechnungswesen-online/rechnungswesen-kosten-und-leistungsrechnung-klr/","Kosten-/Leistungsrechnung (KLR) im Fernstudium | DeLSt","0","","","","","","","Indexierbar",""
"https://www.delst.de/de/rechnungswesen-online/moderne-finanzbuchfuehrung-online-weiterbildung/","Finanzbuchführung lernen im Fernstudium | DeLSt","0","","","","","","","Indexierbar",""
"https://www.delst.de/de/weiterbildung-arbeitsamt/gepruefter-betriebswirt-azav-bildungsgutschein/","Geprüfte*r Betriebswirt*in IHK - mit Bildungsgutschein (AZAV) | DeLSt","0","","","","","","","Nicht indexierbar","Canonicalised"
"https://www.delst.de/de/weiterbildung-arbeitsamt/gepruefter-industriemanager-4-0/","Geprüfte*r Industriemanager*in 4.0  - mit Bildungsgutschein | DeLSt","0","","","","","","","Nicht indexierbar","Canonicalised,noindex"
"https://www.delst.de/de/weiterbildung-arbeitsamt/prozessmanager/","Prozessmanager*in - mit Bildungsgutschein | DeLSt","0","","","","","","","Nicht indexierbar","Canonicalised,noindex"
"https://www.delst.de/de/rechnungswesen-online/controlling-weiterbildung/","Weiterbildung Controlling | DeLSt","0","","","","","","","Indexierbar",""
"https://www.delst.de/de/rechnungswesen-online/ihk-rechnungswesen-verstehen/","IHK Rechnungswesen im Fernstudium | DeLSt","0","","","","","","","Indexierbar",""
"https://www.delst.de/de/betriebswirt-ihk-vollzeit/","Betriebswirt IHK Vollzeit | DeLSt","0","","","","","","","Indexierbar",""
"https://www.delst.de/de/ihk-weiterbildung/e-sports-manager-ihk/","E-Sports-Manager (IHK) Zertifikatslehrgang | DeLSt","0","","","","","","","Indexierbar",""
"https://www.delst.de/de/betriebswirt-ihk-erfahrungen/","Betriebswirt IHK Erfahrungen | DeLSt","0","","","","","","","Indexierbar",""
"https://www.delst.de/de/betriebswirt-ihk-sinnvoll/","Ist das Fernstudium Betriebswirt (IHK) sinnvoll? | DeLSt","0","","","","","","","Indexierbar",""
"https://www.delst.de/de/betriebswirt-ihk-lernmaterial/","Betriebswirt IHK Lernmaterial | DeLSt","0","","","","","","","Indexierbar",""
"https://www.delst.de/de/betriebswirt-ihk-gehalt/","Betriebswirt IHK Gehalt | DeLSt","0","","","","","","","Indexierbar",""
"https://www.delst.de/de/betriebswirt-ihk-anerkennung/","Betriebswirt IHK Anerkennung | DeLSt","0","","","","","","","Indexierbar",""
"https://www.delst.de/de/news/aktualisierung-pruefungsordnung-gepruefter-betriebswirt/","Aktualisierung der IHK-Prüfungsordnung „Geprüfter Betriebswirt (IHK)"" | DeLSt","0","","","","","","","Indexierbar",""
"https://www.delst.de/de/news/informationsveranstaltung-unseres-partners-ehip/","Informationsveranstaltung unseres Partners EHiP","0","","","","","","","Indexierbar",""
"https://www.delst.de/de/news/ehip-unser-neuer-bildungspartner/","Startschuss für die EHiP - Jetzt Probestudium sichern! | DeLSt","0","","","","","","","Indexierbar",""
"https://www.delst.de/de/news/100-foerderung-ueber-bildungsgutschein/","100%-Förderung über Bildungsgutschein","0","","","","","","","Indexierbar",""
"https://www.delst.de/de/news/delst-instagram/","Unser Restart auf Instagram | DeLSt","0","","","","","","","Indexierbar",""
"https://www.delst.de/de/news/seo-sea-manager-ausbildung-jetzt-buchbar/","SEO/SEA-Manager jetzt buchbar!","0","","","","","","","Indexierbar",""
"https://www.delst.de/de/news/kennst-du-schon-markus-edenharder/","Kennst du schon Markus Edenharder?","0","","","","","","","Indexierbar",""
"https://www.delst.de/de/ihk-weiterbildung/technischer-betriebswirt-fernstudium/","Technischer Betriebswirt (IHK) Fernstudium | DeLSt","0","","","","","","","Indexierbar",""
"https://www.delst.de/de/news/kennen-sie-andrea-haertlein/","Kennen Sie Andrea Härtlein?","0","","","","","","","Indexierbar",""
"https://www.delst.de/de/news/fernstudientag-2024/","Fernstudientag 2024 - Berufliche Perspektiven im Fokus","0","","","","","","","Indexierbar",""
"https://www.delst.de/de/news/wir-sind-top-anbieter-2023/","Wir sind Top-Anbieter 2023 | DeLSt","0","","","","","","","Indexierbar",""
"https://www.delst.de/de/news/kennst-du-philipp-raithel/","Kennst du Philipp Raithel | DeLSt","0","","","","","","","Indexierbar",""
"https://www.delst.de/de/news/kennst-du-stefan-hieronimus/","Kennst du Stefan Hieronimus | DeLSt","0","","","","","","","Indexierbar",""
"https://www.delst.de/de/news/neue-oeffnungszeiten/","Neue Öffnungszeiten | DeLSt","0","","","","","","","Indexierbar",""
"https://www.delst.de/de/news/adventskalender/","Adventskalender | DeLSt","0","","","","","","","Indexierbar",""
"https://www.delst.de/de/news/neue-berufliche-weiterbildung-kommunikation-verbessern/","Neue berufliche Weiterbildung ""Kommunikation verbessern""","0","","","","","","","Indexierbar",""
"https://www.delst.de/de/news/kennst-du-dr-lisa-marholt/","Kennst du Dr. Lisa Marholt? | DeLSt","0","","","","","","","Indexierbar",""
"https://www.delst.de/de/news/happy-new-year-2021/","Happy New Year 2021!","0","","","","","","","Indexierbar",""
"https://www.delst.de/de/news/auszeichnung-exzellenter-anbieter-2024/","Auszeichnung: exzellenter Anbieter 2024","0","","","","","","","Indexierbar",""
"https://www.delst.de/de/news/tutorenvorstellung-carsten-kulka/","Tutorenvorstellung Carsten Kulka","0","","","","","","","Indexierbar",""
"https://www.delst.de/de/news/kennen-sie-aron-labonte/","Kennen Sie Aron Labonté?","0","","","","","","","Indexierbar",""
"https://www.delst.de/de/ihk-weiterbildung/technischer-fachwirt-fernstudium/","Technischer Fachwirt IHK Fernstudium | DeLSt","0","","","","","","","Indexierbar",""
"https://www.delst.de/de/news/kennst-du-julia-jorcke/","Kennst du Julia Jorcke | DeLSt","0","","","","","","","Indexierbar",""
"https://www.delst.de/de/news/scrum-lehrgaenge-buchbar/","Scrum Lehrgänge jetzt buchbar | DeLSt","0","","","","","","","Indexierbar",""
"https://www.delst.de/de/news/kennen-sie-ralf-schemmert/","Kennen Sie Ralf Schemmert?","0","","","","","","","Indexierbar",""
"https://www.delst.de/de/news/kennst-du-tom-telschow/","Kennst du Tom Telschow? | DeLSt","0","","","","","","","Indexierbar",""
"https://www.delst.de/de/news/bueroassistenz-jetzt-buchbar/","Büroassistenz jetzt buchbar | DeLSt","0","","","","","","","Indexierbar",""
"https://www.delst.de/de/news/kennst-du-ela-naeffgen/","Kennst du Ela Näffgen | DeLSt","0","","","","","","","Indexierbar",""
"https://www.delst.de/de/news/englische-ihk-abschluesse/","Neue englische IHK-Abschluss Bezeichnungen | DeLSt","0","","","","","","","Indexierbar",""
"https://www.delst.de/de/news/elearning-digitales-lernen-die-moderne-und-flexible-form-der-weiterbildung/","Digitales Lernen - die moderne und flexible Form der Weiterbildung","0","","","","","","","Indexierbar",""
"https://www.delst.de/de/news/kennst-du-thomas-wiessner/","Kennst du Thomas Wießner | DeLSt","0","","","","","","","Indexierbar",""
"https://www.delst.de/de/news/delst-besuchen-auf-der-messe-jobkarrieretage2022/","DeLSt besuchen auf der Messe ""Jobkarrieretage2022"" | DeLSt","0","","","","","","","Indexierbar",""
"https://www.delst.de/de/news/betrieblicher-gesundheitsmanager-jetzt-buchbar/","Betrieblicher Gesundheitsmanager jetzt buchbar!","0","","","","","","","Indexierbar",""
"https://www.delst.de/de/news/top-institut-2021-fernstudiumcheck/","FernstudiumCheck Award 2021!","0","","","","","","","Indexierbar",""
"https://www.delst.de/de/news/kennst-du-benjamin-lindner/","Kennst du Benjamin Lindner | DeLSt","0","","","","","","","Indexierbar",""
"https://www.delst.de/de/news/wbt-modernes-lernen/","WBT: Modernes Lernen","0","","","","","","","Indexierbar",""
"https://www.delst.de/de/news/kennst-du-alexander-neumann/","Kennst du Alexander Neumann? | DeLSt","0","","","","","","","Indexierbar",""
"https://www.delst.de/de/news/kennst-du-ebru-nal/","Kennst du Ebru Nal? | DeLSt","0","","","","","","","Indexierbar",""
"https://www.delst.de/de/news/wir-wuenschen-ihnen-ein-glueckliches-gesundes-und-erfolgreiches-neue-jahr/","Wir wünschen Ihnen ein glückliches, gesundes und erfolgreiches neue Jahr!","0","","","","","","","Indexierbar",""
"https://www.delst.de/de/news/kennst-du-marion-freddy-kraemer/","Kennst du Marion Freddy Krämer | DeLSt","0","","","","","","","Indexierbar",""
"https://www.delst.de/de/news/neuer-fernkurs-ernaehrung-im-natural-bodybuilding/","Neuer Fernkurs - Ernährung im Natural Bodybuilding","0","","","","","","","Indexierbar",""
"https://www.delst.de/de/news/gepruefter-technischer-betriebswirt-jetzt-buchbar/","Geprüfter Technischer Betriebswirt jetzt buchbar | DeLSt","0","","","","","","","Indexierbar",""
"https://www.delst.de/de/news/top-institut-2022-fernstudiumcheck/","DeLSt erneut zur beliebtesten Fernschulen 2022 ernannt!","0","","","","","","","Indexierbar",""
"https://www.delst.de/de/news/kennst-du-sonja-theile-ochel/","Kennst du Sonja Theile-Ochel? | DeLSt","0","","","","","","","Indexierbar",""
"https://www.delst.de/de/news/kennst-du-rene-gregorczyk/","Kennst du René Gregorczyk | DeLSt","0","","","","","","","Indexierbar",""
"https://www.delst.de/de/news/kennst-du-dieter-kaiser/","Kennst du Dieter Kaiser? | DeLSt","0","","","","","","","Indexierbar",""
"https://www.delst.de/de/news/delst-bewerten-und-gewinnen/","DeLSt bewerten und gewinnen","0","","","","","","","Indexierbar",""
"https://www.delst.de/de/news/neue-delst-website-online/","Es ist soweit: Unsere neue Website ist online!","0","","","","","","","Indexierbar",""
"https://www.delst.de/de/news/workout-fuer-den-arbeitsplatz/","Workout für den Arbeitsplatz | DeLSt","0","","","","","","","Indexierbar",""
"https://www.delst.de/de/news/kennst-du-schon-marina-schemmert/","Kennst du schon Marina Schemmert?","0","","","","","","","Indexierbar",""
"https://www.delst.de/de/news/studium-im-alter-ihre-chance-der-weiterbildung-ohne-abitur/","Studium im Alter - Ihre Chance der Weiterbildung ohne Abitur","0","","","","","","","Indexierbar",""
"https://www.delst.de/de/news/kennst-du-schon-laura-koch/","Kennst du schon Laura Koch?","0","","","","","","","Indexierbar",""
"https://www.delst.de/de/news/kennst-du-schon-andreas-gloeckl/","Kennst du schon Andreas Glöckl?","0","","","","","","","Indexierbar",""
"https://www.delst.de/de/news/kaufmann-frau-im-e-commerce-jetzt-buchbar/","Vorbereitung zur Externenprüfung Kaufmann/-frau im E-Commerce jetzt buchbar | DeLSt","0","","","","","","","Indexierbar",""
"https://www.delst.de/de/news/selbstaendig-als-mobiler-reitlehrer/","Selbständig als mobiler Reitlehrer","0","","","","","","","Indexierbar",""
"https://www.delst.de/de/news/kennst-du-jennifer-safran/","Kennst du Jennifer Safran? | DeLSt","0","","","","","","","Indexierbar",""
"https://www.delst.de/de/lexikon/u/","Überbetriebliche Ausbildung | Definition und Erklärung","0","","","","","","","Nicht indexierbar","Canonicalised"
"https://www.delst.de/de/lexikon/abs-asset-back-securities/","ABS (Asset Back Securities) | Definition und Erklärung","0","","","","","","","Indexierbar",""
"https://www.delst.de/de/lexikon/q/","Q-Sort | Definition und Erklärung","0","","","","","","","Nicht indexierbar","Canonicalised"
"https://www.delst.de/de/lexikon/abwicklungsvertrag/","Abwicklungsvertrag | Definition und Erklärung","0","","","","","","","Indexierbar",""
"https://www.delst.de/de/lexikon/m/","MA | Definition und Erklärung","0","","","","","","","Nicht indexierbar","Canonicalised"
"https://www.delst.de/de/lexikon/abzahlungsdarlehen/","Abzahlungsdarlehen | Definition und Erklärung","0","","","","","","","Indexierbar",""
"https://www.delst.de/de/lexikon/i/","IAF | Definition und Erklärung","0","","","","","","","Nicht indexierbar","Canonicalised"
"https://www.delst.de/de/lexikon/d/","Dachmarke | Definition und Erklärung","0","","","","","","","Nicht indexierbar","Canonicalised"
"https://www.delst.de/de/lexikon/abstraktionsprinzip/","Abstraktionsprinzip | Definition und Erklärung","0","","","","","","","Indexierbar",""
"https://www.delst.de/de/lexikon/abschreibungen/","Abschreibungen | Definition und Erklärung","0","","","","","","","Indexierbar",""
"https://www.delst.de/de/lexikon/abweichung-varianz/","Abweichung (Varianz) | Definition und Erklärung","0","","","","","","","Indexierbar",""
"https://www.delst.de/de/lexikon/abc-analyse/","ABC-Analyse | Definition und Erklärung","0","","","","","","","Indexierbar",""
"https://www.delst.de/de/lexikon/absatzpotenzial/","Absatzpotenzial | Definition und Erklärung","0","","","","","","","Indexierbar",""
"https://www.delst.de/de/lexikon/abmaß/","Abmaß | Definition und Erklärung","0","","","","","","","Indexierbar",""
"https://www.delst.de/de/lexikon/absatzmittler/","Absatzmittler | Definition und Erklärung","0","","","","","","","Indexierbar",""
"https://www.delst.de/de/lexikon/adrenalinausschuettung/","Adrenalinausschüttung | Definition und Erklärung","0","","","","","","","Indexierbar",""
"https://www.delst.de/de/lexikon/abstraktes-modell/","abstraktes Modell | Definition und Erklärung","0","","","","","","","Indexierbar",""
"https://www.delst.de/de/lexikon/ablauforganisation/","Ablauforganisation | Definition und Erklärung","0","","","","","","","Indexierbar",""
"https://www.delst.de/de/lexikon/after-sales-service/","After-Sales-Service | Definition und Erklärung","0","","","","","","","Indexierbar",""
"https://www.delst.de/de/lexikon/affiliate-link/","Affiliate-Link | Definition und Erklärung","0","","","","","","","Indexierbar",""
"https://www.delst.de/de/lexikon/y/","Y-CIM-Modell | Definition und Erklärung","0","","","","","","","Nicht indexierbar","Canonicalised"
"https://www.delst.de/de/lexikon/aerogen/","Aerogen | Definition und Erklärung","0","","","","","","","Indexierbar",""
"https://www.delst.de/de/lexikon/ad-extension/","Ad Extension | Definition und Erklärung","0","","","","","","","Indexierbar",""
"https://www.delst.de/de/lexikon/account/","Account | Definition und Erklärung","0","","","","","","","Indexierbar",""
"https://www.delst.de/de/lexikon/abszisse/","Abszisse | Definition und Erklärung","0","","","","","","","Indexierbar",""
"https://www.delst.de/de/digitalisierung-unternehmen-digitale-arbeitswelt/sea-seo-manager-online-fernstudium/","SEA / SEO-Manager Fernstudium | DeLSt","0","","","","","","","Indexierbar",""
"https://www.delst.de/de/lexikon/t/","T-Shirt-Größen | Definition und Erklärung","0","","","","","","","Nicht indexierbar","Canonicalised"
"https://www.delst.de/de/lexikon/absprungrate/","Absprungrate | Definition und Erklärung","0","","","","","","","Indexierbar",""
"https://www.delst.de/de/lexikon/p/","Pacta sunt servanda | Definition und Erklärung","0","","","","","","","Nicht indexierbar","Canonicalised"
"https://www.delst.de/de/lexikon/l/","Lafferkurve | Definition und Erklärung","0","","","","","","","Nicht indexierbar","Canonicalised"
"https://www.delst.de/de/lexikon/above-the-line-massnahmen-atl/","Above-the-line-Maßnahmen (ATL) | Definition und Erklärung","0","","","","","","","Indexierbar",""
"https://www.delst.de/de/lexikon/absatzvolumen/","Absatzvolumen | Definition und Erklärung","0","","","","","","","Indexierbar",""
"https://www.delst.de/de/lexikon/h/","HACCP | Definition und Erklärung","0","","","","","","","Nicht indexierbar","Canonicalised"
"https://www.delst.de/de/lexikon/advanced-planning-and-scheduling-aps/","Advanced Planning and Scheduling (APS) | Definition und Erklärung","0","","","","","","","Indexierbar",""
"https://www.delst.de/de/lexikon/affinitätsschätzen/","Affinitätsschätzen | Definition und Erklärung","0","","","","","","","Indexierbar",""
"https://www.delst.de/de/lexikon/abgeaenderte-annahme/","Abgeänderte Annahme | Definition und Erklärung","0","","","","","","","Indexierbar",""
"https://www.delst.de/de/lexikon/abstraktionsniveau/","Abstraktionsniveau | Definition und Erklärung","0","","","","","","","Indexierbar",""
"https://www.delst.de/de/lexikon/c/","C2C | Definition und Erklärung","0","","","","","","","Nicht indexierbar","Canonicalised"
"https://www.delst.de/de/lexikon/adsense/","AdSense | Definition und Erklärung","0","","","","","","","Indexierbar",""
"https://www.delst.de/de/lexikon/affility-marketing/","Affility Marketing | Definition und Erklärung","0","","","","","","","Indexierbar",""
"https://www.delst.de/de/lexikon/affiliate/","Affiliate | Definition und Erklärung","0","","","","","","","Indexierbar",""
"https://www.delst.de/de/lexikon/absoluter-marktanteil/","Absoluter Marktanteil | Definition und Erklärung","0","","","","","","","Indexierbar",""
"https://www.delst.de/de/lexikon/x/","Xing Headhunter | Definition und Erklärung","0","","","","","","","Nicht indexierbar","Canonicalised"
"https://www.delst.de/de/lexikon/adcell/","AdCell | Definition und Erklärung","0","","","","","","","Indexierbar",""
"https://www.delst.de/de/lexikon/a-b-test/","A/B-Test | Definition und Erklärung","0","","","","","","","Indexierbar",""
"https://www.delst.de/de/lexikon/affektiv/","Affektiv | Definition und Erklärung","0","","","","","","","Indexierbar",""
"https://www.delst.de/de/lexikon/administrativ/","administrativ | Definition und Erklärung","0","","","","","","","Indexierbar",""
"https://www.delst.de/de/lexikon/s/","S-O-R-Modelle des Käuferverhaltens | Definition und Erklärung","0","","","","","","","Nicht indexierbar","Canonicalised"
"https://www.delst.de/de/lexikon/absatzhelfer/","Absatzhelfer | Definition und Erklärung","0","","","","","","","Indexierbar",""
"https://www.delst.de/de/lexikon/o/","Oberste Leitung | Definition und Erklärung","0","","","","","","","Nicht indexierbar","Canonicalised"
"https://www.delst.de/de/lexikon/k/","Kaizen | Definition und Erklärung","0","","","","","","","Nicht indexierbar","Canonicalised"
"https://www.delst.de/de/lexikon/affinität/","Affinität | Definition und Erklärung","0","","","","","","","Indexierbar",""
"https://www.delst.de/de/lexikon/g/","Gamification | Definition und Erklärung","0","","","","","","","Nicht indexierbar","Canonicalised"
"https://www.delst.de/de/lexikon/f/","F & B | Definition und Erklärung","0","","","","","","","Nicht indexierbar","Canonicalised"
"https://www.delst.de/de/lexikon/abgaben/","Abgaben | Definition und Erklärung","0","","","","","","","Indexierbar",""
"https://www.delst.de/de/lexikon/advanced-persistent-threats/","Advanced Persistent Threats | Definition und Erklärung","0","","","","","","","Indexierbar",""
"https://www.delst.de/de/lexikon/affinity/","Affinity | Definition und Erklärung","0","","","","","","","Indexierbar",""
"https://www.delst.de/de/lexikon/absolutheitsprinzip/","Absolutheitsprinzip | Definition und Erklärung","0","","","","","","","Indexierbar",""
"https://www.delst.de/de/lexikon/abgabeordnung-ao/","Abgabeordnung (AO) | Definition und Erklärung","0","","","","","","","Indexierbar",""
"https://www.delst.de/de/lexikon/b/","B2B | Definition und Erklärung","0","","","","","","","Nicht indexierbar","Canonicalised"
"https://www.delst.de/de/lexikon/ablauf-einer-gewerbeanmeldung/","Ablauf einer Gewerbeanmeldung | Definition und Erklärung","0","","","","","","","Indexierbar",""
"https://www.delst.de/de/lexikon/w/","Wachstumstheorie | Definition und Erklärung","0","","","","","","","Nicht indexierbar","Canonicalised"
"https://www.delst.de/de/lexikon/v/","Vakanz | Definition und Erklärung","0","","","","","","","Nicht indexierbar","Canonicalised"
"https://www.delst.de/de/lexikon/absatzkanaele/","Absatzkanäle | Definition und Erklärung","0","","","","","","","Indexierbar",""
"https://www.delst.de/de/lexikon/adware/","Adware | Definition und Erklärung","0","","","","","","","Indexierbar",""
"https://www.delst.de/de/lexikon/r/","Rabattstaffel | Definition und Erklärung","0","","","","","","","Nicht indexierbar","Canonicalised"
"https://www.delst.de/de/lexikon/n/","Nachfrage | Definition und Erklärung","0","","","","","","","Nicht indexierbar","Canonicalised"
"https://www.delst.de/de/lexikon/aeuv/","AEUV | Definition und Erklärung","0","","","","","","","Indexierbar",""
"https://www.delst.de/de/lexikon/adaption/","Adaption | Definition und Erklärung","0","","","","","","","Indexierbar",""
"https://www.delst.de/de/lexikon/j/","Jahresabschluss | Definition und Erklärung","0","","","","","","","Nicht indexierbar","Canonicalised"
"https://www.delst.de/de/lexikon/e/","E-Business | Definition und Erklärung","0","","","","","","","Nicht indexierbar","Canonicalised"
"https://www.delst.de/de/lexikon/active-sourcing/","Active Sourcing | Definition und Erklärung","0","","","","","","","Indexierbar",""
"https://www.delst.de/de/lexikon/a/","A/B-Test | Definition und Erklärung","0","","","","","","","Nicht indexierbar","Canonicalised"
"https://www.delst.de/de/lexikon/abschreibungsmethoden/","Abschreibungsmethoden | Definition und Erklärung","0","","","","","","","Indexierbar",""
"https://www.delst.de/de/lexikon/z/","Zahlungsbilanz | Definition und Erklärung","0","","","","","","","Nicht indexierbar","Canonicalised"
"https://www.delst.de/de/lexikon/absatzwerbung/","Absatzwerbung | Definition und Erklärung","0","","","","","","","Indexierbar",""
"https://www.delst.de/de/news/tierheilpraktikerin-wird-futtermittelberaterin/","Tierheilpraktikerin wird Futtermittelberaterin","0","","","","","","","Indexierbar",""
"https://www.delst.de/de/news/e-learning-projektmanager-buchbar/","E-Learning Projektmanager ist ab sofort buchbar! | DeLSt","0","","","","","","","Indexierbar",""
"https://www.delst.de/de/news/kennst-du-antje-lehmann-benz/","Kennst du Antje Lehmann-Benz | DeLSt","0","","","","","","","Indexierbar",""
"https://www.delst.de/de/news/kennst-du-alexander-toigo/","Kennst du Alexander Toigo | DeLSt","0","","","","","","","Indexierbar",""
"https://www.delst.de/de/news/fernstudium-vs-praesenzstudium-welche-form-bevorzugen-arbeitgeber/","Fernstudium vs. Präsenzstudium - welche Form bevorzugen Arbeitgeber?","0","","","","","","","Indexierbar",""
"https://www.delst.de/de/news/traumjob-betriebswirt/","Traumjob Betriebswirt","0","","","","","","","Indexierbar",""
"https://www.delst.de/de/news/erfolgsgeschichten-das-delst-sucht-eure-story/","Erfolgsgeschichten: Das DeLSt sucht Ihre Story!","0","","","","","","","Indexierbar",""
"https://www.delst.de/de/news/e-commerce-manager-jetzt-buchbar/","E-Commerce Manager jetzt buchbar!","0","","","","","","","Indexierbar",""
"https://www.delst.de/de/news/kennst-du-sandra-leist/","Kennst du Sandra Leist? | DeLSt","0","","","","","","","Indexierbar",""
"https://www.delst.de/de/news/ausbildung-der-ausbilder-anpassung-an-die-moderne-arbeitswelt/","Ausbildung der Ausbilder - Anpassung an die moderne Arbeitswelt","0","","","","","","","Indexierbar",""
"https://www.delst.de/de/news/fernstudientag-2023/","Fernstudientag 2023 - wir sind dabei!","0","","","","","","","Indexierbar",""
"https://www.delst.de/de/news/leidenschaft-fuer-pferde/","Leidenschaft für Pferde","0","","","","","","","Indexierbar",""
