"Adresse","Häufigkeit","Indexierbarkeit","Indexierbarkeitsstatus","Canonical-Linkelement 1","HTTP-Canonical","Meta Robots 1","X-Robots-Tag 1","rel=""next"" 1","rel=""prev"" 1","HTTP rel=""next"" 1","HTTP rel=""prev"" 1"
"https://www.delst.de/de/","1","Indexierbar","","https://www.delst.de/de/","","index,follow","","","","",""
"https://www.delst.de/de/stellenangebote/","1","Indexierbar","","https://www.delst.de/de/stellenangebote/","","index,follow","","","","",""
"https://www.delst.de/de/fernstudium-gesundheitsmanagement/","1","Indexierbar","","https://www.delst.de/de/fernstudium-gesundheitsmanagement/","","","","","","",""
"https://www.delst.de/de/news/neu-pruefungstraining-wirtschaftsbezogene-qualifikationen-ihk/","0","Indexierbar","","","","index,follow","","","","",""
"https://www.delst.de/de/studieninfos/","1","Indexierbar","","https://www.delst.de/de/studieninfos/","","index,follow","","","","",""
"https://www.delst.de/de/kalender-bildungsberatung/","1","Indexierbar","","https://www.delst.de/de/kalender-bildungsberatung/","","index,follow","","","","",""
"https://www.delst.de/de/ueber-uns/","1","Indexierbar","","https://www.delst.de/de/ueber-uns/","","index,follow","","","","",""
"https://www.delst.de/de/foerdermoeglichkeiten/","1","Indexierbar","","https://www.delst.de/de/foerdermoeglichkeiten/","","index,follow","","","","",""
"https://www.delst.de/de/lehrgaenge-reiten/","1","Indexierbar","","https://www.delst.de/de/lehrgaenge-reiten/","","","","","","",""
"https://www.delst.de/de/ihk-weiterbildung/industriefachwirt-ihk-fernstudium/","1","Indexierbar","","https://www.delst.de/de/ihk-weiterbildung/industriefachwirt-ihk-fernstudium/","","index,follow","","","","",""
"https://www.delst.de/de/weiterbildung-arbeitsamt/","1","Indexierbar","","https://www.delst.de/de/weiterbildung-arbeitsamt/","","","","","","",""
"https://www.delst.de/de/rabattaktionen/think-outside-the-box/","0","Nicht indexierbar","noindex","","","noindex,nofollow","","","","",""
"https://www.delst.de/de/rechnungswesen-online/","1","Indexierbar","","https://www.delst.de/de/rechnungswesen-online/","","","","","","",""
"https://www.delst.de/de/affiliate-partnerprogramm/","1","Indexierbar","","https://www.delst.de/de/affiliate-partnerprogramm/","","index,follow","","","","",""
"https://www.delst.de/de/news/e-sports-manager-ihk-neuer-fernlehrgang/","0","Indexierbar","","","","index,follow","","","","",""
"https://www.delst.de/de/kalender-videoberatung/","1","Indexierbar","","https://www.delst.de/de/kalender-videoberatung/","","index,follow","","","","",""
"https://www.delst.de/de/master-professional/","1","Indexierbar","","https://www.delst.de/de/master-professional/","","index,follow","","","","",""
"https://www.delst.de/de/newsbeitraege/","1","Indexierbar","","https://www.delst.de/de/newsbeitraege/","","index,follow","","","","",""
"https://www.delst.de/de/lexikon/","1","Nicht indexierbar","Canonicalised","https://www.delst.de/de/lexikon/a-b-test/","","index,follow","","","","",""
"https://www.delst.de/de/magazinbeitraege/","1","Indexierbar","","https://www.delst.de/de/magazinbeitraege/","","index,follow","","","","",""
"https://www.delst.de/de/deutsches-elearning-studieninstitut/","1","Indexierbar","","https://www.delst.de/de/deutsches-elearning-studieninstitut/","","index,follow","","","","",""
"https://www.delst.de/de/faq/","1","Indexierbar","","https://www.delst.de/de/faq/","","index,follow","","","","",""
"https://www.delst.de/de/wirtschaftsfachwirt/","1","Indexierbar","","https://www.delst.de/de/wirtschaftsfachwirt/","","index,follow","","","","",""
"https://www.delst.de/de/digitalisierung-unternehmen-digitale-arbeitswelt/","1","Indexierbar","","https://www.delst.de/de/digitalisierung-unternehmen-digitale-arbeitswelt/","","","","","","",""
"https://www.delst.de/de/bildungscoach/","1","Indexierbar","","https://www.delst.de/de/bildungscoach/","","index,follow","","","","",""
"https://www.delst.de/de/online-campus/","1","Indexierbar","","https://www.delst.de/de/online-campus/","","index,follow","","","","",""
"https://www.delst.de/de/fernstudium-hochschule/","1","Indexierbar","","https://www.delst.de/de/fernstudium-hochschule/","","","","","","",""
"https://www.delst.de/de/weiterbildung-personalentwicklung-management/","1","Indexierbar","","https://www.delst.de/de/weiterbildung-personalentwicklung-management/","","","","","","",""
"https://www.delst.de/de/datenschutzrichtlinien/","1","Indexierbar","","https://www.delst.de/de/datenschutzrichtlinien/","","index,follow","","","","",""
"https://www.delst.de/de/marketing-vertrieb-fernstudium/","1","Indexierbar","","https://www.delst.de/de/marketing-vertrieb-fernstudium/","","","","","","",""
"https://www.delst.de/de/handelsfachwirt/","1","Indexierbar","","https://www.delst.de/de/handelsfachwirt/","","index,follow","","","","",""
"https://www.delst.de/de/ihk-weiterbildung/","1","Indexierbar","","https://www.delst.de/de/ihk-weiterbildung/","","","","","","",""
"https://www.delst.de/de/delst-leitsaetze/","1","Indexierbar","","https://www.delst.de/de/delst-leitsaetze/","","index,follow","","","","",""
"https://www.delst.de/de/news/kennst-du-sven-arnusch/","1","Indexierbar","","https://www.delst.de/de/news/kennst-du-sven-arnusch/","","index,follow","","","","",""
"https://www.delst.de/de/ihk-weiterbildung/wirtschaftsfachwirt-fernstudium/","1","Indexierbar","","https://www.delst.de/de/ihk-weiterbildung/wirtschaftsfachwirt-fernstudium/","","index,follow","","","","",""
"https://www.delst.de/de/weiterbildung-fuer-mitarbeiter-b2b/","1","Indexierbar","","https://www.delst.de/de/weiterbildung-fuer-mitarbeiter-b2b/","","index,follow","","","","",""
"https://www.delst.de/de/ausbildung-der-ausbilder-ada/","1","Indexierbar","","https://www.delst.de/de/ausbildung-der-ausbilder-ada/","","index,follow","","","","",""
"https://www.delst.de/de/coaching-ausbildung/","1","Indexierbar","","https://www.delst.de/de/coaching-ausbildung/","","","","","","",""
"https://www.delst.de/de/wirtschaft-weiterbildung/","1","Indexierbar","","https://www.delst.de/de/wirtschaft-weiterbildung/","","","","","","",""
"https://www.delst.de/de/agb/","1","Indexierbar","","https://www.delst.de/de/agb/","","index,follow","","","","",""
"https://www.delst.de/de/kontakt/","1","Indexierbar","","https://www.delst.de/de/kontakt/","","index,follow","","","","",""
"https://www.delst.de/de/impressum/","1","Indexierbar","","https://www.delst.de/de/impressum/","","index,follow","","","","",""
"https://www.delst.de/de/ihk-weiterbildung/gepruefter-betriebswirt-ihk-fernstudium/","1","Indexierbar","","https://www.delst.de/de/ihk-weiterbildung/gepruefter-betriebswirt-ihk-fernstudium/","","index,follow","","","","",""
"https://www.delst.de/de/ihk-weiterbildung/handelsfachwirt-fernstudium/","1","Indexierbar","","https://www.delst.de/de/ihk-weiterbildung/handelsfachwirt-fernstudium/","","index,follow","","","","",""
"https://www.delst.de/de/e-learning-weiterbildung/","1","Indexierbar","","https://www.delst.de/de/e-learning-weiterbildung/","","","","","","",""
"https://www.delst.de/de/stellenangebote/mitarbeiter-massnahmenzertifizierungen-azav/","1","Indexierbar","","https://www.delst.de/de/stellenangebote/mitarbeiter-massnahmenzertifizierungen-azav/","","index,follow","","","","",""
"https://www.delst.de/de/stellenangebote/beauftrager-fuer-azav-traeger-und-massnahmenzulassung/","1","Indexierbar","","https://www.delst.de/de/stellenangebote/beauftrager-fuer-azav-traeger-und-massnahmenzulassung/","","index,follow","","","","",""
"https://www.delst.de/de/stellenangebote/prozessmanager/","1","Indexierbar","","https://www.delst.de/de/stellenangebote/prozessmanager/","","index,follow","","","","",""
"https://www.delst.de/de/stellenangebote/markenbotschafter-social-media/","1","Indexierbar","","https://www.delst.de/de/stellenangebote/markenbotschafter-social-media/","","index,follow","","","","",""
"https://www.delst.de/de/stellenangebote/bildungsmanager-bildungsbereich-kaufmaennische-berufe-ihk-lehrgaenge/","1","Indexierbar","","https://www.delst.de/de/stellenangebote/bildungsmanager-bildungsbereich-kaufmaennische-berufe-ihk-lehrgaenge/","","index,follow","","","","",""
"https://www.delst.de/de/stellenangebote/studienberater-mit-schwerpunkt-vertrieb-b2c/","1","Indexierbar","","https://www.delst.de/de/stellenangebote/studienberater-mit-schwerpunkt-vertrieb-b2c/","","index,follow","","","","",""
"https://www.delst.de/de/stellenangebote/bildungsmanager-bildungsbereich-wirtschaft-management/","1","Indexierbar","","https://www.delst.de/de/stellenangebote/bildungsmanager-bildungsbereich-wirtschaft-management/","","index,follow","","","","",""
"https://www.delst.de/de/stellenangebote/initiativbewerbung/","1","Indexierbar","","https://www.delst.de/de/stellenangebote/initiativbewerbung/","","index,follow","","","","",""
"https://www.delst.de/de/fernstudium-gesundheitsmanagement/ausdauertrainer-ausbildung/","1","Indexierbar","","https://www.delst.de/de/fernstudium-gesundheitsmanagement/ausdauertrainer-ausbildung/","","index,follow","","","","",""
"https://www.delst.de/de/fernstudium-gesundheitsmanagement/qualitaetsmanagement-gesundheitswesen-weiterbildung/","1","Indexierbar","","https://www.delst.de/de/fernstudium-gesundheitsmanagement/qualitaetsmanagement-gesundheitswesen-weiterbildung/","","index,follow","","","","",""
"https://www.delst.de/de/fernstudium-gesundheitsmanagement/spa-ausbildung/","1","Indexierbar","","https://www.delst.de/de/fernstudium-gesundheitsmanagement/spa-ausbildung/","","index,follow","","","","",""
"https://www.delst.de/de/fernstudium-gesundheitsmanagement/fernstudium-ernahrungsberater/","1","Indexierbar","","https://www.delst.de/de/fernstudium-gesundheitsmanagement/fernstudium-ernahrungsberater/","","index,follow","","","","",""
"https://www.delst.de/de/fernstudium-gesundheitsmanagement/fitnesstrainer-ausbildung/","1","Indexierbar","","https://www.delst.de/de/fernstudium-gesundheitsmanagement/fitnesstrainer-ausbildung/","","index,follow","","","","",""
"https://www.delst.de/de/fernstudium-gesundheitsmanagement/betrieblicher-gesundheitsmanager-fernstudium/","1","Indexierbar","","https://www.delst.de/de/fernstudium-gesundheitsmanagement/betrieblicher-gesundheitsmanager-fernstudium/","","index,follow","","","","",""
"https://www.delst.de/de/studienkonzept/","1","Indexierbar","","https://www.delst.de/de/studienkonzept/","","index,follow","","","","",""
"https://www.delst.de/de/lernmethoden/","1","Indexierbar","","https://www.delst.de/de/lernmethoden/","","index,follow","","","","",""
"https://www.delst.de/de/studienverlauf/","1","Indexierbar","","https://www.delst.de/de/studienverlauf/","","index,follow","","","","",""
"https://www.delst.de/de/qualitaetssicherung/","1","Indexierbar","","https://www.delst.de/de/qualitaetssicherung/","","index,follow","","","","",""
"https://www.delst.de/de/ihk-weiterbildung/wirtschaftsbezogene-qualifikationen-pruefungsvorbereitung/","1","Indexierbar","","https://www.delst.de/de/ihk-weiterbildung/wirtschaftsbezogene-qualifikationen-pruefungsvorbereitung/","","index,follow","","","","",""
"https://www.delst.de/de/selbstlernphase/","1","Indexierbar","","https://www.delst.de/de/selbstlernphase/","","index,follow","","","","",""
"https://www.delst.de/de/lehrvideos/","1","Indexierbar","","https://www.delst.de/de/lehrvideos/","","index,follow","","","","",""
"https://www.delst.de/de/webinare/","1","Indexierbar","","https://www.delst.de/de/webinare/","","index,follow","","","","",""
"https://www.delst.de/de/bildungspartner/","1","Indexierbar","","https://www.delst.de/de/bildungspartner/","","index,follow","","","","",""
"https://www.delst.de/de/web-based-training/","1","Indexierbar","","https://www.delst.de/de/web-based-training/","","index,follow","","","","",""
"https://www.delst.de/de/delst-abschluesse/","1","Indexierbar","","https://www.delst.de/de/delst-abschluesse/","","index,follow","","","","",""
"https://www.delst.de/de/kindergeld/","1","Indexierbar","","https://www.delst.de/de/kindergeld/","","index,follow","","","","",""
"https://www.delst.de/de/delst-foerderung/","1","Indexierbar","","https://www.delst.de/de/delst-foerderung/","","index,follow","","","","",""
"https://www.delst.de/de/steuern-sparen/","1","Indexierbar","","https://www.delst.de/de/steuern-sparen/","","index,follow","","","","",""
"https://www.delst.de/de/studieninfos/foerdermoeglichkeiten/qualifizierungschancengesetz/","1","Indexierbar","","https://www.delst.de/de/studieninfos/foerdermoeglichkeiten/qualifizierungschancengesetz/","","index,follow","","","","",""
"https://www.delst.de/de/kurzarbeit/","1","Indexierbar","","https://www.delst.de/de/kurzarbeit/","","index,follow","","","","",""
"https://www.delst.de/de/aufstiegs-bafoeg/","1","Indexierbar","","https://www.delst.de/de/aufstiegs-bafoeg/","","index,follow","","","","",""
"https://www.delst.de/de/weitere-foerderprogramme/","1","Indexierbar","","https://www.delst.de/de/weitere-foerderprogramme/","","index,follow","","","","",""
"https://www.delst.de/de/bildungsgutschein/","1","Indexierbar","","https://www.delst.de/de/bildungsgutschein/","","index,follow","","","","",""
"https://www.delst.de/de/zuschuss-der-bundeslaender/","1","Indexierbar","","https://www.delst.de/de/zuschuss-der-bundeslaender/","","index,follow","","","","",""
"https://www.delst.de/de/lehrgaenge-reiten/futtermittelberater-ausbildung-richtige-pferdefuetterung/","1","Indexierbar","","https://www.delst.de/de/lehrgaenge-reiten/futtermittelberater-ausbildung-richtige-pferdefuetterung/","","index,follow","","","","",""
"https://www.delst.de/de/lehrgaenge-reiten/reitlehrerin-ausbildung/","1","Indexierbar","","https://www.delst.de/de/lehrgaenge-reiten/reitlehrerin-ausbildung/","","index,follow","","","","",""
"https://www.delst.de/de/lehrgaenge-reiten/reiten-c-lizenz/","1","Indexierbar","","https://www.delst.de/de/lehrgaenge-reiten/reiten-c-lizenz/","","index,follow","","","","",""
"https://www.delst.de/de/ihk-weiterbildung/master-professional-betriebswirt/","1","Indexierbar","","https://www.delst.de/de/ihk-weiterbildung/master-professional-betriebswirt/","","index,follow","","","","",""
"https://www.delst.de/de/studieninfos/foerdermoeglichkeiten/bildungsgutschein-azav/azav-fernstudiengaenge/gepruefter-betriebswirt-azav-bildungsgutschein/","1","Nicht indexierbar","Canonicalised","https://www.delst.de/de/ihk-weiterbildung/gepruefter-betriebswirt-ihk-fernstudium/","","index,follow","","","","",""
"https://www.delst.de/de/bundeswehr-weiterbildung/","1","Indexierbar","","https://www.delst.de/de/bundeswehr-weiterbildung/","","index,follow","","","","",""
"https://www.delst.de/de/weiterbildung-arbeitsamt/ihk-industriefachwirt-weiterbildung-bildungsgutschein/","1","Indexierbar","","https://www.delst.de/de/weiterbildung-arbeitsamt/ihk-industriefachwirt-weiterbildung-bildungsgutschein/","","index,follow","","","","",""
"https://www.delst.de/de/anmeldung/fernstudium/?product=industriefachwirt-ihk-fernstudium","1","Nicht indexierbar","Canonicalised,noindex","https://www.delst.de/de/anmeldung/fernstudium/","","noindex,nofollow","","","","",""
"https://www.delst.de/de/ihk-weiterbildung/wirtschaftsbezogene-qualifikationen-ihk/","1","Indexierbar","","https://www.delst.de/de/ihk-weiterbildung/wirtschaftsbezogene-qualifikationen-ihk/","","index,follow","","","","",""
"https://www.delst.de/de/weiterbildung-arbeitsamt/prozessmanager-digitale-transformation/","1","Nicht indexierbar","noindex","https://www.delst.de/de/weiterbildung-arbeitsamt/prozessmanager-digitale-transformation/","","noindex,nofollow","","","","",""
"https://www.delst.de/de/weiterbildung-arbeitsamt/gepruefter-betriebswirt/","1","Nicht indexierbar","Canonicalised,noindex","https://www.delst.de/de/ihk-weiterbildung/gepruefter-betriebswirt-ihk-fernstudium/","","noindex,nofollow","","","","",""
"https://www.delst.de/de/weiterbildung-arbeitsamt/online-marketing-manager/","1","Nicht indexierbar","noindex","https://www.delst.de/de/weiterbildung-arbeitsamt/online-marketing-manager/","","noindex,nofollow","","","","",""
"https://www.delst.de/de/weiterbildung-arbeitsamt/qualitaetsmanager/","1","Nicht indexierbar","noindex","https://www.delst.de/de/weiterbildung-arbeitsamt/qualitaetsmanager/","","noindex,nofollow","","","","",""
"https://www.delst.de/de/weiterbildung-arbeitsamt/arbeiten-4-0/","1","Nicht indexierbar","noindex","https://www.delst.de/de/weiterbildung-arbeitsamt/arbeiten-4-0/","","noindex,nofollow","","","","",""
"https://www.delst.de/de/weiterbildung-arbeitsamt/betriebliche-ausbildung/","1","Nicht indexierbar","noindex","https://www.delst.de/de/weiterbildung-arbeitsamt/betriebliche-ausbildung/","","noindex,nofollow","","","","",""
"https://www.delst.de/de/weiterbildung-arbeitsamt/wissens-und-transfermanager-4-0/","1","Nicht indexierbar","noindex","https://www.delst.de/de/weiterbildung-arbeitsamt/wissens-und-transfermanager-4-0/","","noindex,nofollow","","","","",""
"https://www.delst.de/de/weiterbildung-arbeitsamt/gepruefter-wirtschaftsfachwirt-ihk-inkl-ada-schein/","1","Nicht indexierbar","Canonicalised,noindex","https://www.delst.de/de/weiterbildung-arbeitsamt/ihk-wirtschaftsfachwirt-weiterbildung-bildungsgutschein/","","noindex,nofollow","","","","",""
"https://www.delst.de/de/weiterbildung-arbeitsamt/vorbereitung-externenpruefung-kauffrau-kaufmann-fuer-bueromanagement-ihk-bildungsgutschein/","1","Nicht indexierbar","Canonicalised","https://www.delst.de/de/ihk-weiterbildung/vorbereitung-externenpruefung-kauffrau-kaufmann-fuer-bueromanagement-ihk/","","index,follow","","","","",""
"https://www.delst.de/de/weiterbildung-arbeitsamt/datenschutzmanager/","1","Nicht indexierbar","noindex","https://www.delst.de/de/weiterbildung-arbeitsamt/datenschutzmanager/","","noindex,nofollow","","","","",""
"https://www.delst.de/de/weiterbildung-arbeitsamt/gepruefter-manager-im-gesundheits-und-sozialwesen-4-0/","1","Nicht indexierbar","Canonicalised,noindex","https://www.delst.de/de/ihk-weiterbildung/fachwirt-gesundheits-und-sozialwesen-fernstudium/","","noindex,nofollow","","","","",""
"https://www.delst.de/de/weiterbildung-arbeitsamt/gepruefter-technischer-betriebswirt/","1","Nicht indexierbar","Canonicalised,noindex","https://www.delst.de/de/ihk-weiterbildung/technischer-betriebswirt-fernstudium/","","noindex,nofollow","","","","",""
"https://www.delst.de/de/weiterbildung-arbeitsamt/digitaler-kommunikationscoach/","1","Nicht indexierbar","noindex","https://www.delst.de/de/weiterbildung-arbeitsamt/digitaler-kommunikationscoach/","","noindex,nofollow","","","","",""
"https://www.delst.de/de/weiterbildung-arbeitsamt/gepruefter-technischer-manager-4-0/","1","Nicht indexierbar","Canonicalised,noindex","https://www.delst.de/de/ihk-weiterbildung/technischer-fachwirt-fernstudium/","","noindex,nofollow","","","","",""
"https://www.delst.de/de/weiterbildung-arbeitsamt/gepruefter-technischer-betriebswirt-4-0/","1","Nicht indexierbar","Canonicalised,noindex","https://www.delst.de/de/ihk-weiterbildung/technischer-betriebswirt-fernstudium/","","noindex,nofollow","","","","",""
"https://www.delst.de/de/weiterbildung-arbeitsamt/mentaltrainer/","1","Nicht indexierbar","Canonicalised,noindex","https://www.delst.de/de/coaching-ausbildung/mentaltrainer-ausbildung/","","noindex,nofollow","","","","",""
"https://www.delst.de/de/weiterbildung-arbeitsamt/gepruefter-fachwirt-im-gesundheits-und-sozialwesen-ihk-inkl-ada-schein/","1","Nicht indexierbar","Canonicalised,noindex","https://www.delst.de/de/weiterbildung-arbeitsamt/weiterbildung-fachwirt-im-sozial-und-gesundheitswesen-azav-bildungsgutschein/","","noindex,nofollow","","","","",""
"https://www.delst.de/de/weiterbildung-arbeitsamt/change-manager/","1","Nicht indexierbar","Canonicalised,noindex","https://www.delst.de/de/digitalisierung-unternehmen-digitale-arbeitswelt/weiterbildung-digital-transformation-manager/","","noindex,nofollow","","","","",""
"https://www.delst.de/de/weiterbildung-arbeitsamt/vorbereitung-externenpruefung-kaufmann-ecommerce-ihk/","1","Nicht indexierbar","noindex","https://www.delst.de/de/weiterbildung-arbeitsamt/vorbereitung-externenpruefung-kaufmann-ecommerce-ihk/","","noindex,nofollow","","","","",""
"https://www.delst.de/de/weiterbildung-arbeitsamt/digital-sales/","1","Nicht indexierbar","noindex","https://www.delst.de/de/weiterbildung-arbeitsamt/digital-sales/","","noindex,nofollow","","","","",""
"https://www.delst.de/de/weiterbildung-arbeitsamt/handelsfachwirt-fernstudium-azav-bildungsgutschein/","1","Nicht indexierbar","Canonicalised","https://www.delst.de/de/ihk-weiterbildung/handelsfachwirt-fernstudium/","","index,follow","","","","",""
"https://www.delst.de/de/weiterbildung-arbeitsamt/kaufmaennisches-wissen-online-azav-bildungsgutschein/","1","Indexierbar","","https://www.delst.de/de/weiterbildung-arbeitsamt/kaufmaennisches-wissen-online-azav-bildungsgutschein/","","index,follow","","","","",""
"https://www.delst.de/de/weiterbildung-arbeitsamt/digital-transformation-manager-bg/","1","Nicht indexierbar","Canonicalised,noindex","https://www.delst.de/de/digitalisierung-unternehmen-digitale-arbeitswelt/weiterbildung-digital-transformation-manager/","","noindex,nofollow","","","","",""
"https://www.delst.de/de/weiterbildung-arbeitsamt/gepruefter-wirtschaftsmanager-4-0/","1","Nicht indexierbar","Canonicalised,noindex","https://www.delst.de/de/weiterbildung-arbeitsamt/ihk-wirtschaftsfachwirt-weiterbildung-bildungsgutschein/","","noindex,nofollow","","","","",""
"https://www.delst.de/de/weiterbildung-arbeitsamt/digitalisierungsmanager/","1","Nicht indexierbar","Canonicalised,noindex","https://www.delst.de/de/digitalisierung-unternehmen-digitale-arbeitswelt/weiterbildung-digital-transformation-manager/","","noindex,nofollow","","","","",""
"https://www.delst.de/de/weiterbildung-arbeitsamt/vertriebsassistenz-4-0/","1","Nicht indexierbar","noindex","https://www.delst.de/de/weiterbildung-arbeitsamt/vertriebsassistenz-4-0/","","noindex,nofollow","","","","",""
"https://www.delst.de/de/weiterbildung-arbeitsamt/gepruefter-wirtschaftsmanager/","1","Nicht indexierbar","Canonicalised,noindex","https://www.delst.de/de/weiterbildung-arbeitsamt/ihk-wirtschaftsfachwirt-weiterbildung-bildungsgutschein/","","noindex,nofollow","","","","",""
"https://www.delst.de/de/weiterbildung-arbeitsamt/personalmanager-4-0/","1","Nicht indexierbar","noindex","https://www.delst.de/de/weiterbildung-arbeitsamt/personalmanager-4-0/","","noindex,nofollow","","","","",""
"https://www.delst.de/de/weiterbildung-arbeitsamt/gepruefter-betriebswirt-4-0/","1","Nicht indexierbar","Canonicalised,noindex","https://www.delst.de/de/ihk-weiterbildung/gepruefter-betriebswirt-ihk-fernstudium/","","noindex,nofollow","","","","",""
"https://www.delst.de/de/weiterbildung-arbeitsamt/ada-schein-azav-bildungsgutschein/","1","Nicht indexierbar","Canonicalised","https://www.delst.de/de/ihk-weiterbildung/ada-schein-online/","","index,follow","","","","",""
"https://www.delst.de/de/weiterbildung-arbeitsamt/weiterbildung-fachwirt-im-sozial-und-gesundheitswesen-azav-bildungsgutschein/","1","Indexierbar","","https://www.delst.de/de/weiterbildung-arbeitsamt/weiterbildung-fachwirt-im-sozial-und-gesundheitswesen-azav-bildungsgutschein/","","index,follow","","","","",""
"https://www.delst.de/de/weiterbildung-arbeitsamt/ihk-wirtschaftsfachwirt-weiterbildung-bildungsgutschein/","1","Indexierbar","","https://www.delst.de/de/weiterbildung-arbeitsamt/ihk-wirtschaftsfachwirt-weiterbildung-bildungsgutschein/","","index,follow","","","","",""
"https://www.delst.de/de/weiterbildung-arbeitsamt/technischer-fachwirt-weiterbildung-bildungsgutschein/","1","Nicht indexierbar","Canonicalised","https://www.delst.de/de/ihk-weiterbildung/technischer-fachwirt-fernstudium/","","index,follow","","","","",""
"https://www.delst.de/de/weiterbildung-arbeitsamt/transformationsmanager-fuer-nachhaltigkeit/","1","Nicht indexierbar","noindex","https://www.delst.de/de/weiterbildung-arbeitsamt/transformationsmanager-fuer-nachhaltigkeit/","","noindex,nofollow","","","","",""
"https://www.delst.de/de/weiterbildung-arbeitsamt/gepruefter-e-commerce-manager/","1","Nicht indexierbar","Canonicalised,noindex","https://www.delst.de/de/digitalisierung-unternehmen-digitale-arbeitswelt/e-commerce-manager-fernstudium/","","noindex,nofollow","","","","",""
"https://www.delst.de/de/weiterbildung-arbeitsamt/gepruefter-technischer-betriebswirt-ihk-inkl-ada-schein/","1","Nicht indexierbar","Canonicalised,noindex","https://www.delst.de/de/ihk-weiterbildung/technischer-betriebswirt-fernstudium/","","noindex,nofollow","","","","",""
"https://www.delst.de/de/weiterbildung-arbeitsamt/gepruefter-manager-im-gesundheits-und-sozialwesen/","1","Nicht indexierbar","Canonicalised,noindex","https://www.delst.de/de/ihk-weiterbildung/fachwirt-gesundheits-und-sozialwesen-fernstudium/","","noindex,nofollow","","","","",""
"https://www.delst.de/de/weiterbildung-arbeitsamt/qualitaetsmanager-4-0/","1","Nicht indexierbar","noindex","https://www.delst.de/de/weiterbildung-arbeitsamt/qualitaetsmanager-4-0/","","noindex,nofollow","","","","",""
"https://www.delst.de/de/weiterbildung-arbeitsamt/social-media-manager-azav-bildungsgutschein/","1","Nicht indexierbar","Canonicalised","https://www.delst.de/de/massnahmen-azav-bildungsgutschein/social-media-manager-azav-bildungsgutschein/","","index,follow","","","","",""
"https://www.delst.de/de/weiterbildung-arbeitsamt/gepruefter-technischer-manager/","1","Nicht indexierbar","Canonicalised,noindex","https://www.delst.de/de/ihk-weiterbildung/technischer-fachwirt-fernstudium/","","noindex,nofollow","","","","",""
"https://www.delst.de/de/weiterbildung-arbeitsamt/gepruefter-buchhaltungsassistent/","1","Nicht indexierbar","noindex","https://www.delst.de/de/weiterbildung-arbeitsamt/gepruefter-buchhaltungsassistent/","","noindex,nofollow","","","","",""
"https://www.delst.de/de/weiterbildung-arbeitsamt/gepruefter-bueromanager-4-0/","1","Nicht indexierbar","Canonicalised,noindex","https://www.delst.de/de/wirtschaft-weiterbildung/bueroassistentin-ausbildung/","","noindex,nofollow","","","","",""
"https://www.delst.de/de/weiterbildung-arbeitsamt/gepruefter-industriemanager/","1","Nicht indexierbar","Canonicalised,noindex","https://www.delst.de/de/ihk-weiterbildung/industriefachwirt-ihk-fernstudium/","","noindex,nofollow","","","","",""
"https://www.delst.de/de/weiterbildung-arbeitsamt/agiler-bueromanager/","1","Nicht indexierbar","noindex","https://www.delst.de/de/weiterbildung-arbeitsamt/agiler-bueromanager/","","noindex,nofollow","","","","",""
"https://www.delst.de/de/weiterbildung-arbeitsamt/gepruefter-technischer-betriebswirt-ihk/","1","Nicht indexierbar","Canonicalised,noindex","https://www.delst.de/de/ihk-weiterbildung/technischer-betriebswirt-fernstudium/","","noindex,nofollow","","","","",""
"https://www.delst.de/de/weiterbildung-arbeitsamt/umschulung-kauffrau-fuer-bueromanagement/","1","Indexierbar","","https://www.delst.de/de/weiterbildung-arbeitsamt/umschulung-kauffrau-fuer-bueromanagement/","","index,follow","","","","",""
"https://www.delst.de/de/weiterbildung-arbeitsamt/seo-manager-weiterbildung-azav-bildungsgutschein/","1","Nicht indexierbar","Canonicalised","https://www.delst.de/de/digitalisierung-unternehmen-digitale-arbeitswelt/seo-manager-weiterbildung/","","index,follow","","","","",""
"https://www.delst.de/de/weiterbildung-arbeitsamt/gepruefter-technischer-fachwirt-ihk-inkl-ada-schein/","1","Nicht indexierbar","Canonicalised,noindex","https://www.delst.de/de/ihk-weiterbildung/technischer-fachwirt-fernstudium/","","noindex,nofollow","","","","",""
"https://www.delst.de/de/weiterbildung-arbeitsamt/kommunikationstraining-intensiv/","1","Nicht indexierbar","noindex","https://www.delst.de/de/weiterbildung-arbeitsamt/kommunikationstraining-intensiv/","","noindex,nofollow","","","","",""
"https://www.delst.de/de/weiterbildung-arbeitsamt/kommunikationstrainer-ausbildung-bildungsgutschein/","1","Indexierbar","","https://www.delst.de/de/weiterbildung-arbeitsamt/kommunikationstrainer-ausbildung-bildungsgutschein/","","index,follow","","","","",""
"https://www.delst.de/files/downloads/anmeldeformulare/anmeldeformular-bildungsgutschein-delst-18.pdf","0","Indexierbar","","","","","","","","",""
"https://www.delst.de/de/weiterbildung-arbeitsamt/agiler-projektmanager-4-0/","1","Nicht indexierbar","noindex","https://www.delst.de/de/weiterbildung-arbeitsamt/agiler-projektmanager-4-0/","","noindex,nofollow","","","","",""
"https://www.delst.de/de/weiterbildung-arbeitsamt/finanz-und-marktanalyst/","1","Nicht indexierbar","noindex","https://www.delst.de/de/weiterbildung-arbeitsamt/finanz-und-marktanalyst/","","noindex,nofollow","","","","",""
"https://www.delst.de/de/weiterbildung-arbeitsamt/gepruefter-betriebswirt-ihk-cci-inkl-ada-schein/","1","Nicht indexierbar","Canonicalised,noindex","https://www.delst.de/de/ihk-weiterbildung/gepruefter-betriebswirt-ihk-fernstudium/","","noindex,nofollow","","","","",""
"https://www.delst.de/de/weiterbildung-arbeitsamt/datenschutzbeauftragter-weiterbildung-bildungsgutschein/","1","Nicht indexierbar","noindex","https://www.delst.de/de/weiterbildung-arbeitsamt/datenschutzbeauftragter-weiterbildung-bildungsgutschein/","","noindex,follow","","","","",""
"https://www.delst.de/de/weiterbildung-arbeitsamt/gepruefter-handelsmanager/","1","Nicht indexierbar","Canonicalised,noindex","https://www.delst.de/de/ihk-weiterbildung/handelsfachwirt-fernstudium/","","noindex,nofollow","","","","",""
"https://www.delst.de/de/weiterbildung-arbeitsamt/weiterbildung-digitalisierung-azav-bildungsgutschein/","1","Nicht indexierbar","Canonicalised","https://www.delst.de/de/digitalisierung-unternehmen-digitale-arbeitswelt/weiterbildung-digitalisierung-fernstudium/","","index,follow","","","","",""
"https://www.delst.de/de/weiterbildung-arbeitsamt/betriebliche-ausbildung-4-0/","1","Nicht indexierbar","noindex","https://www.delst.de/de/weiterbildung-arbeitsamt/betriebliche-ausbildung-4-0/","","noindex,nofollow","","","","",""
"https://www.delst.de/de/weiterbildung-arbeitsamt/eventmanager/","1","Nicht indexierbar","noindex","https://www.delst.de/de/weiterbildung-arbeitsamt/eventmanager/","","noindex,nofollow","","","","",""
"https://www.delst.de/de/weiterbildung-arbeitsamt/edv-informationstechnologie-kurs-azav-bildungsgutschein/","1","Nicht indexierbar","Canonicalised","https://www.delst.de/de/digitalisierung-unternehmen-digitale-arbeitswelt/edv-grundlagen-kurs/","","index,follow","","","","",""
"https://www.delst.de/de/weiterbildung-arbeitsamt/agiler-projektmanager/","1","Nicht indexierbar","noindex","https://www.delst.de/de/weiterbildung-arbeitsamt/agiler-projektmanager/","","noindex,nofollow","","","","",""
"https://www.delst.de/de/weiterbildung-arbeitsamt/gepruefter-wirtschaftsassistent/","1","Nicht indexierbar","noindex","https://www.delst.de/de/weiterbildung-arbeitsamt/gepruefter-wirtschaftsassistent/","","noindex,nofollow","","","","",""
"https://www.delst.de/de/weiterbildung-arbeitsamt/personalmanager/","1","Nicht indexierbar","noindex","https://www.delst.de/de/weiterbildung-arbeitsamt/personalmanager/","","noindex,nofollow","","","","",""
"https://www.delst.de/de/weiterbildung-arbeitsamt/projektmanager/","1","Nicht indexierbar","noindex","https://www.delst.de/de/weiterbildung-arbeitsamt/projektmanager/","","noindex,nofollow","","","","",""
"https://www.delst.de/de/weiterbildung-arbeitsamt/gepruefter-bueromanager/","1","Nicht indexierbar","Canonicalised,noindex","https://www.delst.de/de/wirtschaft-weiterbildung/bueroassistentin-ausbildung/","","noindex,nofollow","","","","",""
"https://www.delst.de/de/weiterbildung-arbeitsamt/online-marketing-manager-4-0/","1","Nicht indexierbar","noindex","https://www.delst.de/de/weiterbildung-arbeitsamt/online-marketing-manager-4-0/","","noindex,nofollow","","","","",""
"https://www.delst.de/de/weiterbildung-arbeitsamt/agiler-qualitaets-und-prozessmanager/","1","Nicht indexierbar","noindex","https://www.delst.de/de/weiterbildung-arbeitsamt/agiler-qualitaets-und-prozessmanager/","","noindex,nofollow","","","","",""
"https://www.delst.de/de/weiterbildung-arbeitsamt/gepruefter-industriefachwirt-ihk-inkl-ada-schein/","1","Nicht indexierbar","Canonicalised,noindex","https://www.delst.de/de/weiterbildung-arbeitsamt/ihk-industriefachwirt-weiterbildung-bildungsgutschein/","","noindex,nofollow","","","","",""
"https://www.delst.de/de/weiterbildung-arbeitsamt/wirtschaftsbezogene-qualifikationen/","1","Nicht indexierbar","Canonicalised,noindex","https://www.delst.de/de/ihk-weiterbildung/wirtschaftsbezogene-qualifikationen-ihk/","","noindex,nofollow","","","","",""
"https://www.delst.de/de/weiterbildung-arbeitsamt/gepruefter-bueroassistent/","1","Nicht indexierbar","Canonicalised,noindex","https://www.delst.de/de/wirtschaft-weiterbildung/bueroassistentin-ausbildung/","","noindex,nofollow","","","","",""
"https://www.delst.de/de/weiterbildung-arbeitsamt/umschulung-kaufmann-ecommerce-ihk/","1","Nicht indexierbar","noindex","https://www.delst.de/de/weiterbildung-arbeitsamt/umschulung-kaufmann-ecommerce-ihk/","","noindex,nofollow","","","","",""
"https://www.delst.de/de/rechnungswesen-online/rechnungswesen-kosten-und-leistungsrechnung-klr/","1","Indexierbar","","https://www.delst.de/de/rechnungswesen-online/rechnungswesen-kosten-und-leistungsrechnung-klr/","","index,follow","","","","",""
"https://www.delst.de/de/rechnungswesen-online/moderne-finanzbuchfuehrung-online-weiterbildung/","1","Indexierbar","","https://www.delst.de/de/rechnungswesen-online/moderne-finanzbuchfuehrung-online-weiterbildung/","","index,follow","","","","",""
"https://www.delst.de/de/weiterbildung-arbeitsamt/gepruefter-betriebswirt-azav-bildungsgutschein/","1","Nicht indexierbar","Canonicalised","https://www.delst.de/de/ihk-weiterbildung/gepruefter-betriebswirt-ihk-fernstudium/","","index,follow","","","","",""
"https://www.delst.de/de/weiterbildung-arbeitsamt/gepruefter-industriemanager-4-0/","1","Nicht indexierbar","Canonicalised,noindex","https://www.delst.de/de/ihk-weiterbildung/industriefachwirt-ihk-fernstudium/","","noindex,nofollow","","","","",""
"https://www.delst.de/de/weiterbildung-arbeitsamt/prozessmanager/","1","Nicht indexierbar","Canonicalised,noindex","https://www.delst.de/de/digitalisierung-unternehmen-digitale-arbeitswelt/weiterbildung-digital-transformation-manager/","","noindex,nofollow","","","","",""
"https://www.delst.de/de/rechnungswesen-online/controlling-weiterbildung/","1","Indexierbar","","https://www.delst.de/de/rechnungswesen-online/controlling-weiterbildung/","","index,follow","","","","",""
"https://www.delst.de/de/rechnungswesen-online/ihk-rechnungswesen-verstehen/","1","Indexierbar","","https://www.delst.de/de/rechnungswesen-online/ihk-rechnungswesen-verstehen/","","index,follow","","","","",""
"https://www.delst.de/de/betriebswirt-ihk-vollzeit/","1","Indexierbar","","https://www.delst.de/de/betriebswirt-ihk-vollzeit/","","index,follow","","","","",""
"https://www.delst.de/de/ihk-weiterbildung/e-sports-manager-ihk/","1","Indexierbar","","https://www.delst.de/de/ihk-weiterbildung/e-sports-manager-ihk/","","index,follow","","","","",""
"https://www.delst.de/de/betriebswirt-ihk-erfahrungen/","1","Indexierbar","","https://www.delst.de/de/betriebswirt-ihk-erfahrungen/","","index,follow","","","","",""
"https://www.delst.de/de/betriebswirt-ihk-sinnvoll/","1","Indexierbar","","https://www.delst.de/de/betriebswirt-ihk-sinnvoll/","","index,follow","","","","",""
"https://www.delst.de/de/betriebswirt-ihk-lernmaterial/","1","Indexierbar","","https://www.delst.de/de/betriebswirt-ihk-lernmaterial/","","index,follow","","","","",""
"https://www.delst.de/de/betriebswirt-ihk-gehalt/","1","Indexierbar","","https://www.delst.de/de/betriebswirt-ihk-gehalt/","","index,follow","","","","",""
"https://www.delst.de/de/betriebswirt-ihk-anerkennung/","1","Indexierbar","","https://www.delst.de/de/betriebswirt-ihk-anerkennung/","","index,follow","","","","",""
"https://www.delst.de/de/news/aktualisierung-pruefungsordnung-gepruefter-betriebswirt/","0","Indexierbar","","","","index,follow","","","","",""
"https://www.delst.de/de/news/informationsveranstaltung-unseres-partners-ehip/","0","Indexierbar","","","","index,follow","","","","",""
"https://www.delst.de/de/news/ehip-unser-neuer-bildungspartner/","0","Indexierbar","","","","index,follow","","","","",""
"https://www.delst.de/de/news/100-foerderung-ueber-bildungsgutschein/","1","Indexierbar","","https://www.delst.de/de/news/100-foerderung-ueber-bildungsgutschein/","","index,follow","","","","",""
"https://www.delst.de/de/news/delst-instagram/","0","Indexierbar","","","","index,follow","","","","",""
"https://www.delst.de/de/news/seo-sea-manager-ausbildung-jetzt-buchbar/","1","Indexierbar","","https://www.delst.de/de/news/seo-sea-manager-ausbildung-jetzt-buchbar/","","index,follow","","","","",""
"https://www.delst.de/de/news/kennst-du-schon-markus-edenharder/","0","Indexierbar","","","","index,follow","","","","",""
"https://www.delst.de/de/ihk-weiterbildung/technischer-betriebswirt-fernstudium/","1","Indexierbar","","https://www.delst.de/de/ihk-weiterbildung/technischer-betriebswirt-fernstudium/","","index,follow","","","","",""
"https://www.delst.de/de/news/kennen-sie-andrea-haertlein/","1","Indexierbar","","https://www.delst.de/de/news/kennen-sie-andrea-haertlein/","","index,follow","","","","",""
"https://www.delst.de/de/news/fernstudientag-2024/","0","Indexierbar","","","","index,follow","","","","",""
"https://www.delst.de/de/news/wir-sind-top-anbieter-2023/","0","Indexierbar","","","","index,follow","","","","",""
"https://www.delst.de/de/news/kennst-du-philipp-raithel/","1","Indexierbar","","https://www.delst.de/de/news/kennst-du-philipp-raithel/","","index,follow","","","","",""
"https://www.delst.de/de/news/kennst-du-stefan-hieronimus/","1","Indexierbar","","https://www.delst.de/de/news/kennst-du-stefan-hieronimus/","","index,follow","","","","",""
"https://www.delst.de/de/news/neue-oeffnungszeiten/","1","Indexierbar","","https://www.delst.de/de/news/neue-oeffnungszeiten/","","index,follow","","","","",""
"https://www.delst.de/de/news/adventskalender/","1","Indexierbar","","https://www.delst.de/de/news/adventskalender/","","index,follow","","","","",""
"https://www.delst.de/de/news/neue-berufliche-weiterbildung-kommunikation-verbessern/","1","Indexierbar","","https://www.delst.de/de/news/neue-berufliche-weiterbildung-kommunikation-verbessern/","","index,follow","","","","",""
"https://www.delst.de/de/news/kennst-du-dr-lisa-marholt/","1","Indexierbar","","https://www.delst.de/de/news/kennst-du-dr-lisa-marholt/","","index,follow","","","","",""
"https://www.delst.de/de/news/happy-new-year-2021/","1","Indexierbar","","https://www.delst.de/de/news/happy-new-year-2021/","","index,follow","","","","",""
"https://www.delst.de/de/news/auszeichnung-exzellenter-anbieter-2024/","0","Indexierbar","","","","index,follow","","","","",""
"https://www.delst.de/de/news/tutorenvorstellung-carsten-kulka/","1","Indexierbar","","https://www.delst.de/de/news/tutorenvorstellung-carsten-kulka/","","index,follow","","","","",""
"https://www.delst.de/de/news/kennen-sie-aron-labonte/","1","Indexierbar","","https://www.delst.de/de/news/kennen-sie-aron-labonte/","","index,follow","","","","",""
"https://www.delst.de/de/ihk-weiterbildung/technischer-fachwirt-fernstudium/","1","Indexierbar","","https://www.delst.de/de/ihk-weiterbildung/technischer-fachwirt-fernstudium/","","index,follow","","","","",""
"https://www.delst.de/de/news/kennst-du-julia-jorcke/","1","Indexierbar","","https://www.delst.de/de/news/kennst-du-julia-jorcke/","","index,follow","","","","",""
"https://www.delst.de/de/news/scrum-lehrgaenge-buchbar/","0","Indexierbar","","","","index,follow","","","","",""
"https://www.delst.de/de/news/kennen-sie-ralf-schemmert/","1","Indexierbar","","https://www.delst.de/de/news/kennen-sie-ralf-schemmert/","","index,follow","","","","",""
"https://www.delst.de/de/news/kennst-du-tom-telschow/","1","Indexierbar","","https://www.delst.de/de/news/kennst-du-tom-telschow/","","index,follow","","","","",""
"https://www.delst.de/de/news/bueroassistenz-jetzt-buchbar/","0","Indexierbar","","","","index,follow","","","","",""
"https://www.delst.de/de/news/kennst-du-ela-naeffgen/","1","Indexierbar","","https://www.delst.de/de/news/kennst-du-ela-naeffgen/","","index,follow","","","","",""
"https://www.delst.de/de/news/englische-ihk-abschluesse/","0","Indexierbar","","","","index,follow","","","","",""
"https://www.delst.de/de/news/elearning-digitales-lernen-die-moderne-und-flexible-form-der-weiterbildung/","1","Indexierbar","","https://www.delst.de/de/news/elearning-digitales-lernen-die-moderne-und-flexible-form-der-weiterbildung/","","index,follow","","","","",""
"https://www.delst.de/de/news/kennst-du-thomas-wiessner/","1","Indexierbar","","https://www.delst.de/de/news/kennst-du-thomas-wiessner/","","index,follow","","","","",""
"https://www.delst.de/de/news/delst-besuchen-auf-der-messe-jobkarrieretage2022/","1","Indexierbar","","https://www.delst.de/de/news/delst-besuchen-auf-der-messe-jobkarrieretage2022/","","index,follow","","","","",""
"https://www.delst.de/de/news/betrieblicher-gesundheitsmanager-jetzt-buchbar/","1","Indexierbar","","https://www.delst.de/de/news/betrieblicher-gesundheitsmanager-jetzt-buchbar/","","index,follow","","","","",""
"https://www.delst.de/de/news/top-institut-2021-fernstudiumcheck/","0","Indexierbar","","","","index,follow","","","","",""
"https://www.delst.de/de/news/kennst-du-benjamin-lindner/","1","Indexierbar","","https://www.delst.de/de/news/kennst-du-benjamin-lindner/","","index,follow","","","","",""
"https://www.delst.de/de/news/wbt-modernes-lernen/","1","Indexierbar","","https://www.delst.de/de/news/wbt-modernes-lernen/","","index,follow","","","","",""
"https://www.delst.de/de/news/kennst-du-alexander-neumann/","1","Indexierbar","","https://www.delst.de/de/news/kennst-du-alexander-neumann/","","index,follow","","","","",""
"https://www.delst.de/de/news/kennst-du-ebru-nal/","1","Indexierbar","","https://www.delst.de/de/news/kennst-du-ebru-nal/","","index,follow","","","","",""
"https://www.delst.de/de/news/wir-wuenschen-ihnen-ein-glueckliches-gesundes-und-erfolgreiches-neue-jahr/","1","Indexierbar","","https://www.delst.de/de/news/wir-wuenschen-ihnen-ein-glueckliches-gesundes-und-erfolgreiches-neue-jahr/","","index,follow","","","","",""
"https://www.delst.de/de/news/kennst-du-marion-freddy-kraemer/","1","Indexierbar","","https://www.delst.de/de/news/kennst-du-marion-freddy-kraemer/","","index,follow","","","","",""
"https://www.delst.de/de/news/neuer-fernkurs-ernaehrung-im-natural-bodybuilding/","0","Indexierbar","","","","index,follow","","","","",""
"https://www.delst.de/de/news/gepruefter-technischer-betriebswirt-jetzt-buchbar/","0","Indexierbar","","","","index,follow","","","","",""
"https://www.delst.de/de/news/top-institut-2022-fernstudiumcheck/","0","Indexierbar","","","","index,follow","","","","",""
"https://www.delst.de/de/news/kennst-du-sonja-theile-ochel/","1","Indexierbar","","https://www.delst.de/de/news/kennst-du-sonja-theile-ochel/","","index,follow","","","","",""
"https://www.delst.de/de/news/kennst-du-rene-gregorczyk/","1","Indexierbar","","https://www.delst.de/de/news/kennst-du-rene-gregorczyk/","","index,follow","","","","",""
"https://www.delst.de/de/news/kennst-du-dieter-kaiser/","1","Indexierbar","","https://www.delst.de/de/news/kennst-du-dieter-kaiser/","","index,follow","","","","",""
"https://www.delst.de/de/news/delst-bewerten-und-gewinnen/","1","Indexierbar","","https://www.delst.de/de/news/delst-bewerten-und-gewinnen/","","index,follow","","","","",""
"https://www.delst.de/de/news/neue-delst-website-online/","1","Indexierbar","","https://www.delst.de/de/news/neue-delst-website-online/","","index,follow","","","","",""
"https://www.delst.de/de/news/workout-fuer-den-arbeitsplatz/","0","Indexierbar","","","","index,follow","","","","",""
"https://www.delst.de/de/news/kennst-du-schon-marina-schemmert/","0","Indexierbar","","","","index,follow","","","","",""
"https://www.delst.de/de/news/studium-im-alter-ihre-chance-der-weiterbildung-ohne-abitur/","1","Indexierbar","","https://www.delst.de/de/news/studium-im-alter-ihre-chance-der-weiterbildung-ohne-abitur/","","index,follow","","","","",""
"https://www.delst.de/de/news/kennst-du-schon-laura-koch/","0","Indexierbar","","","","index,follow","","","","",""
"https://www.delst.de/de/news/kennst-du-schon-andreas-gloeckl/","0","Indexierbar","","","","index,follow","","","","",""
"https://www.delst.de/de/news/kaufmann-frau-im-e-commerce-jetzt-buchbar/","0","Indexierbar","","","","index,follow","","","","",""
"https://www.delst.de/de/news/selbstaendig-als-mobiler-reitlehrer/","0","Indexierbar","","","","index,follow","","","","",""
"https://www.delst.de/de/news/kennst-du-jennifer-safran/","1","Indexierbar","","https://www.delst.de/de/news/kennst-du-jennifer-safran/","","index,follow","","","","",""
"https://www.delst.de/de/lexikon/u/","1","Nicht indexierbar","Canonicalised","https://www.delst.de/de/lexikon/ueberbetriebliche-ausbildung/","","index,follow","","","","",""
"https://www.delst.de/de/lexikon/abs-asset-back-securities/","1","Indexierbar","","https://www.delst.de/de/lexikon/abs-asset-back-securities/","","index,follow","","","","",""
"https://www.delst.de/de/lexikon/q/","1","Nicht indexierbar","Canonicalised","https://www.delst.de/de/lexikon/q-sort/","","index,follow","","","","",""
"https://www.delst.de/de/lexikon/abwicklungsvertrag/","1","Indexierbar","","https://www.delst.de/de/lexikon/abwicklungsvertrag/","","index,follow","","","","",""
"https://www.delst.de/de/lexikon/m/","1","Nicht indexierbar","Canonicalised","https://www.delst.de/de/lexikon/ma/","","index,follow","","","","",""
"https://www.delst.de/de/lexikon/abzahlungsdarlehen/","1","Indexierbar","","https://www.delst.de/de/lexikon/abzahlungsdarlehen/","","index,follow","","","","",""
"https://www.delst.de/de/lexikon/i/","1","Nicht indexierbar","Canonicalised","https://www.delst.de/de/lexikon/iaf/","","index,follow","","","","",""
"https://www.delst.de/de/lexikon/d/","1","Nicht indexierbar","Canonicalised","https://www.delst.de/de/lexikon/dachmarke/","","index,follow","","","","",""
"https://www.delst.de/de/lexikon/abstraktionsprinzip/","1","Indexierbar","","https://www.delst.de/de/lexikon/abstraktionsprinzip/","","index,follow","","","","",""
"https://www.delst.de/de/lexikon/abschreibungen/","1","Indexierbar","","https://www.delst.de/de/lexikon/abschreibungen/","","index,follow","","","","",""
"https://www.delst.de/de/lexikon/abweichung-varianz/","1","Indexierbar","","https://www.delst.de/de/lexikon/abweichung-varianz/","","index,follow","","","","",""
"https://www.delst.de/de/lexikon/abc-analyse/","1","Indexierbar","","https://www.delst.de/de/lexikon/abc-analyse/","","index,follow","","","","",""
"https://www.delst.de/de/lexikon/absatzpotenzial/","1","Indexierbar","","https://www.delst.de/de/lexikon/absatzpotenzial/","","index,follow","","","","",""
"https://www.delst.de/de/lexikon/abmaß/","1","Indexierbar","","https://www.delst.de/de/lexikon/abmaß/","","index,follow","","","","",""
"https://www.delst.de/de/lexikon/absatzmittler/","1","Indexierbar","","https://www.delst.de/de/lexikon/absatzmittler/","","index,follow","","","","",""
"https://www.delst.de/de/lexikon/adrenalinausschuettung/","1","Indexierbar","","https://www.delst.de/de/lexikon/adrenalinausschuettung/","","index,follow","","","","",""
"https://www.delst.de/de/lexikon/abstraktes-modell/","1","Indexierbar","","https://www.delst.de/de/lexikon/abstraktes-modell/","","index,follow","","","","",""
"https://www.delst.de/de/lexikon/ablauforganisation/","1","Indexierbar","","https://www.delst.de/de/lexikon/ablauforganisation/","","index,follow","","","","",""
"https://www.delst.de/de/lexikon/after-sales-service/","1","Indexierbar","","https://www.delst.de/de/lexikon/after-sales-service/","","index,follow","","","","",""
"https://www.delst.de/de/lexikon/affiliate-link/","1","Indexierbar","","https://www.delst.de/de/lexikon/affiliate-link/","","index,follow","","","","",""
"https://www.delst.de/de/lexikon/y/","1","Nicht indexierbar","Canonicalised","https://www.delst.de/de/lexikon/y-cim-modell/","","index,follow","","","","",""
"https://www.delst.de/de/lexikon/aerogen/","1","Indexierbar","","https://www.delst.de/de/lexikon/aerogen/","","index,follow","","","","",""
"https://www.delst.de/de/lexikon/ad-extension/","1","Indexierbar","","https://www.delst.de/de/lexikon/ad-extension/","","index,follow","","","","",""
"https://www.delst.de/de/lexikon/account/","1","Indexierbar","","https://www.delst.de/de/lexikon/account/","","index,follow","","","","",""
"https://www.delst.de/de/lexikon/abszisse/","1","Indexierbar","","https://www.delst.de/de/lexikon/abszisse/","","index,follow","","","","",""
"https://www.delst.de/de/digitalisierung-unternehmen-digitale-arbeitswelt/sea-seo-manager-online-fernstudium/","1","Indexierbar","","https://www.delst.de/de/digitalisierung-unternehmen-digitale-arbeitswelt/sea-seo-manager-online-fernstudium/","","index,follow","","","","",""
"https://www.delst.de/de/lexikon/t/","1","Nicht indexierbar","Canonicalised","https://www.delst.de/de/lexikon/t-shirt-größen/","","index,follow","","","","",""
"https://www.delst.de/de/lexikon/absprungrate/","1","Indexierbar","","https://www.delst.de/de/lexikon/absprungrate/","","index,follow","","","","",""
"https://www.delst.de/de/lexikon/p/","1","Nicht indexierbar","Canonicalised","https://www.delst.de/de/lexikon/pacta-sunt-servanda/","","index,follow","","","","",""
"https://www.delst.de/de/lexikon/l/","1","Nicht indexierbar","Canonicalised","https://www.delst.de/de/lexikon/lafferkurve/","","index,follow","","","","",""
"https://www.delst.de/de/lexikon/above-the-line-massnahmen-atl/","1","Indexierbar","","https://www.delst.de/de/lexikon/above-the-line-massnahmen-atl/","","index,follow","","","","",""
"https://www.delst.de/de/lexikon/absatzvolumen/","1","Indexierbar","","https://www.delst.de/de/lexikon/absatzvolumen/","","index,follow","","","","",""
"https://www.delst.de/de/lexikon/h/","1","Nicht indexierbar","Canonicalised","https://www.delst.de/de/lexikon/haccp/","","index,follow","","","","",""
"https://www.delst.de/de/lexikon/advanced-planning-and-scheduling-aps/","1","Indexierbar","","https://www.delst.de/de/lexikon/advanced-planning-and-scheduling-aps/","","index,follow","","","","",""
"https://www.delst.de/de/lexikon/affinitätsschätzen/","1","Indexierbar","","https://www.delst.de/de/lexikon/affinitätsschätzen/","","index,follow","","","","",""
"https://www.delst.de/de/lexikon/abgeaenderte-annahme/","1","Indexierbar","","https://www.delst.de/de/lexikon/abgeaenderte-annahme/","","index,follow","","","","",""
"https://www.delst.de/de/lexikon/abstraktionsniveau/","1","Indexierbar","","https://www.delst.de/de/lexikon/abstraktionsniveau/","","index,follow","","","","",""
"https://www.delst.de/de/lexikon/c/","1","Nicht indexierbar","Canonicalised","https://www.delst.de/de/lexikon/c2c/","","index,follow","","","","",""
"https://www.delst.de/de/lexikon/adsense/","1","Indexierbar","","https://www.delst.de/de/lexikon/adsense/","","index,follow","","","","",""
"https://www.delst.de/de/lexikon/affility-marketing/","1","Indexierbar","","https://www.delst.de/de/lexikon/affility-marketing/","","index,follow","","","","",""
"https://www.delst.de/de/lexikon/affiliate/","1","Indexierbar","","https://www.delst.de/de/lexikon/affiliate/","","index,follow","","","","",""
"https://www.delst.de/de/lexikon/absoluter-marktanteil/","1","Indexierbar","","https://www.delst.de/de/lexikon/absoluter-marktanteil/","","index,follow","","","","",""
"https://www.delst.de/de/lexikon/x/","1","Nicht indexierbar","Canonicalised","https://www.delst.de/de/lexikon/xing-headhunter/","","index,follow","","","","",""
"https://www.delst.de/de/lexikon/adcell/","1","Indexierbar","","https://www.delst.de/de/lexikon/adcell/","","index,follow","","","","",""
"https://www.delst.de/de/lexikon/a-b-test/","1","Indexierbar","","https://www.delst.de/de/lexikon/a-b-test/","","index,follow","","","","",""
"https://www.delst.de/de/lexikon/affektiv/","1","Indexierbar","","https://www.delst.de/de/lexikon/affektiv/","","index,follow","","","","",""
"https://www.delst.de/de/lexikon/administrativ/","1","Indexierbar","","https://www.delst.de/de/lexikon/administrativ/","","index,follow","","","","",""
"https://www.delst.de/de/lexikon/s/","1","Nicht indexierbar","Canonicalised","https://www.delst.de/de/lexikon/s-o-r-modelle-des-kaeuferverhaltens/","","index,follow","","","","",""
"https://www.delst.de/de/lexikon/absatzhelfer/","1","Indexierbar","","https://www.delst.de/de/lexikon/absatzhelfer/","","index,follow","","","","",""
"https://www.delst.de/de/lexikon/o/","1","Nicht indexierbar","Canonicalised","https://www.delst.de/de/lexikon/oberste-leitung/","","index,follow","","","","",""
"https://www.delst.de/de/lexikon/k/","1","Nicht indexierbar","Canonicalised","https://www.delst.de/de/lexikon/kaizen/","","index,follow","","","","",""
"https://www.delst.de/de/lexikon/affinität/","1","Indexierbar","","https://www.delst.de/de/lexikon/affinität/","","index,follow","","","","",""
"https://www.delst.de/de/lexikon/g/","1","Nicht indexierbar","Canonicalised","https://www.delst.de/de/lexikon/gamification/","","index,follow","","","","",""
"https://www.delst.de/de/lexikon/f/","1","Nicht indexierbar","Canonicalised","https://www.delst.de/de/lexikon/f-b/","","index,follow","","","","",""
"https://www.delst.de/de/lexikon/abgaben/","1","Indexierbar","","https://www.delst.de/de/lexikon/abgaben/","","index,follow","","","","",""
"https://www.delst.de/de/lexikon/advanced-persistent-threats/","1","Indexierbar","","https://www.delst.de/de/lexikon/advanced-persistent-threats/","","index,follow","","","","",""
"https://www.delst.de/de/lexikon/affinity/","1","Indexierbar","","https://www.delst.de/de/lexikon/affinity/","","index,follow","","","","",""
"https://www.delst.de/de/lexikon/absolutheitsprinzip/","1","Indexierbar","","https://www.delst.de/de/lexikon/absolutheitsprinzip/","","index,follow","","","","",""
"https://www.delst.de/de/lexikon/abgabeordnung-ao/","1","Indexierbar","","https://www.delst.de/de/lexikon/abgabeordnung-ao/","","index,follow","","","","",""
"https://www.delst.de/de/lexikon/b/","1","Nicht indexierbar","Canonicalised","https://www.delst.de/de/lexikon/b2b/","","index,follow","","","","",""
"https://www.delst.de/de/lexikon/ablauf-einer-gewerbeanmeldung/","1","Indexierbar","","https://www.delst.de/de/lexikon/ablauf-einer-gewerbeanmeldung/","","index,follow","","","","",""
"https://www.delst.de/de/lexikon/w/","1","Nicht indexierbar","Canonicalised","https://www.delst.de/de/lexikon/wachstumstheorie/","","index,follow","","","","",""
"https://www.delst.de/de/lexikon/v/","1","Nicht indexierbar","Canonicalised","https://www.delst.de/de/lexikon/vakanz/","","index,follow","","","","",""
"https://www.delst.de/de/lexikon/absatzkanaele/","1","Indexierbar","","https://www.delst.de/de/lexikon/absatzkanaele/","","index,follow","","","","",""
"https://www.delst.de/de/lexikon/adware/","1","Indexierbar","","https://www.delst.de/de/lexikon/adware/","","index,follow","","","","",""
"https://www.delst.de/de/lexikon/r/","1","Nicht indexierbar","Canonicalised","https://www.delst.de/de/lexikon/rabattstaffel/","","index,follow","","","","",""
"https://www.delst.de/de/lexikon/n/","1","Nicht indexierbar","Canonicalised","https://www.delst.de/de/lexikon/nachfrage/","","index,follow","","","","",""
"https://www.delst.de/de/lexikon/aeuv/","1","Indexierbar","","https://www.delst.de/de/lexikon/aeuv/","","index,follow","","","","",""
"https://www.delst.de/de/lexikon/adaption/","1","Indexierbar","","https://www.delst.de/de/lexikon/adaption/","","index,follow","","","","",""
"https://www.delst.de/de/lexikon/j/","1","Nicht indexierbar","Canonicalised","https://www.delst.de/de/lexikon/jahresabschluss/","","index,follow","","","","",""
"https://www.delst.de/de/lexikon/e/","1","Nicht indexierbar","Canonicalised","https://www.delst.de/de/lexikon/e-business/","","index,follow","","","","",""
"https://www.delst.de/de/lexikon/active-sourcing/","1","Indexierbar","","https://www.delst.de/de/lexikon/active-sourcing/","","index,follow","","","","",""
"https://www.delst.de/de/lexikon/a/","1","Nicht indexierbar","Canonicalised","https://www.delst.de/de/lexikon/a-b-test/","","index,follow","","","","",""
"https://www.delst.de/de/lexikon/abschreibungsmethoden/","1","Indexierbar","","https://www.delst.de/de/lexikon/abschreibungsmethoden/","","index,follow","","","","",""
"https://www.delst.de/de/lexikon/z/","1","Nicht indexierbar","Canonicalised","https://www.delst.de/de/lexikon/zahlungsbilanz/","","index,follow","","","","",""
"https://www.delst.de/de/lexikon/absatzwerbung/","1","Indexierbar","","https://www.delst.de/de/lexikon/absatzwerbung/","","index,follow","","","","",""
"https://www.delst.de/de/news/tierheilpraktikerin-wird-futtermittelberaterin/","0","Indexierbar","","","","index,follow","","","","",""
"https://www.delst.de/de/news/e-learning-projektmanager-buchbar/","1","Indexierbar","","https://www.delst.de/de/news/e-learning-projektmanager-buchbar/","","index,follow","","","","",""
"https://www.delst.de/de/news/kennst-du-antje-lehmann-benz/","1","Indexierbar","","https://www.delst.de/de/news/kennst-du-antje-lehmann-benz/","","index,follow","","","","",""
"https://www.delst.de/de/news/kennst-du-alexander-toigo/","1","Indexierbar","","https://www.delst.de/de/news/kennst-du-alexander-toigo/","","index,follow","","","","",""
"https://www.delst.de/de/news/fernstudium-vs-praesenzstudium-welche-form-bevorzugen-arbeitgeber/","1","Indexierbar","","https://www.delst.de/de/news/fernstudium-vs-praesenzstudium-welche-form-bevorzugen-arbeitgeber/","","index,follow","","","","",""
"https://www.delst.de/de/news/traumjob-betriebswirt/","0","Indexierbar","","","","index,follow","","","","",""
"https://www.delst.de/de/news/erfolgsgeschichten-das-delst-sucht-eure-story/","1","Indexierbar","","https://www.delst.de/de/news/erfolgsgeschichten-das-delst-sucht-eure-story/","","index,follow","","","","",""
"https://www.delst.de/de/news/e-commerce-manager-jetzt-buchbar/","1","Indexierbar","","https://www.delst.de/de/news/e-commerce-manager-jetzt-buchbar/","","index,follow","","","","",""
"https://www.delst.de/de/news/kennst-du-sandra-leist/","1","Indexierbar","","https://www.delst.de/de/news/kennst-du-sandra-leist/","","index,follow","","","","",""
"https://www.delst.de/de/news/ausbildung-der-ausbilder-anpassung-an-die-moderne-arbeitswelt/","0","Indexierbar","","","","index,follow","","","","",""
"https://www.delst.de/de/news/fernstudientag-2023/","0","Indexierbar","","","","index,follow","","","","",""
"https://www.delst.de/de/news/leidenschaft-fuer-pferde/","0","Indexierbar","","","","index,follow","","","","",""
